Row ID,Order ID,Order Date,Ship Date,Ship Mode,Customer ID,Customer Name,Segment,Country,State,Region,Category,Sub-Category,Sales,Quantity,Discount,Profit
1,US-2025-00001,08/26/2025,09/01/2025,Standard Class,CU-0468,John Brown,Consumer,United States,California,West,Furniture,Tables,454.95,2,0.5,-152.18
2,US-2025-00001,08/26/2025,09/01/2025,Standard Class,CU-0468,John Brown,Consumer,United States,California,West,Technology,Copiers,3106.88,6,0.5,-105.67
3,US-2025-00001,08/26/2025,09/01/2025,Standard Class,CU-0468,John Brown,Consumer,United States,California,West,Furniture,Tables,1344.34,5,0.3,-315.73
4,US-2025-00001,08/26/2025,09/01/2025,Standard Class,CU-0468,John Brown,Consumer,United States,California,West,Office Supplies,Art,43.83,4,0.1,8.54
5,US-2024-00002,06/09/2024,06/12/2024,First Class,CU-0254,Ravi Patel,Corporate,United States,New York,East,Furniture,Tables,1930.09,5,0.1,-250.73
6,US-2024-00002,06/09/2024,06/12/2024,First Class,CU-0254,Ravi Patel,Corporate,United States,New York,East,Office Supplies,Labels,15.08,2,0.5,1.16
7,US-2024-00002,06/09/2024,06/11/2024,First Class,CU-0254,Ravi Patel,Corporate,United States,New York,East,Technology,Machines,2462.24,7,0.4,-454.33
8,US-2024-00002,06/09/2024,06/12/2024,First Class,CU-0254,Ravi Patel,Corporate,United States,New York,East,Office Supplies,Art,44.17,4,0.2,7.09
9,US-2023-00003,03/22/2023,03/27/2023,Standard Class,CU-0181,Ravi Smith,Consumer,United States,Pennsylvania,East,Furniture,Bookcases,1771.61,6,0.2,-164.78
10,US-2023-00003,03/22/2023,03/28/2023,Standard Class,CU-0181,Ravi Smith,Consumer,United States,Pennsylvania,East,Furniture,Tables,287.7,1,0.4,-87.42
11,US-2025-00004,02/04/2025,02/05/2025,Same Day,CU-0424,Aarav Lee,Consumer,United States,California,West,Furniture,Chairs,197.32,1,0.1,36.6
12,US-2025-00004,02/04/2025,02/04/2025,Same Day,CU-0424,Aarav Lee,Consumer,United States,California,West,Technology,Accessories,146.09,7,0.5,-0.49
13,US-2022-00005,12/31/2022,01/03/2023,Second Class,CU-0190,John Miller,Corporate,United States,Ohio,East,Furniture,Bookcases,1598.72,6,0.0,-15.67
14,US-2022-00005,12/31/2022,01/03/2023,Second Class,CU-0190,John Miller,Corporate,United States,Ohio,East,Furniture,Bookcases,1440.28,6,0.3,-256.09
15,US-2025-00006,12/30/2025,01/02/2026,Second Class,CU-0023,Ethan Lee,Consumer,United States,Texas,Central,Furniture,Furnishings,155.38,3,0.1,19.53
16,US-2022-00007,03/17/2022,03/20/2022,Second Class,CU-0259,Ethan Clark,Corporate,United States,Michigan,Central,Technology,Machines,3813.44,7,0.1,64.87
17,US-2022-00007,03/17/2022,03/21/2022,Second Class,CU-0259,Ethan Clark,Corporate,United States,Michigan,Central,Technology,Copiers,5646.4,6,0.0,2005.05
18,US-2024-00008,04/12/2024,04/17/2024,Standard Class,CU-0616,Olivia Garcia,Corporate,United States,Florida,South,Office Supplies,Paper,16.53,1,0.0,5.99
19,US-2024-00008,04/12/2024,04/17/2024,Standard Class,CU-0616,Olivia Garcia,Corporate,United States,Florida,South,Technology,Machines,858.29,3,0.3,-39.85
20,US-2022-00009,09/03/2022,09/06/2022,First Class,CU-0019,Emma Smith,Corporate,United States,California,West,Office Supplies,Storage,108.86,1,0.0,9.99
21,US-2022-00009,09/03/2022,09/06/2022,First Class,CU-0019,Emma Smith,Corporate,United States,California,West,Technology,Copiers,2117.1,2,0.0,741.39
22,US-2022-00009,09/03/2022,09/06/2022,First Class,CU-0019,Emma Smith,Corporate,United States,California,West,Technology,Accessories,147.59,3,0.0,32.89
23,US-2022-00009,09/03/2022,09/05/2022,First Class,CU-0019,Emma Smith,Corporate,United States,California,West,Technology,Machines,421.5,1,0.0,34.12
24,US-2022-00010,03/06/2022,03/06/2022,Same Day,CU-0577,Emma Patel,Home Office,United States,Washington,West,Furniture,Furnishings,153.65,5,0.5,-19.2
25,US-2022-00010,03/06/2022,03/06/2022,Same Day,CU-0577,Emma Patel,Home Office,United States,Washington,West,Technology,Machines,2472.86,4,0.0,-72.59
26,US-2022-00010,03/06/2022,03/07/2022,Same Day,CU-0577,Emma Patel,Home Office,United States,Washington,West,Office Supplies,Labels,42.03,3,0.0,15.0
27,US-2022-00010,03/06/2022,03/07/2022,Same Day,CU-0577,Emma Patel,Home Office,United States,Washington,West,Office Supplies,Labels,55.45,4,0.0,21.17
28,US-2024-00011,05/28/2024,06/03/2024,Standard Class,CU-0261,Ethan Miller,Consumer,United States,Pennsylvania,East,Furniture,Furnishings,174.72,3,0.2,8.29
29,US-2024-00011,05/28/2024,06/03/2024,Standard Class,CU-0261,Ethan Miller,Consumer,United States,Pennsylvania,East,Furniture,Chairs,861.64,4,0.1,4.3
30,US-2025-00012,05/17/2025,05/23/2025,Standard Class,CU-0047,Liam Garcia,Home Office,United States,New York,East,Technology,Machines,1328.97,5,0.4,-150.72
31,US-2025-00012,05/17/2025,05/22/2025,Standard Class,CU-0047,Liam Garcia,Home Office,United States,New York,East,Technology,Accessories,253.55,4,0.0,87.9
32,US-2025-00012,05/17/2025,05/22/2025,Standard Class,CU-0047,Liam Garcia,Home Office,United States,New York,East,Office Supplies,Storage,205.16,2,0.0,9.66
33,US-2023-00013,08/29/2023,09/03/2023,Standard Class,CU-0145,Priya Patel,Corporate,United States,Washington,West,Furniture,Bookcases,2016.42,7,0.0,-48.34
34,US-2024-00014,02/06/2024,02/09/2024,Second Class,CU-0251,Zoe Patel,Consumer,United States,New York,East,Furniture,Furnishings,371.86,7,0.3,-31.2
35,US-2024-00014,02/06/2024,02/10/2024,Second Class,CU-0251,Zoe Patel,Consumer,United States,New York,East,Furniture,Chairs,832.34,3,0.0,138.37
36,US-2025-00015,01/06/2025,01/06/2025,Same Day,CU-0073,Aarav Smith,Corporate,United States,Virginia,South,Office Supplies,Binders,25.02,1,0.0,4.78
37,US-2025-00015,01/06/2025,01/07/2025,Same Day,CU-0073,Aarav Smith,Corporate,United States,Virginia,South,Office Supplies,Labels,38.24,6,0.4,4.62
38,US-2025-00015,01/06/2025,01/07/2025,Same Day,CU-0073,Aarav Smith,Corporate,United States,Virginia,South,Office Supplies,Storage,728.85,7,0.1,44.72
39,US-2024-00016,05/03/2024,05/09/2024,Standard Class,CU-0330,Sara Brown,Home Office,United States,Washington,West,Technology,Phones,295.94,1,0.2,36.75
40,US-2024-00016,05/03/2024,05/09/2024,Standard Class,CU-0330,Sara Brown,Home Office,United States,Washington,West,Office Supplies,Storage,361.77,4,0.1,-16.42
41,US-2024-00017,12/02/2024,12/08/2024,Standard Class,CU-0275,Maya Miller,Corporate,United States,Florida,South,Office Supplies,Paper,90.35,4,0.0,33.3
42,US-2024-00017,12/02/2024,12/08/2024,Standard Class,CU-0275,Maya Miller,Corporate,United States,Florida,South,Technology,Accessories,197.86,4,0.0,44.69
43,US-2024-00017,12/02/2024,12/08/2024,Standard Class,CU-0275,Maya Miller,Corporate,United States,Florida,South,Technology,Machines,816.54,3,0.4,-157.17
44,US-2024-00017,12/02/2024,12/07/2024,Standard Class,CU-0275,Maya Miller,Corporate,United States,Florida,South,Office Supplies,Paper,84.94,7,0.5,13.38
45,US-2024-00018,09/03/2024,09/09/2024,Standard Class,CU-0695,Sara Miller,Consumer,United States,Washington,West,Furniture,Furnishings,457.59,7,0.0,54.92
46,US-2024-00018,09/03/2024,09/09/2024,Standard Class,CU-0695,Sara Miller,Consumer,United States,Washington,West,Technology,Machines,1626.53,4,0.0,-127.73
47,US-2024-00018,09/03/2024,09/09/2024,Standard Class,CU-0695,Sara Miller,Consumer,United States,Washington,West,Furniture,Tables,1652.61,4,0.0,-111.51
48,US-2024-00018,09/03/2024,09/09/2024,Standard Class,CU-0695,Sara Miller,Consumer,United States,Washington,West,Furniture,Furnishings,248.61,7,0.4,-15.29
49,US-2024-00019,09/08/2024,09/14/2024,Standard Class,CU-0113,Zoe Lee,Consumer,United States,Ohio,East,Office Supplies,Paper,107.67,7,0.4,13.15
50,US-2025-00020,09/21/2025,09/27/2025,Standard Class,CU-0416,Zoe Wilson,Corporate,United States,Virginia,South,Furniture,Tables,2498.12,6,0.0,-509.7
51,US-2024-00021,11/30/2024,12/06/2024,Standard Class,CU-0426,Ravi Miller,Home Office,United States,Georgia,South,Office Supplies,Binders,29.93,1,0.0,7.19
52,US-2024-00022,10/27/2024,11/01/2024,Standard Class,CU-0213,John Brown,Home Office,United States,Michigan,Central,Office Supplies,Storage,329.78,4,0.2,-12.54
53,US-2024-00022,10/27/2024,11/02/2024,Standard Class,CU-0213,John Brown,Home Office,United States,Michigan,Central,Furniture,Tables,443.74,1,0.0,-14.03
54,US-2024-00022,10/27/2024,11/01/2024,Standard Class,CU-0213,John Brown,Home Office,United States,Michigan,Central,Office Supplies,Labels,16.7,2,0.2,3.27
55,US-2024-00022,10/27/2024,11/01/2024,Standard Class,CU-0213,John Brown,Home Office,United States,Michigan,Central,Furniture,Chairs,573.15,2,0.1,37.6
56,US-2025-00023,11/23/2025,11/25/2025,First Class,CU-0172,Priya Clark,Consumer,United States,Washington,West,Technology,Copiers,821.76,1,0.1,260.46
57,US-2025-00023,11/23/2025,11/25/2025,First Class,CU-0172,Priya Clark,Consumer,United States,Washington,West,Office Supplies,Paper,125.38,7,0.3,24.87
58,US-2025-00023,11/23/2025,11/26/2025,First Class,CU-0172,Priya Clark,Consumer,United States,Washington,West,Office Supplies,Paper,75.09,3,0.0,32.15
59,US-2025-00024,05/07/2025,05/10/2025,First Class,CU-0639,Sara Khan,Consumer,United States,California,West,Technology,Phones,160.12,1,0.5,-23.3
60,US-2023-00025,08/03/2023,08/03/2023,Same Day,CU-0555,John Khan,Corporate,United States,Ohio,East,Furniture,Tables,1431.49,4,0.0,-195.18
61,US-2022-00026,05/18/2022,05/21/2022,First Class,CU-0472,Priya Khan,Home Office,United States,Florida,South,Furniture,Furnishings,109.9,3,0.5,-13.87
62,US-2022-00026,05/18/2022,05/21/2022,First Class,CU-0472,Priya Khan,Home Office,United States,Florida,South,Technology,Accessories,107.17,4,0.5,5.22
63,US-2022-00026,05/18/2022,05/20/2022,First Class,CU-0472,Priya Khan,Home Office,United States,Florida,South,Office Supplies,Art,56.24,4,0.1,10.5
64,US-2023-00027,06/12/2023,06/17/2023,Standard Class,CU-0137,Zoe Smith,Consumer,United States,New York,East,Office Supplies,Art,15.35,2,0.5,0.75
65,US-2022-00028,02/21/2022,02/21/2022,Same Day,CU-0221,John Davis,Consumer,United States,Oregon,West,Technology,Phones,793.41,5,0.5,-155.1
66,US-2022-00029,12/12/2022,12/18/2022,Standard Class,CU-0395,Ravi Garcia,Corporate,United States,Washington,West,Furniture,Chairs,406.61,3,0.5,-57.91
67,US-2024-00030,07/02/2024,07/05/2024,Second Class,CU-0558,Noah Brown,Home Office,United States,Washington,West,Office Supplies,Labels,15.29,1,0.0,5.46
68,US-2024-00030,07/02/2024,07/05/2024,Second Class,CU-0558,Noah Brown,Home Office,United States,Washington,West,Furniture,Tables,1221.93,4,0.4,-379.85
69,US-2024-00030,07/02/2024,07/05/2024,Second Class,CU-0558,Noah Brown,Home Office,United States,Washington,West,Furniture,Bookcases,1337.11,5,0.0,38.86
70,US-2024-00030,07/02/2024,07/06/2024,Second Class,CU-0558,Noah Brown,Home Office,United States,Washington,West,Technology,Phones,658.31,4,0.4,-21.54
71,US-2024-00031,11/10/2024,11/15/2024,Standard Class,CU-0656,Ravi Lee,Corporate,United States,Florida,South,Office Supplies,Storage,189.74,4,0.5,-61.24
72,US-2024-00031,11/10/2024,11/16/2024,Standard Class,CU-0656,Ravi Lee,Corporate,United States,Florida,South,Furniture,Tables,2618.21,7,0.1,-306.25
73,US-2024-00031,11/10/2024,11/15/2024,Standard Class,CU-0656,Ravi Lee,Corporate,United States,Florida,South,Office Supplies,Paper,35.8,2,0.2,14.55
74,US-2022-00032,01/26/2022,02/01/2022,Standard Class,CU-0329,Olivia Miller,Corporate,United States,Ohio,East,Furniture,Furnishings,283.27,6,0.3,16.53
75,US-2022-00032,01/26/2022,01/31/2022,Standard Class,CU-0329,Olivia Miller,Corporate,United States,Ohio,East,Office Supplies,Art,77.37,6,0.3,13.48
76,US-2022-00032,01/26/2022,01/31/2022,Standard Class,CU-0329,Olivia Miller,Corporate,United States,Ohio,East,Office Supplies,Art,67.22,5,0.3,7.26
77,US-2024-00033,07/07/2024,07/10/2024,Second Class,CU-0569,Zoe Wilson,Home Office,United States,Pennsylvania,East,Office Supplies,Storage,211.07,2,0.0,32.98
78,US-2024-00033,07/07/2024,07/11/2024,Second Class,CU-0569,Zoe Wilson,Home Office,United States,Pennsylvania,East,Office Supplies,Art,17.6,2,0.5,-0.58
79,US-2022-00034,06/11/2022,06/16/2022,Standard Class,CU-0070,Zoe Brown,Home Office,United States,Virginia,South,Office Supplies,Paper,21.29,2,0.5,3.01
80,US-2024-00035,10/30/2024,11/05/2024,Standard Class,CU-0586,Sara Lee,Corporate,United States,Oregon,West,Technology,Phones,562.03,2,0.0,83.67
81,US-2024-00035,10/30/2024,11/04/2024,Standard Class,CU-0586,Sara Lee,Corporate,United States,Oregon,West,Office Supplies,Labels,45.09,5,0.1,16.28
82,US-2024-00036,04/29/2024,05/04/2024,Standard Class,CU-0524,Zoe Smith,Corporate,United States,Oregon,West,Technology,Accessories,98.04,2,0.0,23.47
83,US-2024-00036,04/29/2024,05/04/2024,Standard Class,CU-0524,Zoe Smith,Corporate,United States,Oregon,West,Office Supplies,Paper,77.32,7,0.4,21.64
84,US-2023-00037,02/03/2023,02/08/2023,Standard Class,CU-0256,Priya Miller,Corporate,United States,California,West,Technology,Accessories,110.16,4,0.4,-0.63
85,US-2023-00037,02/03/2023,02/09/2023,Standard Class,CU-0256,Priya Miller,Corporate,United States,California,West,Office Supplies,Art,74.02,5,0.2,0.19
86,US-2023-00038,10/06/2023,10/09/2023,Second Class,CU-0623,Maya Davis,Consumer,United States,Virginia,South,Office Supplies,Art,9.69,1,0.2,1.66
87,US-2023-00038,10/06/2023,10/10/2023,Second Class,CU-0623,Maya Davis,Consumer,United States,Virginia,South,Office Supplies,Storage,468.32,6,0.2,-31.96
88,US-2022-00039,06/08/2022,06/10/2022,First Class,CU-0500,Priya Garcia,Home Office,United States,California,West,Technology,Machines,309.11,1,0.5,-62.75
89,US-2022-00039,06/08/2022,06/11/2022,First Class,CU-0500,Priya Garcia,Home Office,United States,California,West,Office Supplies,Art,23.17,2,0.3,-0.09
90,US-2022-00039,06/08/2022,06/11/2022,First Class,CU-0500,Priya Garcia,Home Office,United States,California,West,Technology,Copiers,1706.67,2,0.0,463.61
91,US-2022-00039,06/08/2022,06/11/2022,First Class,CU-0500,Priya Garcia,Home Office,United States,California,West,Furniture,Bookcases,2103.02,7,0.0,-24.01
92,US-2024-00040,09/06/2024,09/09/2024,First Class,CU-0135,Sara Clark,Corporate,United States,Texas,Central,Furniture,Furnishings,365.41,7,0.0,33.86
93,US-2024-00040,09/06/2024,09/08/2024,First Class,CU-0135,Sara Clark,Corporate,United States,Texas,Central,Office Supplies,Paper,28.14,3,0.5,3.75
94,US-2024-00040,09/06/2024,09/09/2024,First Class,CU-0135,Sara Clark,Corporate,United States,Texas,Central,Office Supplies,Labels,26.68,4,0.4,5.26
95,US-2024-00040,09/06/2024,09/09/2024,First Class,CU-0135,Sara Clark,Corporate,United States,Texas,Central,Office Supplies,Paper,146.11,6,0.0,58.66
96,US-2024-00041,04/13/2024,04/18/2024,Standard Class,CU-0255,Zoe Clark,Corporate,United States,Virginia,South,Technology,Copiers,6506.84,6,0.0,2238.56
97,US-2024-00042,12/26/2024,01/01/2025,Standard Class,CU-0110,Aarav Patel,Corporate,United States,New York,East,Office Supplies,Storage,336.87,6,0.4,-43.35
98,US-2024-00043,10/04/2024,10/10/2024,Standard Class,CU-0094,Aarav Brown,Corporate,United States,Florida,South,Furniture,Furnishings,271.34,7,0.3,-4.82
99,US-2024-00043,10/04/2024,10/09/2024,Standard Class,CU-0094,Aarav Brown,Corporate,United States,Florida,South,Furniture,Tables,1440.45,4,0.0,-17.42
100,US-2022-00044,12/14/2022,12/16/2022,First Class,CU-0203,Sara Khan,Home Office,United States,Oregon,West,Technology,Copiers,1686.72,2,0.0,596.98
101,US-2022-00044,12/14/2022,12/17/2022,First Class,CU-0203,Sara Khan,Home Office,United States,Oregon,West,Furniture,Furnishings,420.43,7,0.0,25.71
102,US-2022-00044,12/14/2022,12/17/2022,First Class,CU-0203,Sara Khan,Home Office,United States,Oregon,West,Office Supplies,Paper,10.57,1,0.4,2.31
103,US-2022-00045,08/23/2022,08/26/2022,First Class,CU-0148,Sara Patel,Corporate,United States,Ohio,East,Technology,Phones,297.1,2,0.4,-38.92
104,US-2022-00046,05/25/2022,05/30/2022,Standard Class,CU-0434,Aarav Davis,Corporate,United States,Michigan,Central,Technology,Phones,1222.4,7,0.5,-152.29
105,US-2022-00047,10/01/2022,10/03/2022,First Class,CU-0370,Ethan Clark,Consumer,United States,Virginia,South,Technology,Copiers,1159.54,3,0.5,90.06
106,US-2024-00048,09/08/2024,09/14/2024,Standard Class,CU-0354,Sara Davis,Home Office,United States,Illinois,Central,Technology,Machines,1939.06,7,0.4,-405.81
107,US-2024-00048,09/08/2024,09/13/2024,Standard Class,CU-0354,Sara Davis,Home Office,United States,Illinois,Central,Furniture,Bookcases,482.9,3,0.4,-139.07
108,US-2024-00048,09/08/2024,09/13/2024,Standard Class,CU-0354,Sara Davis,Home Office,United States,Illinois,Central,Technology,Machines,4070.09,7,0.1,-122.64
109,US-2024-00048,09/08/2024,09/14/2024,Standard Class,CU-0354,Sara Davis,Home Office,United States,Illinois,Central,Office Supplies,Storage,232.8,2,0.0,25.89
110,US-2025-00049,07/02/2025,07/07/2025,Standard Class,CU-0069,Emma Brown,Home Office,United States,Pennsylvania,East,Office Supplies,Labels,89.41,6,0.0,34.75
111,US-2025-00049,07/02/2025,07/08/2025,Standard Class,CU-0069,Emma Brown,Home Office,United States,Pennsylvania,East,Office Supplies,Paper,56.46,5,0.5,6.27
112,US-2025-00049,07/02/2025,07/07/2025,Standard Class,CU-0069,Emma Brown,Home Office,United States,Pennsylvania,East,Office Supplies,Paper,55.49,3,0.2,19.5
113,US-2025-00049,07/02/2025,07/07/2025,Standard Class,CU-0069,Emma Brown,Home Office,United States,Pennsylvania,East,Furniture,Tables,887.44,3,0.4,-272.51
114,US-2023-00050,08/31/2023,09/04/2023,Second Class,CU-0662,Priya Miller,Home Office,United States,Florida,South,Furniture,Bookcases,1724.36,7,0.3,-357.72
115,US-2023-00050,08/31/2023,09/03/2023,Second Class,CU-0662,Priya Miller,Home Office,United States,Florida,South,Office Supplies,Storage,642.4,6,0.0,8.42
116,US-2023-00050,08/31/2023,09/04/2023,Second Class,CU-0662,Priya Miller,Home Office,United States,Florida,South,Furniture,Tables,3234.02,7,0.0,-634.74
117,US-2025-00051,09/16/2025,09/22/2025,Standard Class,CU-0373,Zoe Khan,Home Office,United States,Washington,West,Office Supplies,Paper,29.86,2,0.4,1.98
118,US-2025-00052,11/19/2025,11/19/2025,Same Day,CU-0406,Maya Khan,Home Office,United States,California,West,Technology,Copiers,3651.79,7,0.4,230.36
119,US-2022-00053,07/14/2022,07/20/2022,Standard Class,CU-0064,Sara Miller,Corporate,United States,California,West,Technology,Phones,207.91,1,0.2,2.81
120,US-2022-00054,05/05/2022,05/07/2022,First Class,CU-0543,Noah Khan,Corporate,United States,Washington,West,Office Supplies,Storage,374.67,4,0.1,33.99
121,US-2022-00054,05/05/2022,05/07/2022,First Class,CU-0543,Noah Khan,Corporate,United States,Washington,West,Furniture,Tables,637.1,3,0.4,-187.58
122,US-2022-00055,08/13/2022,08/18/2022,Standard Class,CU-0529,Olivia Lee,Home Office,United States,Oregon,West,Technology,Copiers,7737.69,7,0.0,2829.6
123,US-2022-00055,08/13/2022,08/19/2022,Standard Class,CU-0529,Olivia Lee,Home Office,United States,Oregon,West,Furniture,Furnishings,96.13,2,0.3,-4.6
124,US-2022-00055,08/13/2022,08/18/2022,Standard Class,CU-0529,Olivia Lee,Home Office,United States,Oregon,West,Technology,Copiers,2041.02,3,0.2,664.35
125,US-2022-00055,08/13/2022,08/19/2022,Standard Class,CU-0529,Olivia Lee,Home Office,United States,Oregon,West,Office Supplies,Binders,108.44,5,0.0,19.64
126,US-2024-00056,03/27/2024,04/01/2024,Standard Class,CU-0478,John Patel,Corporate,United States,Texas,Central,Office Supplies,Storage,82.01,1,0.0,19.72
127,US-2025-00057,01/30/2025,02/05/2025,Standard Class,CU-0166,Liam Patel,Corporate,United States,Virginia,South,Technology,Machines,2099.19,4,0.0,94.14
128,US-2025-00058,09/19/2025,09/22/2025,Second Class,CU-0345,Ravi Lee,Consumer,United States,Georgia,South,Technology,Phones,222.15,1,0.3,-14.26
129,US-2025-00058,09/19/2025,09/23/2025,Second Class,CU-0345,Ravi Lee,Consumer,United States,Georgia,South,Office Supplies,Storage,325.76,7,0.5,-82.94
130,US-2025-00058,09/19/2025,09/22/2025,Second Class,CU-0345,Ravi Lee,Consumer,United States,Georgia,South,Furniture,Tables,542.46,2,0.2,-95.64
131,US-2025-00058,09/19/2025,09/23/2025,Second Class,CU-0345,Ravi Lee,Consumer,United States,Georgia,South,Office Supplies,Art,87.5,5,0.0,20.44
132,US-2022-00059,08/14/2022,08/17/2022,Second Class,CU-0074,Ethan Patel,Corporate,United States,Virginia,South,Furniture,Tables,1210.44,3,0.1,-157.82
133,US-2022-00060,12/03/2022,12/06/2022,Second Class,CU-0175,John Wilson,Consumer,United States,Virginia,South,Office Supplies,Labels,93.56,6,0.0,38.7
134,US-2022-00060,12/03/2022,12/07/2022,Second Class,CU-0175,John Wilson,Consumer,United States,Virginia,South,Furniture,Bookcases,392.84,2,0.4,-60.25
135,US-2022-00060,12/03/2022,12/06/2022,Second Class,CU-0175,John Wilson,Consumer,United States,Virginia,South,Furniture,Bookcases,1209.07,6,0.4,-195.31
136,US-2022-00061,10/25/2022,10/31/2022,Standard Class,CU-0266,Sara Clark,Corporate,United States,Michigan,Central,Technology,Accessories,129.28,4,0.5,-4.7
137,US-2022-00061,10/25/2022,10/31/2022,Standard Class,CU-0266,Sara Clark,Corporate,United States,Michigan,Central,Technology,Machines,672.3,2,0.3,-71.31
138,US-2022-00061,10/25/2022,10/31/2022,Standard Class,CU-0266,Sara Clark,Corporate,United States,Michigan,Central,Furniture,Bookcases,905.85,3,0.1,35.25
139,US-2022-00061,10/25/2022,10/30/2022,Standard Class,CU-0266,Sara Clark,Corporate,United States,Michigan,Central,Office Supplies,Storage,209.86,3,0.1,-6.27
140,US-2025-00062,12/09/2025,12/12/2025,Second Class,CU-0313,Maya Patel,Corporate,United States,California,West,Office Supplies,Binders,23.95,1,0.0,5.55
141,US-2025-00062,12/09/2025,12/13/2025,Second Class,CU-0313,Maya Patel,Corporate,United States,California,West,Technology,Accessories,41.62,1,0.0,8.97
142,US-2025-00062,12/09/2025,12/13/2025,Second Class,CU-0313,Maya Patel,Corporate,United States,California,West,Furniture,Chairs,1053.24,6,0.2,23.99
143,US-2025-00062,12/09/2025,12/12/2025,Second Class,CU-0313,Maya Patel,Corporate,United States,California,West,Technology,Accessories,100.31,4,0.4,4.46
144,US-2022-00063,01/17/2022,01/22/2022,Standard Class,CU-0384,Ethan Lee,Corporate,United States,Washington,West,Technology,Phones,1135.76,6,0.3,-52.03
145,US-2022-00063,01/17/2022,01/22/2022,Standard Class,CU-0384,Ethan Lee,Corporate,United States,Washington,West,Office Supplies,Labels,70.36,7,0.2,26.77
146,US-2022-00063,01/17/2022,01/22/2022,Standard Class,CU-0384,Ethan Lee,Corporate,United States,Washington,West,Technology,Accessories,273.66,6,0.0,87.87
147,US-2022-00063,01/17/2022,01/23/2022,Standard Class,CU-0384,Ethan Lee,Corporate,United States,Washington,West,Technology,Accessories,40.78,1,0.2,3.54
148,US-2024-00064,07/11/2024,07/14/2024,Second Class,CU-0544,Maya Khan,Home Office,United States,Michigan,Central,Furniture,Furnishings,185.09,4,0.3,-5.24
149,US-2025-00065,06/16/2025,06/21/2025,Standard Class,CU-0157,John Clark,Home Office,United States,Illinois,Central,Furniture,Chairs,1704.84,6,0.1,128.11
150,US-2024-00066,02/17/2024,02/18/2024,Same Day,CU-0013,Ethan Wilson,Consumer,United States,Ohio,East,Furniture,Furnishings,462.64,6,0.0,51.34
151,US-2024-00066,02/17/2024,02/18/2024,Same Day,CU-0013,Ethan Wilson,Consumer,United States,Ohio,East,Furniture,Bookcases,151.03,1,0.4,-21.22
152,US-2024-00066,02/17/2024,02/17/2024,Same Day,CU-0013,Ethan Wilson,Consumer,United States,Ohio,East,Office Supplies,Storage,234.56,3,0.2,-19.54
153,US-2024-00067,10/31/2024,11/03/2024,First Class,CU-0053,Maya Khan,Corporate,United States,Michigan,Central,Office Supplies,Art,28.68,4,0.5,-2.18
154,US-2024-00067,10/31/2024,11/03/2024,First Class,CU-0053,Maya Khan,Corporate,United States,Michigan,Central,Furniture,Tables,1064.88,3,0.0,-106.68
155,US-2024-00067,10/31/2024,11/03/2024,First Class,CU-0053,Maya Khan,Corporate,United States,Michigan,Central,Technology,Copiers,2450.58,6,0.5,179.71
156,US-2022-00068,10/19/2022,10/23/2022,Second Class,CU-0597,Emma Davis,Corporate,United States,Florida,South,Technology,Phones,481.51,2,0.3,-16.36
157,US-2022-00068,10/19/2022,10/22/2022,Second Class,CU-0597,Emma Davis,Corporate,United States,Florida,South,Office Supplies,Binders,198.99,7,0.0,35.11
158,US-2023-00069,11/25/2023,12/01/2023,Standard Class,CU-0529,Olivia Lee,Home Office,United States,Florida,South,Furniture,Furnishings,114.48,3,0.4,-2.82
159,US-2023-00069,11/25/2023,12/01/2023,Standard Class,CU-0529,Olivia Lee,Home Office,United States,Florida,South,Technology,Accessories,214.49,5,0.0,46.75
160,US-2023-00070,02/17/2023,02/20/2023,Second Class,CU-0100,Emma Brown,Consumer,United States,New York,East,Furniture,Bookcases,782.9,3,0.0,46.84
161,US-2024-00071,03/01/2024,03/06/2024,Standard Class,CU-0366,Aarav Wilson,Home Office,United States,New York,East,Office Supplies,Paper,40.52,3,0.4,7.73
162,US-2024-00071,03/01/2024,03/06/2024,Standard Class,CU-0366,Aarav Wilson,Home Office,United States,New York,East,Office Supplies,Paper,55.53,3,0.1,17.6
163,US-2024-00071,03/01/2024,03/06/2024,Standard Class,CU-0366,Aarav Wilson,Home Office,United States,New York,East,Office Supplies,Labels,52.64,4,0.0,21.58
164,US-2025-00072,01/09/2025,01/15/2025,Standard Class,CU-0242,Maya Davis,Consumer,United States,Georgia,South,Technology,Machines,1419.49,7,0.5,-341.54
165,US-2025-00073,08/12/2025,08/15/2025,Second Class,CU-0200,Priya Miller,Corporate,United States,Virginia,South,Technology,Machines,2874.11,7,0.0,148.59
166,US-2025-00073,08/12/2025,08/15/2025,Second Class,CU-0200,Priya Miller,Corporate,United States,Virginia,South,Office Supplies,Binders,12.1,1,0.5,-0.72
167,US-2023-00074,10/23/2023,10/29/2023,Standard Class,CU-0073,Aarav Smith,Corporate,United States,Georgia,South,Furniture,Furnishings,62.25,1,0.0,9.83
168,US-2023-00074,10/23/2023,10/29/2023,Standard Class,CU-0073,Aarav Smith,Corporate,United States,Georgia,South,Office Supplies,Binders,25.3,1,0.0,5.58
169,US-2025-00075,12/12/2025,12/18/2025,Standard Class,CU-0680,Aarav Clark,Corporate,United States,Florida,South,Technology,Phones,1014.92,4,0.1,106.84
170,US-2025-00075,12/12/2025,12/17/2025,Standard Class,CU-0680,Aarav Clark,Corporate,United States,Florida,South,Furniture,Bookcases,772.96,2,0.0,40.95
171,US-2025-00075,12/12/2025,12/18/2025,Standard Class,CU-0680,Aarav Clark,Corporate,United States,Florida,South,Furniture,Tables,756.08,3,0.3,-147.57
172,US-2024-00076,01/11/2024,01/16/2024,Standard Class,CU-0473,Olivia Garcia,Home Office,United States,New York,East,Office Supplies,Paper,86.79,6,0.3,16.08
173,US-2024-00076,01/11/2024,01/17/2024,Standard Class,CU-0473,Olivia Garcia,Home Office,United States,New York,East,Furniture,Bookcases,136.04,1,0.5,-42.33
174,US-2022-00077,02/26/2022,03/03/2022,Standard Class,CU-0396,Sara Patel,Corporate,United States,Pennsylvania,East,Technology,Copiers,1401.91,3,0.4,147.7
175,US-2024-00078,06/04/2024,06/05/2024,Same Day,CU-0106,Olivia Davis,Home Office,United States,Illinois,Central,Office Supplies,Paper,14.1,1,0.2,3.87
176,US-2024-00078,06/04/2024,06/05/2024,Same Day,CU-0106,Olivia Davis,Home Office,United States,Illinois,Central,Furniture,Tables,1614.12,5,0.0,-144.95
177,US-2024-00078,06/04/2024,06/05/2024,Same Day,CU-0106,Olivia Davis,Home Office,United States,Illinois,Central,Furniture,Chairs,1281.19,6,0.0,111.36
178,US-2022-00079,02/17/2022,02/23/2022,Standard Class,CU-0247,Ravi Wilson,Home Office,United States,New York,East,Office Supplies,Paper,58.17,3,0.0,24.45
179,US-2022-00080,02/06/2022,02/06/2022,Same Day,CU-0159,Olivia Davis,Home Office,United States,California,West,Office Supplies,Labels,60.6,6,0.2,15.67
180,US-2022-00080,02/06/2022,02/07/2022,Same Day,CU-0159,Olivia Davis,Home Office,United States,California,West,Technology,Phones,1979.86,6,0.1,269.14
181,US-2022-00080,02/06/2022,02/06/2022,Same Day,CU-0159,Olivia Davis,Home Office,United States,California,West,Furniture,Furnishings,433.15,6,0.0,47.55
182,US-2022-00080,02/06/2022,02/06/2022,Same Day,CU-0159,Olivia Davis,Home Office,United States,California,West,Furniture,Furnishings,497.72,7,0.0,56.89
183,US-2022-00081,07/14/2022,07/17/2022,Second Class,CU-0024,Emma Davis,Consumer,United States,Michigan,Central,Office Supplies,Storage,275.06,6,0.4,-27.64
184,US-2022-00081,07/14/2022,07/18/2022,Second Class,CU-0024,Emma Davis,Consumer,United States,Michigan,Central,Technology,Phones,1228.93,4,0.0,214.41
185,US-2022-00081,07/14/2022,07/18/2022,Second Class,CU-0024,Emma Davis,Consumer,United States,Michigan,Central,Office Supplies,Binders,98.19,7,0.4,3.79
186,US-2022-00081,07/14/2022,07/17/2022,Second Class,CU-0024,Emma Davis,Consumer,United States,Michigan,Central,Technology,Accessories,47.31,1,0.1,9.39
187,US-2024-00082,01/04/2024,01/09/2024,Standard Class,CU-0035,Priya Smith,Home Office,United States,Oregon,West,Office Supplies,Storage,763.53,7,0.0,165.6
188,US-2024-00082,01/04/2024,01/09/2024,Standard Class,CU-0035,Priya Smith,Home Office,United States,Oregon,West,Technology,Accessories,426.67,7,0.0,111.98
189,US-2024-00083,03/26/2024,04/01/2024,Standard Class,CU-0119,Zoe Clark,Consumer,United States,Oregon,West,Furniture,Chairs,1500.79,7,0.0,96.09
190,US-2024-00083,03/26/2024,04/01/2024,Standard Class,CU-0119,Zoe Clark,Consumer,United States,Oregon,West,Furniture,Chairs,329.68,2,0.4,-45.57
191,US-2024-00084,01/18/2024,01/23/2024,Standard Class,CU-0207,Aarav Patel,Corporate,United States,New York,East,Office Supplies,Labels,29.94,2,0.0,12.47
192,US-2024-00084,01/18/2024,01/23/2024,Standard Class,CU-0207,Aarav Patel,Corporate,United States,New York,East,Office Supplies,Paper,110.3,6,0.1,32.85
193,US-2024-00084,01/18/2024,01/24/2024,Standard Class,CU-0207,Aarav Patel,Corporate,United States,New York,East,Technology,Machines,924.91,3,0.4,-146.44
194,US-2025-00085,09/08/2025,09/11/2025,First Class,CU-0645,Ethan Clark,Consumer,United States,Oregon,West,Office Supplies,Labels,34.46,3,0.0,11.93
195,US-2023-00086,08/31/2023,09/05/2023,Standard Class,CU-0216,Sara Garcia,Corporate,United States,Washington,West,Office Supplies,Art,62.52,5,0.0,14.46
196,US-2023-00086,08/31/2023,09/06/2023,Standard Class,CU-0216,Sara Garcia,Corporate,United States,Washington,West,Office Supplies,Storage,228.69,5,0.4,-47.34
197,US-2023-00086,08/31/2023,09/06/2023,Standard Class,CU-0216,Sara Garcia,Corporate,United States,Washington,West,Office Supplies,Labels,62.51,6,0.0,31.29
198,US-2023-00086,08/31/2023,09/05/2023,Standard Class,CU-0216,Sara Garcia,Corporate,United States,Washington,West,Office Supplies,Storage,201.77,3,0.1,9.45
199,US-2024-00087,08/28/2024,09/03/2024,Standard Class,CU-0271,Aarav Wilson,Home Office,United States,California,West,Office Supplies,Paper,40.85,3,0.3,9.24
200,US-2024-00087,08/28/2024,09/02/2024,Standard Class,CU-0271,Aarav Wilson,Home Office,United States,California,West,Furniture,Tables,437.5,2,0.5,-161.75
201,US-2025-00088,08/21/2025,08/26/2025,Standard Class,CU-0639,Sara Khan,Consumer,United States,Georgia,South,Technology,Copiers,6285.71,6,0.1,2413.18
202,US-2024-00089,03/31/2024,04/05/2024,Standard Class,CU-0022,Zoe Garcia,Consumer,United States,Oregon,West,Furniture,Bookcases,1296.41,5,0.3,-237.78
203,US-2024-00089,03/31/2024,04/05/2024,Standard Class,CU-0022,Zoe Garcia,Consumer,United States,Oregon,West,Technology,Copiers,6666.45,6,0.0,2383.56
204,US-2024-00089,03/31/2024,04/05/2024,Standard Class,CU-0022,Zoe Garcia,Consumer,United States,Oregon,West,Technology,Phones,1550.02,6,0.3,14.34
205,US-2024-00089,03/31/2024,04/05/2024,Standard Class,CU-0022,Zoe Garcia,Consumer,United States,Oregon,West,Furniture,Furnishings,207.34,3,0.0,20.28
206,US-2023-00090,12/24/2023,12/30/2023,Standard Class,CU-0622,Liam Wilson,Corporate,United States,Michigan,Central,Furniture,Chairs,1615.73,7,0.2,59.99
207,US-2023-00090,12/24/2023,12/30/2023,Standard Class,CU-0622,Liam Wilson,Corporate,United States,Michigan,Central,Office Supplies,Paper,11.48,1,0.3,2.27
208,US-2022-00091,01/08/2022,01/12/2022,Second Class,CU-0669,Priya Patel,Corporate,United States,Michigan,Central,Furniture,Tables,2628.42,7,0.1,-510.24
209,US-2022-00091,01/08/2022,01/12/2022,Second Class,CU-0669,Priya Patel,Corporate,United States,Michigan,Central,Office Supplies,Storage,276.97,4,0.3,-50.92
210,US-2022-00091,01/08/2022,01/11/2022,Second Class,CU-0669,Priya Patel,Corporate,United States,Michigan,Central,Technology,Phones,297.7,1,0.0,51.76
211,US-2022-00091,01/08/2022,01/11/2022,Second Class,CU-0669,Priya Patel,Corporate,United States,Michigan,Central,Furniture,Tables,567.38,2,0.4,-183.14
212,US-2025-00092,05/15/2025,05/20/2025,Standard Class,CU-0023,Ethan Lee,Consumer,United States,Florida,South,Furniture,Tables,1034.41,2,0.0,14.8
213,US-2025-00092,05/15/2025,05/20/2025,Standard Class,CU-0023,Ethan Lee,Consumer,United States,Florida,South,Furniture,Bookcases,1510.56,6,0.2,-134.94
214,US-2025-00092,05/15/2025,05/21/2025,Standard Class,CU-0023,Ethan Lee,Consumer,United States,Florida,South,Technology,Accessories,50.71,1,0.0,14.45
215,US-2025-00093,04/30/2025,05/05/2025,Standard Class,CU-0259,Ethan Clark,Corporate,United States,Illinois,Central,Furniture,Bookcases,174.59,1,0.5,-34.35
216,US-2025-00093,04/30/2025,05/05/2025,Standard Class,CU-0259,Ethan Clark,Corporate,United States,Illinois,Central,Furniture,Chairs,923.46,5,0.4,-134.24
217,US-2022-00094,02/04/2022,02/09/2022,Standard Class,CU-0622,Liam Wilson,Corporate,United States,Washington,West,Office Supplies,Storage,109.42,2,0.4,-2.54
218,US-2022-00094,02/04/2022,02/10/2022,Standard Class,CU-0622,Liam Wilson,Corporate,United States,Washington,West,Office Supplies,Labels,58.8,7,0.2,17.87
219,US-2022-00094,02/04/2022,02/10/2022,Standard Class,CU-0622,Liam Wilson,Corporate,United States,Washington,West,Furniture,Tables,348.09,1,0.3,-78.91
220,US-2022-00094,02/04/2022,02/10/2022,Standard Class,CU-0622,Liam Wilson,Corporate,United States,Washington,West,Furniture,Furnishings,176.99,3,0.0,30.26
221,US-2023-00095,09/17/2023,09/23/2023,Standard Class,CU-0229,John Wilson,Corporate,United States,Texas,Central,Office Supplies,Binders,61.8,2,0.0,14.12
222,US-2023-00095,09/17/2023,09/23/2023,Standard Class,CU-0229,John Wilson,Corporate,United States,Texas,Central,Office Supplies,Art,18.36,1,0.0,4.83
223,US-2023-00095,09/17/2023,09/23/2023,Standard Class,CU-0229,John Wilson,Corporate,United States,Texas,Central,Furniture,Chairs,295.28,1,0.0,41.85
224,US-2023-00095,09/17/2023,09/23/2023,Standard Class,CU-0229,John Wilson,Corporate,United States,Texas,Central,Office Supplies,Art,60.19,6,0.2,7.85
225,US-2023-00096,06/09/2023,06/10/2023,Same Day,CU-0393,Sara Patel,Consumer,United States,California,West,Technology,Accessories,178.95,4,0.0,51.44
226,US-2023-00096,06/09/2023,06/10/2023,Same Day,CU-0393,Sara Patel,Consumer,United States,California,West,Office Supplies,Paper,127.07,6,0.1,36.31
227,US-2023-00096,06/09/2023,06/10/2023,Same Day,CU-0393,Sara Patel,Consumer,United States,California,West,Furniture,Chairs,1616.91,6,0.0,259.45
228,US-2025-00097,09/22/2025,09/28/2025,Standard Class,CU-0378,Ravi Davis,Home Office,United States,Michigan,Central,Furniture,Bookcases,939.2,3,0.0,71.35
229,US-2025-00097,09/22/2025,09/27/2025,Standard Class,CU-0378,Ravi Davis,Home Office,United States,Michigan,Central,Office Supplies,Binders,18.99,1,0.4,-0.23
230,US-2025-00097,09/22/2025,09/27/2025,Standard Class,CU-0378,Ravi Davis,Home Office,United States,Michigan,Central,Technology,Machines,424.23,2,0.5,-155.68
231,US-2025-00097,09/22/2025,09/28/2025,Standard Class,CU-0378,Ravi Davis,Home Office,United States,Michigan,Central,Furniture,Chairs,1394.77,5,0.0,120.39
232,US-2025-00098,07/26/2025,08/01/2025,Standard Class,CU-0503,Ethan Garcia,Home Office,United States,Georgia,South,Technology,Phones,2296.9,7,0.0,473.52
233,US-2025-00098,07/26/2025,08/01/2025,Standard Class,CU-0503,Ethan Garcia,Home Office,United States,Georgia,South,Technology,Machines,2597.67,4,0.0,-137.66
234,US-2025-00098,07/26/2025,07/31/2025,Standard Class,CU-0503,Ethan Garcia,Home Office,United States,Georgia,South,Office Supplies,Paper,86.86,4,0.0,33.95
235,US-2025-00098,07/26/2025,07/31/2025,Standard Class,CU-0503,Ethan Garcia,Home Office,United States,Georgia,South,Technology,Copiers,2065.01,3,0.3,483.23
236,US-2024-00099,07/25/2024,07/31/2024,Standard Class,CU-0200,Priya Miller,Corporate,United States,Virginia,South,Furniture,Bookcases,255.18,1,0.0,0.58
237,US-2024-00099,07/25/2024,07/31/2024,Standard Class,CU-0200,Priya Miller,Corporate,United States,Virginia,South,Technology,Copiers,3423.08,5,0.1,718.37
238,US-2024-00099,07/25/2024,07/30/2024,Standard Class,CU-0200,Priya Miller,Corporate,United States,Virginia,South,Furniture,Bookcases,873.88,3,0.2,-111.2
239,US-2023-00100,05/10/2023,05/13/2023,Second Class,CU-0509,Olivia Smith,Consumer,United States,Ohio,East,Office Supplies,Storage,265.71,3,0.0,27.91
240,US-2023-00100,05/10/2023,05/14/2023,Second Class,CU-0509,Olivia Smith,Consumer,United States,Ohio,East,Furniture,Chairs,858.65,3,0.1,116.86
241,US-2023-00100,05/10/2023,05/14/2023,Second Class,CU-0509,Olivia Smith,Consumer,United States,Ohio,East,Technology,Phones,174.45,1,0.4,-11.32
242,US-2023-00100,05/10/2023,05/14/2023,Second Class,CU-0509,Olivia Smith,Consumer,United States,Ohio,East,Technology,Machines,1283.12,6,0.5,-377.44
243,US-2022-00101,10/01/2022,10/03/2022,First Class,CU-0282,Aarav Smith,Consumer,United States,California,West,Technology,Copiers,2711.84,4,0.3,612.79
244,US-2022-00101,10/01/2022,10/03/2022,First Class,CU-0282,Aarav Smith,Consumer,United States,California,West,Technology,Accessories,142.96,5,0.3,17.65
245,US-2022-00101,10/01/2022,10/04/2022,First Class,CU-0282,Aarav Smith,Consumer,United States,California,West,Technology,Copiers,1190.39,2,0.2,236.44
246,US-2022-00101,10/01/2022,10/04/2022,First Class,CU-0282,Aarav Smith,Consumer,United States,California,West,Furniture,Bookcases,2118.99,7,0.1,-138.22
247,US-2022-00102,06/24/2022,06/26/2022,First Class,CU-0178,Maya Patel,Consumer,United States,Oregon,West,Office Supplies,Binders,127.87,7,0.2,9.12
248,US-2022-00103,08/27/2022,08/31/2022,Second Class,CU-0279,Ethan Davis,Home Office,United States,Michigan,Central,Furniture,Furnishings,183.85,7,0.5,-17.61
249,US-2022-00103,08/27/2022,08/31/2022,Second Class,CU-0279,Ethan Davis,Home Office,United States,Michigan,Central,Technology,Accessories,222.01,5,0.2,39.54
250,US-2024-00104,02/08/2024,02/14/2024,Standard Class,CU-0012,Noah Wilson,Consumer,United States,Oregon,West,Technology,Phones,435.35,3,0.4,-28.14
251,US-2022-00105,01/01/2022,01/06/2022,Standard Class,CU-0306,Emma Khan,Home Office,United States,Illinois,Central,Office Supplies,Labels,41.63,3,0.1,15.96
252,US-2025-00106,10/01/2025,10/07/2025,Standard Class,CU-0206,Olivia Brown,Consumer,United States,Illinois,Central,Office Supplies,Art,79.18,7,0.2,13.27
253,US-2022-00107,12/14/2022,12/20/2022,Standard Class,CU-0184,Ravi Wilson,Corporate,United States,Pennsylvania,East,Office Supplies,Art,88.0,5,0.0,25.98
254,US-2022-00107,12/14/2022,12/19/2022,Standard Class,CU-0184,Ravi Wilson,Corporate,United States,Pennsylvania,East,Furniture,Tables,1969.5,6,0.0,-136.27
255,US-2022-00107,12/14/2022,12/20/2022,Standard Class,CU-0184,Ravi Wilson,Corporate,United States,Pennsylvania,East,Technology,Accessories,37.76,1,0.3,5.92
256,US-2022-00107,12/14/2022,12/20/2022,Standard Class,CU-0184,Ravi Wilson,Corporate,United States,Pennsylvania,East,Office Supplies,Storage,139.85,2,0.3,3.37
257,US-2022-00108,06/28/2022,07/01/2022,First Class,CU-0097,Noah Garcia,Home Office,United States,Georgia,South,Office Supplies,Binders,67.3,3,0.0,13.56
258,US-2023-00109,05/04/2023,05/10/2023,Standard Class,CU-0144,Ravi Smith,Home Office,United States,California,West,Technology,Machines,2617.79,6,0.3,-216.54
259,US-2023-00109,05/04/2023,05/10/2023,Standard Class,CU-0144,Ravi Smith,Home Office,United States,California,West,Technology,Accessories,25.09,1,0.5,-0.02
260,US-2023-00110,09/29/2023,10/05/2023,Standard Class,CU-0288,Zoe Patel,Home Office,United States,Virginia,South,Technology,Accessories,39.24,1,0.1,4.25
261,US-2023-00110,09/29/2023,10/05/2023,Standard Class,CU-0288,Zoe Patel,Home Office,United States,Virginia,South,Technology,Copiers,1317.08,3,0.5,70.22
262,US-2023-00110,09/29/2023,10/04/2023,Standard Class,CU-0288,Zoe Patel,Home Office,United States,Virginia,South,Office Supplies,Paper,112.27,6,0.0,49.62
263,US-2023-00111,07/04/2023,07/07/2023,First Class,CU-0603,Aarav Garcia,Consumer,United States,Michigan,Central,Technology,Machines,2559.67,7,0.2,-325.27
264,US-2023-00111,07/04/2023,07/07/2023,First Class,CU-0603,Aarav Garcia,Consumer,United States,Michigan,Central,Furniture,Tables,1296.22,3,0.0,-73.28
265,US-2022-00112,12/19/2022,12/22/2022,First Class,CU-0696,Olivia Davis,Corporate,United States,Washington,West,Office Supplies,Art,28.63,2,0.1,4.2
266,US-2022-00112,12/19/2022,12/22/2022,First Class,CU-0696,Olivia Davis,Corporate,United States,Washington,West,Furniture,Chairs,944.15,6,0.3,-65.47
267,US-2025-00113,12/19/2025,12/25/2025,Standard Class,CU-0403,Noah Davis,Consumer,United States,Ohio,East,Technology,Accessories,359.81,6,0.0,74.96
268,US-2025-00113,12/19/2025,12/24/2025,Standard Class,CU-0403,Noah Davis,Consumer,United States,Ohio,East,Furniture,Furnishings,72.73,2,0.4,-10.94
269,US-2025-00113,12/19/2025,12/25/2025,Standard Class,CU-0403,Noah Davis,Consumer,United States,Ohio,East,Office Supplies,Labels,75.39,7,0.1,29.92
270,US-2025-00113,12/19/2025,12/25/2025,Standard Class,CU-0403,Noah Davis,Consumer,United States,Ohio,East,Technology,Phones,1647.47,5,0.1,173.37
271,US-2022-00114,12/26/2022,12/29/2022,First Class,CU-0129,Aarav Patel,Consumer,United States,Pennsylvania,East,Office Supplies,Binders,73.4,3,0.1,15.13
272,US-2022-00114,12/26/2022,12/29/2022,First Class,CU-0129,Aarav Patel,Consumer,United States,Pennsylvania,East,Office Supplies,Paper,62.16,3,0.0,24.84
273,US-2022-00114,12/26/2022,12/29/2022,First Class,CU-0129,Aarav Patel,Consumer,United States,Pennsylvania,East,Furniture,Tables,1692.48,5,0.3,-472.59
274,US-2022-00114,12/26/2022,12/29/2022,First Class,CU-0129,Aarav Patel,Consumer,United States,Pennsylvania,East,Technology,Copiers,4734.43,6,0.0,1620.33
275,US-2025-00115,02/18/2025,02/21/2025,Second Class,CU-0518,Ethan Khan,Corporate,United States,New York,East,Furniture,Tables,1835.03,4,0.1,-247.24
276,US-2022-00116,12/10/2022,12/16/2022,Standard Class,CU-0691,John Miller,Corporate,United States,Ohio,East,Technology,Copiers,448.49,1,0.5,20.51
277,US-2022-00116,12/10/2022,12/15/2022,Standard Class,CU-0691,John Miller,Corporate,United States,Ohio,East,Technology,Copiers,3220.34,6,0.4,264.58
278,US-2022-00116,12/10/2022,12/15/2022,Standard Class,CU-0691,John Miller,Corporate,United States,Ohio,East,Office Supplies,Storage,576.43,7,0.0,66.04
279,US-2022-00116,12/10/2022,12/15/2022,Standard Class,CU-0691,John Miller,Corporate,United States,Ohio,East,Technology,Machines,1385.44,3,0.0,52.82
280,US-2025-00117,06/10/2025,06/10/2025,Same Day,CU-0674,Emma Lee,Corporate,United States,California,West,Office Supplies,Binders,86.26,4,0.2,11.43
281,US-2025-00117,06/10/2025,06/11/2025,Same Day,CU-0674,Emma Lee,Corporate,United States,California,West,Office Supplies,Art,39.78,3,0.0,9.1
282,US-2025-00117,06/10/2025,06/11/2025,Same Day,CU-0674,Emma Lee,Corporate,United States,California,West,Furniture,Chairs,498.36,4,0.5,-87.71
283,US-2023-00118,03/13/2023,03/18/2023,Standard Class,CU-0139,Aarav Miller,Home Office,United States,Texas,Central,Office Supplies,Storage,64.13,1,0.2,4.38
284,US-2023-00118,03/13/2023,03/18/2023,Standard Class,CU-0139,Aarav Miller,Home Office,United States,Texas,Central,Office Supplies,Labels,11.73,1,0.2,3.27
285,US-2025-00119,06/10/2025,06/15/2025,Standard Class,CU-0253,Ravi Lee,Consumer,United States,Ohio,East,Furniture,Furnishings,97.98,4,0.5,-21.6
286,US-2025-00119,06/10/2025,06/16/2025,Standard Class,CU-0253,Ravi Lee,Consumer,United States,Ohio,East,Office Supplies,Labels,20.17,4,0.5,2.15
287,US-2025-00119,06/10/2025,06/16/2025,Standard Class,CU-0253,Ravi Lee,Consumer,United States,Ohio,East,Technology,Copiers,4093.48,5,0.2,1062.92
288,US-2025-00119,06/10/2025,06/16/2025,Standard Class,CU-0253,Ravi Lee,Consumer,United States,Ohio,East,Technology,Machines,2125.65,5,0.0,152.56
289,US-2025-00120,10/11/2025,10/13/2025,First Class,CU-0354,Sara Davis,Home Office,United States,New York,East,Technology,Machines,792.8,3,0.4,-152.64
290,US-2025-00120,10/11/2025,10/14/2025,First Class,CU-0354,Sara Davis,Home Office,United States,New York,East,Furniture,Chairs,1026.23,6,0.3,-63.24
291,US-2025-00120,10/11/2025,10/13/2025,First Class,CU-0354,Sara Davis,Home Office,United States,New York,East,Furniture,Tables,1388.18,4,0.0,-186.43
292,US-2024-00121,07/20/2024,07/24/2024,Second Class,CU-0155,Ravi Garcia,Consumer,United States,New York,East,Furniture,Bookcases,802.19,5,0.5,-211.36
293,US-2025-00122,05/05/2025,05/06/2025,Same Day,CU-0497,Maya Khan,Consumer,United States,Washington,West,Technology,Machines,1525.77,4,0.3,-236.71
294,US-2025-00122,05/05/2025,05/05/2025,Same Day,CU-0497,Maya Khan,Consumer,United States,Washington,West,Technology,Machines,3897.34,6,0.0,-49.29
295,US-2025-00122,05/05/2025,05/06/2025,Same Day,CU-0497,Maya Khan,Consumer,United States,Washington,West,Office Supplies,Storage,154.71,2,0.0,23.36
296,US-2024-00123,12/03/2024,12/08/2024,Standard Class,CU-0559,Ravi Clark,Consumer,United States,Oregon,West,Furniture,Furnishings,206.42,3,0.0,26.9
297,US-2024-00124,03/26/2024,04/01/2024,Standard Class,CU-0365,Ethan Lee,Consumer,United States,Ohio,East,Furniture,Furnishings,198.22,5,0.3,5.67
298,US-2024-00124,03/26/2024,03/31/2024,Standard Class,CU-0365,Ethan Lee,Consumer,United States,Ohio,East,Technology,Machines,4093.38,7,0.0,11.87
299,US-2024-00124,03/26/2024,04/01/2024,Standard Class,CU-0365,Ethan Lee,Consumer,United States,Ohio,East,Technology,Machines,584.09,1,0.0,41.64
300,US-2023-00125,11/07/2023,11/10/2023,Second Class,CU-0142,Noah Garcia,Consumer,United States,Virginia,South,Technology,Copiers,3366.85,4,0.0,1271.98
301,US-2023-00125,11/07/2023,11/10/2023,Second Class,CU-0142,Noah Garcia,Consumer,United States,Virginia,South,Technology,Accessories,122.29,4,0.4,-0.37
302,US-2023-00125,11/07/2023,11/11/2023,Second Class,CU-0142,Noah Garcia,Consumer,United States,Virginia,South,Office Supplies,Storage,412.32,5,0.0,43.18
303,US-2023-00126,07/04/2023,07/07/2023,First Class,CU-0437,Liam Wilson,Corporate,United States,New York,East,Office Supplies,Paper,23.58,2,0.5,2.34
304,US-2023-00126,07/04/2023,07/06/2023,First Class,CU-0437,Liam Wilson,Corporate,United States,New York,East,Office Supplies,Binders,77.17,6,0.5,-5.24
305,US-2022-00127,11/10/2022,11/16/2022,Standard Class,CU-0223,Noah Wilson,Home Office,United States,Texas,Central,Furniture,Furnishings,194.12,3,0.0,30.17
306,US-2022-00127,11/10/2022,11/16/2022,Standard Class,CU-0223,Noah Wilson,Home Office,United States,Texas,Central,Technology,Copiers,925.98,1,0.0,260.38
307,US-2022-00127,11/10/2022,11/16/2022,Standard Class,CU-0223,Noah Wilson,Home Office,United States,Texas,Central,Furniture,Chairs,500.33,2,0.0,50.21
308,US-2022-00127,11/10/2022,11/15/2022,Standard Class,CU-0223,Noah Wilson,Home Office,United States,Texas,Central,Furniture,Chairs,508.07,3,0.2,14.04
309,US-2024-00128,03/11/2024,03/14/2024,First Class,CU-0232,Zoe Smith,Consumer,United States,Washington,West,Office Supplies,Binders,43.17,2,0.0,13.47
310,US-2024-00129,06/20/2024,06/25/2024,Standard Class,CU-0452,Ethan Brown,Corporate,United States,Illinois,Central,Office Supplies,Labels,60.61,7,0.2,19.07
311,US-2024-00129,06/20/2024,06/26/2024,Standard Class,CU-0452,Ethan Brown,Corporate,United States,Illinois,Central,Office Supplies,Storage,495.91,7,0.1,24.19
312,US-2024-00129,06/20/2024,06/25/2024,Standard Class,CU-0452,Ethan Brown,Corporate,United States,Illinois,Central,Technology,Copiers,5777.79,5,0.0,2233.64
313,US-2024-00129,06/20/2024,06/26/2024,Standard Class,CU-0452,Ethan Brown,Corporate,United States,Illinois,Central,Office Supplies,Art,52.48,5,0.2,9.41
314,US-2022-00130,06/22/2022,06/28/2022,Standard Class,CU-0320,Olivia Clark,Corporate,United States,New York,East,Technology,Machines,346.33,1,0.4,-66.86
315,US-2022-00130,06/22/2022,06/27/2022,Standard Class,CU-0320,Olivia Clark,Corporate,United States,New York,East,Technology,Phones,1705.61,5,0.0,130.6
316,US-2024-00131,09/25/2024,09/29/2024,Second Class,CU-0289,Ethan Miller,Home Office,United States,Illinois,Central,Office Supplies,Storage,455.52,7,0.2,-3.08
317,US-2024-00131,09/25/2024,09/28/2024,Second Class,CU-0289,Ethan Miller,Home Office,United States,Illinois,Central,Technology,Machines,1345.11,4,0.3,-309.04
318,US-2024-00132,08/16/2024,08/21/2024,Standard Class,CU-0008,Liam Patel,Home Office,United States,Oregon,West,Technology,Machines,659.26,2,0.3,-59.54
319,US-2024-00133,02/26/2024,02/29/2024,First Class,CU-0559,Ravi Clark,Consumer,United States,Oregon,West,Furniture,Chairs,1179.86,6,0.1,33.48
320,US-2024-00133,02/26/2024,02/29/2024,First Class,CU-0559,Ravi Clark,Consumer,United States,Oregon,West,Furniture,Tables,1405.62,4,0.0,-159.06
321,US-2024-00133,02/26/2024,02/28/2024,First Class,CU-0559,Ravi Clark,Consumer,United States,Oregon,West,Technology,Machines,548.04,1,0.0,-7.2
322,US-2024-00133,02/26/2024,02/28/2024,First Class,CU-0559,Ravi Clark,Consumer,United States,Oregon,West,Office Supplies,Paper,30.14,2,0.2,10.28
323,US-2023-00134,11/16/2023,11/18/2023,First Class,CU-0140,Maya Brown,Corporate,United States,Texas,Central,Technology,Copiers,1524.3,2,0.3,245.03
324,US-2024-00135,11/11/2024,11/16/2024,Standard Class,CU-0429,Liam Smith,Home Office,United States,Florida,South,Technology,Phones,661.88,2,0.0,65.53
325,US-2024-00135,11/11/2024,11/17/2024,Standard Class,CU-0429,Liam Smith,Home Office,United States,Florida,South,Furniture,Furnishings,211.24,4,0.0,24.88
326,US-2024-00135,11/11/2024,11/16/2024,Standard Class,CU-0429,Liam Smith,Home Office,United States,Florida,South,Technology,Machines,2673.36,7,0.2,-176.87
327,US-2023-00136,11/22/2023,11/22/2023,Same Day,CU-0578,Ethan Miller,Home Office,United States,Texas,Central,Technology,Phones,1457.53,5,0.2,-141.35
328,US-2024-00137,12/24/2024,12/29/2024,Standard Class,CU-0049,Zoe Wilson,Consumer,United States,Washington,West,Office Supplies,Binders,75.58,6,0.4,-1.11
329,US-2024-00137,12/24/2024,12/29/2024,Standard Class,CU-0049,Zoe Wilson,Consumer,United States,Washington,West,Technology,Accessories,275.78,6,0.2,48.62
330,US-2024-00137,12/24/2024,12/29/2024,Standard Class,CU-0049,Zoe Wilson,Consumer,United States,Washington,West,Technology,Machines,2114.45,5,0.0,32.29
331,US-2024-00137,12/24/2024,12/29/2024,Standard Class,CU-0049,Zoe Wilson,Consumer,United States,Washington,West,Technology,Copiers,3907.32,4,0.0,1389.79
332,US-2023-00138,07/23/2023,07/26/2023,Second Class,CU-0187,Priya Wilson,Corporate,United States,Virginia,South,Office Supplies,Storage,449.4,6,0.0,8.99
333,US-2023-00138,07/23/2023,07/26/2023,Second Class,CU-0187,Priya Wilson,Corporate,United States,Virginia,South,Furniture,Furnishings,332.08,6,0.2,12.74
334,US-2023-00138,07/23/2023,07/27/2023,Second Class,CU-0187,Priya Wilson,Corporate,United States,Virginia,South,Furniture,Bookcases,1484.79,5,0.0,38.54
335,US-2023-00139,10/12/2023,10/12/2023,Same Day,CU-0314,Noah Miller,Corporate,United States,Ohio,East,Office Supplies,Paper,75.56,5,0.4,13.26
336,US-2023-00140,12/14/2023,12/17/2023,Second Class,CU-0069,Emma Brown,Home Office,United States,Georgia,South,Office Supplies,Labels,53.22,4,0.0,25.51
337,US-2023-00140,12/14/2023,12/17/2023,Second Class,CU-0069,Emma Brown,Home Office,United States,Georgia,South,Office Supplies,Paper,118.68,6,0.1,50.6
338,US-2023-00140,12/14/2023,12/17/2023,Second Class,CU-0069,Emma Brown,Home Office,United States,Georgia,South,Technology,Accessories,76.73,3,0.5,-6.56
339,US-2022-00141,07/28/2022,08/03/2022,Standard Class,CU-0513,Maya Patel,Home Office,United States,Washington,West,Technology,Phones,2091.2,6,0.0,285.93
340,US-2022-00141,07/28/2022,08/02/2022,Standard Class,CU-0513,Maya Patel,Home Office,United States,Washington,West,Office Supplies,Paper,17.69,1,0.2,4.89
341,US-2022-00141,07/28/2022,08/03/2022,Standard Class,CU-0513,Maya Patel,Home Office,United States,Washington,West,Furniture,Chairs,282.41,1,0.0,29.92
342,US-2024-00142,02/27/2024,03/04/2024,Standard Class,CU-0222,John Khan,Home Office,United States,Florida,South,Office Supplies,Art,129.93,7,0.0,19.2
343,US-2024-00142,02/27/2024,03/03/2024,Standard Class,CU-0222,John Khan,Home Office,United States,Florida,South,Office Supplies,Labels,86.75,7,0.0,31.39
344,US-2024-00142,02/27/2024,03/04/2024,Standard Class,CU-0222,John Khan,Home Office,United States,Florida,South,Office Supplies,Art,13.27,2,0.5,-1.23
345,US-2022-00143,03/21/2022,03/24/2022,Second Class,CU-0672,Zoe Miller,Consumer,United States,Michigan,Central,Technology,Copiers,2729.41,3,0.1,871.61
346,US-2023-00144,02/15/2023,02/18/2023,Second Class,CU-0212,Liam Patel,Home Office,United States,Texas,Central,Office Supplies,Binders,111.62,4,0.0,21.81
347,US-2023-00144,02/15/2023,02/19/2023,Second Class,CU-0212,Liam Patel,Home Office,United States,Texas,Central,Technology,Accessories,234.1,5,0.0,64.64
348,US-2023-00144,02/15/2023,02/18/2023,Second Class,CU-0212,Liam Patel,Home Office,United States,Texas,Central,Furniture,Furnishings,150.4,4,0.3,-9.05
349,US-2023-00145,01/05/2023,01/07/2023,First Class,CU-0091,Sara Smith,Consumer,United States,Michigan,Central,Office Supplies,Paper,83.22,7,0.3,24.46
350,US-2024-00146,01/09/2024,01/14/2024,Standard Class,CU-0533,Olivia Davis,Home Office,United States,Michigan,Central,Technology,Phones,685.2,3,0.2,98.56
351,US-2022-00147,04/13/2022,04/16/2022,Second Class,CU-0045,Maya Khan,Home Office,United States,Ohio,East,Technology,Phones,1843.83,5,0.0,275.75
352,US-2022-00148,08/30/2022,09/04/2022,Standard Class,CU-0419,Olivia Smith,Consumer,United States,Pennsylvania,East,Furniture,Tables,601.28,3,0.4,-194.54
353,US-2022-00148,08/30/2022,09/04/2022,Standard Class,CU-0419,Olivia Smith,Consumer,United States,Pennsylvania,East,Office Supplies,Paper,12.91,1,0.5,1.71
354,US-2024-00149,11/09/2024,11/15/2024,Standard Class,CU-0055,Liam Garcia,Corporate,United States,Texas,Central,Furniture,Chairs,1005.98,6,0.2,56.76
355,US-2024-00149,11/09/2024,11/15/2024,Standard Class,CU-0055,Liam Garcia,Corporate,United States,Texas,Central,Technology,Phones,1744.59,5,0.1,120.18
356,US-2024-00149,11/09/2024,11/15/2024,Standard Class,CU-0055,Liam Garcia,Corporate,United States,Texas,Central,Furniture,Furnishings,294.7,5,0.0,44.86
357,US-2025-00150,09/30/2025,10/05/2025,Standard Class,CU-0532,Aarav Davis,Consumer,United States,Ohio,East,Furniture,Chairs,1029.33,7,0.3,-26.79
358,US-2025-00150,09/30/2025,10/05/2025,Standard Class,CU-0532,Aarav Davis,Consumer,United States,Ohio,East,Furniture,Bookcases,646.21,3,0.2,-84.79
359,US-2023-00151,12/12/2023,12/18/2023,Standard Class,CU-0490,Liam Davis,Consumer,United States,Washington,West,Office Supplies,Storage,63.15,1,0.2,-0.77
360,US-2023-00151,12/12/2023,12/18/2023,Standard Class,CU-0490,Liam Davis,Consumer,United States,Washington,West,Furniture,Furnishings,317.1,6,0.3,5.84
361,US-2023-00152,09/01/2023,09/07/2023,Standard Class,CU-0060,Maya Clark,Corporate,United States,California,West,Technology,Phones,409.86,2,0.3,4.87
362,US-2024-00153,05/11/2024,05/17/2024,Standard Class,CU-0472,Priya Khan,Home Office,United States,Oregon,West,Office Supplies,Binders,23.51,1,0.0,5.61
363,US-2024-00153,05/11/2024,05/16/2024,Standard Class,CU-0472,Priya Khan,Home Office,United States,Oregon,West,Technology,Phones,2066.0,6,0.0,337.84
364,US-2024-00153,05/11/2024,05/16/2024,Standard Class,CU-0472,Priya Khan,Home Office,United States,Oregon,West,Technology,Copiers,1696.12,3,0.3,262.2
365,US-2023-00154,10/04/2023,10/09/2023,Standard Class,CU-0167,Zoe Garcia,Consumer,United States,California,West,Office Supplies,Binders,43.31,4,0.5,-1.18
366,US-2023-00154,10/04/2023,10/10/2023,Standard Class,CU-0167,Zoe Garcia,Consumer,United States,California,West,Office Supplies,Art,28.11,3,0.5,-1.57
367,US-2023-00154,10/04/2023,10/09/2023,Standard Class,CU-0167,Zoe Garcia,Consumer,United States,California,West,Technology,Accessories,240.08,7,0.2,41.88
368,US-2025-00155,03/16/2025,03/16/2025,Same Day,CU-0429,Liam Smith,Home Office,United States,Florida,South,Office Supplies,Storage,530.41,7,0.1,33.95
369,US-2025-00155,03/16/2025,03/17/2025,Same Day,CU-0429,Liam Smith,Home Office,United States,Florida,South,Technology,Phones,286.31,1,0.0,52.83
370,US-2022-00156,01/07/2022,01/12/2022,Standard Class,CU-0056,Priya Lee,Consumer,United States,Oregon,West,Office Supplies,Labels,29.61,3,0.1,10.34
371,US-2023-00157,05/19/2023,05/20/2023,Same Day,CU-0667,Sara Brown,Home Office,United States,New York,East,Office Supplies,Binders,115.5,5,0.2,9.39
372,US-2023-00157,05/19/2023,05/20/2023,Same Day,CU-0667,Sara Brown,Home Office,United States,New York,East,Furniture,Tables,426.67,1,0.0,-24.98
373,US-2024-00158,08/28/2024,09/02/2024,Standard Class,CU-0333,Noah Lee,Home Office,United States,California,West,Furniture,Chairs,195.89,1,0.3,-5.84
374,US-2024-00158,08/28/2024,09/03/2024,Standard Class,CU-0333,Noah Lee,Home Office,United States,California,West,Furniture,Chairs,781.1,4,0.2,39.38
375,US-2024-00159,03/07/2024,03/07/2024,Same Day,CU-0345,Ravi Lee,Consumer,United States,Washington,West,Technology,Machines,2079.22,4,0.0,0.83
376,US-2024-00159,03/07/2024,03/07/2024,Same Day,CU-0345,Ravi Lee,Consumer,United States,Washington,West,Office Supplies,Paper,64.96,7,0.5,3.9
377,US-2022-00160,03/11/2022,03/17/2022,Standard Class,CU-0646,Maya Lee,Corporate,United States,California,West,Furniture,Chairs,950.02,6,0.5,-140.33
378,US-2024-00161,06/19/2024,06/23/2024,Second Class,CU-0306,Emma Khan,Home Office,United States,Pennsylvania,East,Technology,Phones,1517.0,6,0.0,247.14
379,US-2023-00162,09/26/2023,09/30/2023,Second Class,CU-0559,Ravi Clark,Consumer,United States,Texas,Central,Furniture,Furnishings,36.12,1,0.4,-2.61
380,US-2023-00162,09/26/2023,09/29/2023,Second Class,CU-0559,Ravi Clark,Consumer,United States,Texas,Central,Furniture,Chairs,1148.42,7,0.3,-111.83
381,US-2023-00162,09/26/2023,09/30/2023,Second Class,CU-0559,Ravi Clark,Consumer,United States,Texas,Central,Office Supplies,Paper,46.83,3,0.2,13.83
382,US-2023-00162,09/26/2023,09/30/2023,Second Class,CU-0559,Ravi Clark,Consumer,United States,Texas,Central,Furniture,Furnishings,162.97,4,0.3,0.78
383,US-2022-00163,10/08/2022,10/11/2022,Second Class,CU-0073,Aarav Smith,Corporate,United States,Illinois,Central,Technology,Phones,1780.39,5,0.0,233.48
384,US-2022-00163,10/08/2022,10/11/2022,Second Class,CU-0073,Aarav Smith,Corporate,United States,Illinois,Central,Office Supplies,Binders,20.48,1,0.0,2.35
385,US-2022-00163,10/08/2022,10/12/2022,Second Class,CU-0073,Aarav Smith,Corporate,United States,Illinois,Central,Office Supplies,Storage,299.61,4,0.2,-11.34
386,US-2022-00163,10/08/2022,10/11/2022,Second Class,CU-0073,Aarav Smith,Corporate,United States,Illinois,Central,Technology,Accessories,77.85,2,0.2,5.61
387,US-2023-00164,04/05/2023,04/09/2023,Second Class,CU-0483,Zoe Clark,Home Office,United States,Pennsylvania,East,Office Supplies,Binders,12.76,1,0.5,-1.07
388,US-2023-00164,04/05/2023,04/08/2023,Second Class,CU-0483,Zoe Clark,Home Office,United States,Pennsylvania,East,Technology,Phones,442.52,2,0.3,-3.28
389,US-2023-00164,04/05/2023,04/08/2023,Second Class,CU-0483,Zoe Clark,Home Office,United States,Pennsylvania,East,Office Supplies,Labels,18.49,3,0.5,3.21
390,US-2025-00165,06/18/2025,06/23/2025,Standard Class,CU-0338,Priya Brown,Consumer,United States,Georgia,South,Office Supplies,Art,56.41,7,0.5,0.42
391,US-2025-00165,06/18/2025,06/24/2025,Standard Class,CU-0338,Priya Brown,Consumer,United States,Georgia,South,Furniture,Furnishings,68.96,1,0.0,9.79
392,US-2025-00165,06/18/2025,06/23/2025,Standard Class,CU-0338,Priya Brown,Consumer,United States,Georgia,South,Furniture,Bookcases,2274.24,6,0.0,-137.17
393,US-2024-00166,10/07/2024,10/09/2024,First Class,CU-0335,Noah Wilson,Consumer,United States,Michigan,Central,Office Supplies,Storage,56.41,1,0.5,-11.77
394,US-2024-00167,01/24/2024,01/29/2024,Standard Class,CU-0259,Ethan Clark,Corporate,United States,Ohio,East,Technology,Copiers,2496.93,4,0.2,568.45
395,US-2024-00167,01/24/2024,01/30/2024,Standard Class,CU-0259,Ethan Clark,Corporate,United States,Ohio,East,Furniture,Bookcases,666.01,2,0.0,38.77
396,US-2024-00167,01/24/2024,01/29/2024,Standard Class,CU-0259,Ethan Clark,Corporate,United States,Ohio,East,Furniture,Furnishings,295.29,4,0.0,40.86
397,US-2023-00168,08/11/2023,08/16/2023,Standard Class,CU-0243,Ravi Smith,Corporate,United States,Washington,West,Technology,Machines,1135.93,3,0.4,-261.59
398,US-2023-00168,08/11/2023,08/16/2023,Standard Class,CU-0243,Ravi Smith,Corporate,United States,Washington,West,Office Supplies,Labels,54.33,7,0.3,11.34
399,US-2023-00168,08/11/2023,08/16/2023,Standard Class,CU-0243,Ravi Smith,Corporate,United States,Washington,West,Technology,Accessories,192.23,4,0.0,26.34
400,US-2023-00169,01/21/2023,01/26/2023,Standard Class,CU-0534,Ravi Lee,Home Office,United States,California,West,Furniture,Furnishings,40.67,1,0.3,-0.36
401,US-2023-00170,04/25/2023,04/30/2023,Standard Class,CU-0657,Ethan Patel,Home Office,United States,Florida,South,Office Supplies,Binders,20.44,2,0.5,-1.41
402,US-2023-00170,04/25/2023,05/01/2023,Standard Class,CU-0657,Ethan Patel,Home Office,United States,Florida,South,Technology,Phones,1701.47,7,0.0,415.02
403,US-2023-00170,04/25/2023,04/30/2023,Standard Class,CU-0657,Ethan Patel,Home Office,United States,Florida,South,Office Supplies,Art,36.15,3,0.0,9.0
404,US-2025-00171,03/03/2025,03/08/2025,Standard Class,CU-0050,John Wilson,Consumer,United States,Illinois,Central,Technology,Machines,1835.29,4,0.1,7.69
405,US-2025-00171,03/03/2025,03/09/2025,Standard Class,CU-0050,John Wilson,Consumer,United States,Illinois,Central,Office Supplies,Paper,48.78,4,0.4,7.57
406,US-2022-00172,09/10/2022,09/16/2022,Standard Class,CU-0653,Noah Khan,Corporate,United States,Pennsylvania,East,Technology,Phones,1557.35,6,0.2,192.42
407,US-2022-00172,09/10/2022,09/16/2022,Standard Class,CU-0653,Noah Khan,Corporate,United States,Pennsylvania,East,Technology,Phones,755.41,3,0.2,28.69
408,US-2025-00173,06/03/2025,06/06/2025,First Class,CU-0371,Olivia Brown,Consumer,United States,Illinois,Central,Furniture,Bookcases,955.11,3,0.1,11.67
409,US-2023-00174,08/28/2023,09/01/2023,Second Class,CU-0679,Zoe Wilson,Corporate,United States,Illinois,Central,Technology,Copiers,5266.08,6,0.1,1652.3
410,US-2024-00175,09/21/2024,09/25/2024,Second Class,CU-0325,Emma Garcia,Consumer,United States,Pennsylvania,East,Furniture,Furnishings,154.28,4,0.5,-18.46
411,US-2024-00175,09/21/2024,09/25/2024,Second Class,CU-0325,Emma Garcia,Consumer,United States,Pennsylvania,East,Office Supplies,Labels,15.43,2,0.4,2.56
412,US-2024-00175,09/21/2024,09/25/2024,Second Class,CU-0325,Emma Garcia,Consumer,United States,Pennsylvania,East,Office Supplies,Labels,46.16,5,0.1,16.07
413,US-2024-00175,09/21/2024,09/25/2024,Second Class,CU-0325,Emma Garcia,Consumer,United States,Pennsylvania,East,Office Supplies,Art,11.84,1,0.1,2.89
414,US-2023-00176,12/09/2023,12/14/2023,Standard Class,CU-0035,Priya Smith,Home Office,United States,Florida,South,Furniture,Bookcases,1437.19,5,0.2,-190.15
415,US-2025-00177,03/31/2025,04/02/2025,First Class,CU-0109,Zoe Brown,Consumer,United States,California,West,Office Supplies,Storage,574.95,7,0.0,17.79
416,US-2025-00177,03/31/2025,04/02/2025,First Class,CU-0109,Zoe Brown,Consumer,United States,California,West,Office Supplies,Storage,233.79,2,0.0,1.22
417,US-2025-00177,03/31/2025,04/03/2025,First Class,CU-0109,Zoe Brown,Consumer,United States,California,West,Technology,Copiers,3499.27,4,0.0,1416.42
418,US-2022-00178,02/27/2022,03/02/2022,First Class,CU-0560,Emma Clark,Corporate,United States,Georgia,South,Office Supplies,Storage,332.79,4,0.2,-11.63
419,US-2022-00178,02/27/2022,03/01/2022,First Class,CU-0560,Emma Clark,Corporate,United States,Georgia,South,Technology,Phones,694.8,3,0.4,-18.26
420,US-2022-00178,02/27/2022,03/02/2022,First Class,CU-0560,Emma Clark,Corporate,United States,Georgia,South,Office Supplies,Storage,514.83,6,0.0,45.38
421,US-2022-00179,12/07/2022,12/13/2022,Standard Class,CU-0215,Ethan Garcia,Home Office,United States,Georgia,South,Office Supplies,Binders,97.48,6,0.3,10.62
422,US-2022-00179,12/07/2022,12/12/2022,Standard Class,CU-0215,Ethan Garcia,Home Office,United States,Georgia,South,Furniture,Furnishings,322.92,5,0.1,52.02
423,US-2022-00179,12/07/2022,12/12/2022,Standard Class,CU-0215,Ethan Garcia,Home Office,United States,Georgia,South,Technology,Machines,2985.67,6,0.0,62.52
424,US-2023-00180,07/22/2023,07/28/2023,Standard Class,CU-0205,Priya Lee,Home Office,United States,Ohio,East,Technology,Accessories,37.0,1,0.1,7.87
425,US-2022-00181,12/15/2022,12/20/2022,Standard Class,CU-0307,Sara Miller,Home Office,United States,Texas,Central,Office Supplies,Labels,18.26,2,0.4,3.0
426,US-2022-00182,12/27/2022,01/02/2023,Standard Class,CU-0173,Ethan Smith,Corporate,United States,Texas,Central,Office Supplies,Paper,66.45,3,0.0,31.77
427,US-2022-00182,12/27/2022,01/01/2023,Standard Class,CU-0173,Ethan Smith,Corporate,United States,Texas,Central,Office Supplies,Art,44.22,3,0.0,12.1
428,US-2025-00183,11/08/2025,11/13/2025,Standard Class,CU-0355,Maya Davis,Home Office,United States,Texas,Central,Furniture,Furnishings,163.33,3,0.2,5.28
429,US-2025-00183,11/08/2025,11/13/2025,Standard Class,CU-0355,Maya Davis,Home Office,United States,Texas,Central,Technology,Machines,2237.21,5,0.0,184.45
430,US-2024-00184,01/25/2024,01/31/2024,Standard Class,CU-0420,Noah Khan,Home Office,United States,Georgia,South,Furniture,Bookcases,1634.98,6,0.0,12.04
431,US-2024-00184,01/25/2024,01/30/2024,Standard Class,CU-0420,Noah Khan,Home Office,United States,Georgia,South,Office Supplies,Paper,9.78,1,0.4,1.36
432,US-2022-00185,03/17/2022,03/23/2022,Standard Class,CU-0471,Aarav Khan,Consumer,United States,Florida,South,Furniture,Chairs,1844.38,6,0.0,74.67
433,US-2022-00185,03/17/2022,03/22/2022,Standard Class,CU-0471,Aarav Khan,Consumer,United States,Florida,South,Furniture,Bookcases,345.18,2,0.4,-62.77
434,US-2025-00186,07/21/2025,07/27/2025,Standard Class,CU-0292,Maya Miller,Corporate,United States,Michigan,Central,Furniture,Furnishings,522.9,7,0.0,43.46
435,US-2023-00187,01/01/2023,01/07/2023,Standard Class,CU-0294,Olivia Smith,Home Office,United States,New York,East,Office Supplies,Binders,73.5,5,0.4,0.75
436,US-2023-00187,01/01/2023,01/07/2023,Standard Class,CU-0294,Olivia Smith,Home Office,United States,New York,East,Furniture,Tables,1434.4,6,0.5,-412.58
437,US-2023-00187,01/01/2023,01/07/2023,Standard Class,CU-0294,Olivia Smith,Home Office,United States,New York,East,Office Supplies,Paper,33.07,2,0.0,12.52
438,US-2023-00187,01/01/2023,01/07/2023,Standard Class,CU-0294,Olivia Smith,Home Office,United States,New York,East,Technology,Accessories,52.18,1,0.0,15.57
439,US-2023-00188,05/24/2023,05/29/2023,Standard Class,CU-0260,Maya Brown,Home Office,United States,Georgia,South,Technology,Phones,1650.2,5,0.0,312.43
440,US-2023-00188,05/24/2023,05/29/2023,Standard Class,CU-0260,Maya Brown,Home Office,United States,Georgia,South,Technology,Machines,1139.65,3,0.2,-117.58
441,US-2023-00188,05/24/2023,05/30/2023,Standard Class,CU-0260,Maya Brown,Home Office,United States,Georgia,South,Furniture,Tables,496.67,1,0.0,-18.33
442,US-2024-00189,09/26/2024,10/01/2024,Standard Class,CU-0377,Noah Miller,Corporate,United States,California,West,Furniture,Bookcases,1498.69,7,0.3,-138.47
443,US-2025-00190,01/12/2025,01/15/2025,First Class,CU-0671,Emma Lee,Consumer,United States,Georgia,South,Technology,Machines,1048.62,3,0.4,-136.81
444,US-2025-00190,01/12/2025,01/15/2025,First Class,CU-0671,Emma Lee,Consumer,United States,Georgia,South,Office Supplies,Binders,92.53,5,0.3,3.87
445,US-2025-00190,01/12/2025,01/15/2025,First Class,CU-0671,Emma Lee,Consumer,United States,Georgia,South,Technology,Machines,1799.52,6,0.5,-580.87
446,US-2025-00190,01/12/2025,01/15/2025,First Class,CU-0671,Emma Lee,Consumer,United States,Georgia,South,Technology,Phones,2282.65,6,0.0,173.79
447,US-2024-00191,08/21/2024,08/21/2024,Same Day,CU-0406,Maya Khan,Home Office,United States,Florida,South,Furniture,Tables,1724.97,6,0.4,-455.47
448,US-2023-00192,11/08/2023,11/14/2023,Standard Class,CU-0133,Aarav Patel,Consumer,United States,Oregon,West,Furniture,Chairs,832.58,6,0.4,-83.16
449,US-2024-00193,04/26/2024,05/01/2024,Standard Class,CU-0141,Zoe Miller,Home Office,United States,Florida,South,Office Supplies,Binders,154.85,6,0.0,35.13
450,US-2024-00193,04/26/2024,05/01/2024,Standard Class,CU-0141,Zoe Miller,Home Office,United States,Florida,South,Furniture,Tables,1011.14,2,0.0,-178.6
451,US-2024-00193,04/26/2024,05/01/2024,Standard Class,CU-0141,Zoe Miller,Home Office,United States,Florida,South,Furniture,Tables,221.84,1,0.4,-74.17
452,US-2024-00193,04/26/2024,05/02/2024,Standard Class,CU-0141,Zoe Miller,Home Office,United States,Florida,South,Technology,Copiers,1220.3,2,0.3,234.1
453,US-2025-00194,10/04/2025,10/07/2025,First Class,CU-0260,Maya Brown,Home Office,United States,Georgia,South,Office Supplies,Art,43.92,4,0.3,5.31
454,US-2025-00194,10/04/2025,10/07/2025,First Class,CU-0260,Maya Brown,Home Office,United States,Georgia,South,Technology,Phones,1592.3,7,0.1,88.39
455,US-2025-00194,10/04/2025,10/07/2025,First Class,CU-0260,Maya Brown,Home Office,United States,Georgia,South,Office Supplies,Paper,53.12,5,0.5,3.38
456,US-2022-00195,07/06/2022,07/11/2022,Standard Class,CU-0649,Liam Patel,Consumer,United States,Pennsylvania,East,Technology,Accessories,243.49,6,0.0,68.14
457,US-2022-00195,07/06/2022,07/11/2022,Standard Class,CU-0649,Liam Patel,Consumer,United States,Pennsylvania,East,Office Supplies,Storage,374.59,5,0.3,-27.1
458,US-2022-00195,07/06/2022,07/11/2022,Standard Class,CU-0649,Liam Patel,Consumer,United States,Pennsylvania,East,Furniture,Chairs,225.83,1,0.0,31.27
459,US-2022-00196,01/30/2022,02/03/2022,Second Class,CU-0036,Priya Davis,Corporate,United States,Washington,West,Office Supplies,Labels,80.58,7,0.2,22.96
460,US-2022-00196,01/30/2022,02/02/2022,Second Class,CU-0036,Priya Davis,Corporate,United States,Washington,West,Office Supplies,Paper,20.31,1,0.0,8.37
461,US-2022-00196,01/30/2022,02/02/2022,Second Class,CU-0036,Priya Davis,Corporate,United States,Washington,West,Furniture,Tables,1645.8,6,0.4,-524.58
462,US-2024-00197,07/05/2024,07/09/2024,Second Class,CU-0075,Ravi Brown,Home Office,United States,Illinois,Central,Office Supplies,Storage,84.18,1,0.0,5.23
463,US-2024-00198,06/30/2024,07/06/2024,Standard Class,CU-0430,John Patel,Corporate,United States,Pennsylvania,East,Office Supplies,Storage,76.56,1,0.1,8.42
464,US-2024-00198,06/30/2024,07/06/2024,Standard Class,CU-0430,John Patel,Corporate,United States,Pennsylvania,East,Furniture,Furnishings,338.94,6,0.0,46.99
465,US-2024-00198,06/30/2024,07/05/2024,Standard Class,CU-0430,John Patel,Corporate,United States,Pennsylvania,East,Office Supplies,Art,8.28,1,0.5,-0.29
466,US-2024-00199,12/05/2024,12/10/2024,Standard Class,CU-0447,Priya Garcia,Corporate,United States,Illinois,Central,Office Supplies,Storage,591.47,7,0.0,57.22
467,US-2024-00200,05/31/2024,06/06/2024,Standard Class,CU-0185,Priya Lee,Home Office,United States,Washington,West,Technology,Copiers,680.98,1,0.1,215.2
468,US-2024-00200,05/31/2024,06/05/2024,Standard Class,CU-0185,Priya Lee,Home Office,United States,Washington,West,Technology,Phones,917.73,3,0.2,57.81
469,US-2024-00200,05/31/2024,06/06/2024,Standard Class,CU-0185,Priya Lee,Home Office,United States,Washington,West,Furniture,Tables,1998.1,5,0.1,-454.81
470,US-2024-00200,05/31/2024,06/06/2024,Standard Class,CU-0185,Priya Lee,Home Office,United States,Washington,West,Furniture,Chairs,171.99,1,0.2,-4.55
471,US-2022-00201,10/29/2022,11/04/2022,Standard Class,CU-0002,Emma Garcia,Home Office,United States,Oregon,West,Office Supplies,Paper,135.79,6,0.1,36.82
472,US-2022-00201,10/29/2022,11/04/2022,Standard Class,CU-0002,Emma Garcia,Home Office,United States,Oregon,West,Furniture,Furnishings,122.95,5,0.5,-21.86
473,US-2022-00201,10/29/2022,11/04/2022,Standard Class,CU-0002,Emma Garcia,Home Office,United States,Oregon,West,Technology,Accessories,52.27,2,0.4,0.99
474,US-2022-00201,10/29/2022,11/03/2022,Standard Class,CU-0002,Emma Garcia,Home Office,United States,Oregon,West,Technology,Copiers,6362.04,7,0.2,1262.3
475,US-2023-00202,08/08/2023,08/13/2023,Standard Class,CU-0611,Liam Clark,Corporate,United States,Washington,West,Technology,Machines,921.95,2,0.2,-20.8
476,US-2025-00203,04/01/2025,04/04/2025,First Class,CU-0322,John Clark,Corporate,United States,Georgia,South,Furniture,Bookcases,1120.25,6,0.4,-227.62
477,US-2025-00203,04/01/2025,04/04/2025,First Class,CU-0322,John Clark,Corporate,United States,Georgia,South,Office Supplies,Binders,39.73,3,0.5,-1.73
478,US-2025-00203,04/01/2025,04/03/2025,First Class,CU-0322,John Clark,Corporate,United States,Georgia,South,Technology,Accessories,190.87,7,0.4,26.18
479,US-2025-00204,09/09/2025,09/15/2025,Standard Class,CU-0046,Sara Miller,Consumer,United States,California,West,Technology,Machines,217.36,1,0.5,-55.1
480,US-2025-00204,09/09/2025,09/14/2025,Standard Class,CU-0046,Sara Miller,Consumer,United States,California,West,Office Supplies,Paper,52.35,4,0.2,15.41
481,US-2025-00204,09/09/2025,09/14/2025,Standard Class,CU-0046,Sara Miller,Consumer,United States,California,West,Office Supplies,Paper,60.73,3,0.1,23.58
482,US-2022-00205,04/17/2022,04/21/2022,Second Class,CU-0650,Zoe Smith,Consumer,United States,Oregon,West,Technology,Phones,1116.77,3,0.0,103.35
483,US-2025-00206,07/02/2025,07/02/2025,Same Day,CU-0600,John Garcia,Corporate,United States,New York,East,Office Supplies,Labels,13.89,1,0.0,4.36
484,US-2025-00206,07/02/2025,07/02/2025,Same Day,CU-0600,John Garcia,Corporate,United States,New York,East,Technology,Phones,1791.3,7,0.0,319.11
485,US-2024-00207,02/11/2024,02/16/2024,Standard Class,CU-0091,Sara Smith,Consumer,United States,Oregon,West,Office Supplies,Paper,14.69,1,0.3,2.63
486,US-2024-00207,02/11/2024,02/17/2024,Standard Class,CU-0091,Sara Smith,Consumer,United States,Oregon,West,Furniture,Chairs,1596.16,5,0.0,120.62
487,US-2024-00207,02/11/2024,02/16/2024,Standard Class,CU-0091,Sara Smith,Consumer,United States,Oregon,West,Furniture,Bookcases,135.17,1,0.5,-34.09
488,US-2024-00207,02/11/2024,02/16/2024,Standard Class,CU-0091,Sara Smith,Consumer,United States,Oregon,West,Technology,Accessories,168.89,3,0.0,36.09
489,US-2024-00208,04/28/2024,05/04/2024,Standard Class,CU-0147,Aarav Lee,Home Office,United States,California,West,Office Supplies,Paper,10.33,1,0.5,2.22
490,US-2024-00208,04/28/2024,05/03/2024,Standard Class,CU-0147,Aarav Lee,Home Office,United States,California,West,Technology,Copiers,1361.35,3,0.4,73.36
491,US-2022-00209,12/20/2022,12/25/2022,Standard Class,CU-0010,Priya Khan,Corporate,United States,Texas,Central,Office Supplies,Binders,57.9,2,0.0,16.65
492,US-2022-00209,12/20/2022,12/26/2022,Standard Class,CU-0010,Priya Khan,Corporate,United States,Texas,Central,Office Supplies,Paper,85.54,4,0.0,24.65
493,US-2022-00209,12/20/2022,12/25/2022,Standard Class,CU-0010,Priya Khan,Corporate,United States,Texas,Central,Furniture,Tables,884.89,2,0.0,-53.31
494,US-2022-00210,10/04/2022,10/09/2022,Standard Class,CU-0651,Ethan Miller,Consumer,United States,Texas,Central,Office Supplies,Art,15.4,2,0.5,-1.48
495,US-2022-00210,10/04/2022,10/10/2022,Standard Class,CU-0651,Ethan Miller,Consumer,United States,Texas,Central,Technology,Phones,807.02,3,0.0,151.53
496,US-2025-00211,03/08/2025,03/12/2025,Second Class,CU-0178,Maya Patel,Consumer,United States,Georgia,South,Office Supplies,Storage,270.56,3,0.2,17.32
497,US-2025-00211,03/08/2025,03/11/2025,Second Class,CU-0178,Maya Patel,Consumer,United States,Georgia,South,Office Supplies,Paper,68.96,4,0.0,30.01
498,US-2025-00211,03/08/2025,03/12/2025,Second Class,CU-0178,Maya Patel,Consumer,United States,Georgia,South,Technology,Machines,296.83,1,0.4,-85.64
499,US-2025-00212,01/05/2025,01/10/2025,Standard Class,CU-0487,Sara Khan,Home Office,United States,Oregon,West,Office Supplies,Paper,55.24,3,0.0,24.83
500,US-2025-00212,01/05/2025,01/11/2025,Standard Class,CU-0487,Sara Khan,Home Office,United States,Oregon,West,Technology,Accessories,397.08,7,0.0,82.81
501,US-2025-00212,01/05/2025,01/10/2025,Standard Class,CU-0487,Sara Khan,Home Office,United States,Oregon,West,Office Supplies,Labels,29.4,2,0.0,11.09
502,US-2025-00212,01/05/2025,01/11/2025,Standard Class,CU-0487,Sara Khan,Home Office,United States,Oregon,West,Office Supplies,Storage,485.13,6,0.3,-46.53
503,US-2023-00213,10/18/2023,10/21/2023,Second Class,CU-0411,Priya Davis,Home Office,United States,California,West,Furniture,Bookcases,941.28,5,0.5,-225.31
504,US-2023-00213,10/18/2023,10/22/2023,Second Class,CU-0411,Priya Davis,Home Office,United States,California,West,Office Supplies,Art,106.03,7,0.0,28.24
505,US-2023-00213,10/18/2023,10/21/2023,Second Class,CU-0411,Priya Davis,Home Office,United States,California,West,Office Supplies,Storage,489.15,5,0.0,33.7
506,US-2022-00214,09/02/2022,09/06/2022,Second Class,CU-0259,Ethan Clark,Corporate,United States,New York,East,Furniture,Tables,2018.58,4,0.0,-231.16
507,US-2022-00215,08/12/2022,08/17/2022,Standard Class,CU-0052,Sara Garcia,Corporate,United States,Texas,Central,Technology,Copiers,4823.43,6,0.0,1904.1
508,US-2022-00215,08/12/2022,08/17/2022,Standard Class,CU-0052,Sara Garcia,Corporate,United States,Texas,Central,Furniture,Bookcases,699.87,3,0.3,-112.24
509,US-2022-00215,08/12/2022,08/17/2022,Standard Class,CU-0052,Sara Garcia,Corporate,United States,Texas,Central,Furniture,Bookcases,1457.81,5,0.1,-24.67
510,US-2024-00216,09/12/2024,09/16/2024,Second Class,CU-0067,Liam Clark,Corporate,United States,Virginia,South,Technology,Accessories,153.73,4,0.2,19.05
511,US-2024-00216,09/12/2024,09/15/2024,Second Class,CU-0067,Liam Clark,Corporate,United States,Virginia,South,Office Supplies,Storage,319.66,3,0.0,10.28
512,US-2024-00216,09/12/2024,09/16/2024,Second Class,CU-0067,Liam Clark,Corporate,United States,Virginia,South,Technology,Machines,1093.86,3,0.3,-112.96
513,US-2024-00217,05/19/2024,05/20/2024,Same Day,CU-0621,Ravi Brown,Home Office,United States,Pennsylvania,East,Furniture,Chairs,831.71,4,0.2,-1.59
514,US-2024-00217,05/19/2024,05/19/2024,Same Day,CU-0621,Ravi Brown,Home Office,United States,Pennsylvania,East,Office Supplies,Art,15.03,1,0.1,2.8
515,US-2024-00217,05/19/2024,05/20/2024,Same Day,CU-0621,Ravi Brown,Home Office,United States,Pennsylvania,East,Office Supplies,Paper,21.03,1,0.0,7.4
516,US-2022-00218,09/09/2022,09/14/2022,Standard Class,CU-0557,Noah Davis,Home Office,United States,Illinois,Central,Furniture,Chairs,700.12,3,0.1,45.48
517,US-2022-00218,09/09/2022,09/14/2022,Standard Class,CU-0557,Noah Davis,Home Office,United States,Illinois,Central,Furniture,Bookcases,274.74,1,0.1,2.28
518,US-2022-00218,09/09/2022,09/15/2022,Standard Class,CU-0557,Noah Davis,Home Office,United States,Illinois,Central,Office Supplies,Art,54.21,5,0.1,13.45
519,US-2022-00218,09/09/2022,09/15/2022,Standard Class,CU-0557,Noah Davis,Home Office,United States,Illinois,Central,Technology,Accessories,180.74,5,0.2,29.06
520,US-2025-00219,06/09/2025,06/15/2025,Standard Class,CU-0222,John Khan,Home Office,United States,New York,East,Technology,Phones,721.5,3,0.2,79.94
521,US-2025-00219,06/09/2025,06/14/2025,Standard Class,CU-0222,John Khan,Home Office,United States,New York,East,Technology,Phones,1946.75,5,0.0,253.5
522,US-2025-00219,06/09/2025,06/15/2025,Standard Class,CU-0222,John Khan,Home Office,United States,New York,East,Furniture,Bookcases,663.53,4,0.5,-166.62
523,US-2025-00220,08/05/2025,08/09/2025,Second Class,CU-0129,Aarav Patel,Consumer,United States,Michigan,Central,Office Supplies,Storage,476.05,7,0.4,-2.94
524,US-2022-00221,07/15/2022,07/21/2022,Standard Class,CU-0117,John Patel,Corporate,United States,Oregon,West,Office Supplies,Art,48.43,5,0.4,2.51
525,US-2022-00221,07/15/2022,07/20/2022,Standard Class,CU-0117,John Patel,Corporate,United States,Oregon,West,Office Supplies,Labels,10.44,1,0.3,3.42
526,US-2024-00222,09/23/2024,09/28/2024,Standard Class,CU-0144,Ravi Smith,Home Office,United States,Oregon,West,Office Supplies,Binders,176.33,6,0.0,43.72
527,US-2024-00223,02/25/2024,02/29/2024,Second Class,CU-0315,Ethan Garcia,Consumer,United States,Texas,Central,Office Supplies,Binders,68.54,4,0.2,5.03
528,US-2022-00224,05/01/2022,05/01/2022,Same Day,CU-0476,Priya Miller,Home Office,United States,New York,East,Technology,Accessories,56.49,2,0.3,3.94
529,US-2022-00224,05/01/2022,05/02/2022,Same Day,CU-0476,Priya Miller,Home Office,United States,New York,East,Technology,Phones,1483.65,5,0.2,2.48
530,US-2024-00225,03/23/2024,03/28/2024,Standard Class,CU-0287,Ravi Wilson,Home Office,United States,Ohio,East,Office Supplies,Art,88.99,5,0.0,23.61
531,US-2024-00225,03/23/2024,03/29/2024,Standard Class,CU-0287,Ravi Wilson,Home Office,United States,Ohio,East,Office Supplies,Labels,62.83,7,0.3,13.57
532,US-2024-00225,03/23/2024,03/28/2024,Standard Class,CU-0287,Ravi Wilson,Home Office,United States,Ohio,East,Technology,Machines,1661.03,4,0.2,32.76
533,US-2024-00225,03/23/2024,03/28/2024,Standard Class,CU-0287,Ravi Wilson,Home Office,United States,Ohio,East,Furniture,Tables,972.47,6,0.5,-326.94
534,US-2023-00226,02/05/2023,02/10/2023,Standard Class,CU-0239,Zoe Davis,Corporate,United States,New York,East,Office Supplies,Binders,75.18,6,0.4,-5.01
535,US-2023-00226,02/05/2023,02/10/2023,Standard Class,CU-0239,Zoe Davis,Corporate,United States,New York,East,Office Supplies,Labels,28.19,5,0.5,3.21
536,US-2023-00227,02/18/2023,02/24/2023,Standard Class,CU-0358,John Davis,Corporate,United States,Virginia,South,Furniture,Tables,1159.44,4,0.4,-343.56
537,US-2023-00227,02/18/2023,02/24/2023,Standard Class,CU-0358,John Davis,Corporate,United States,Virginia,South,Technology,Accessories,168.48,4,0.3,10.02
538,US-2023-00227,02/18/2023,02/24/2023,Standard Class,CU-0358,John Davis,Corporate,United States,Virginia,South,Technology,Phones,1262.99,7,0.4,-138.02
539,US-2024-00228,10/19/2024,10/23/2024,Second Class,CU-0678,John Smith,Home Office,United States,Oregon,West,Technology,Phones,2621.44,7,0.0,345.03
540,US-2024-00228,10/19/2024,10/22/2024,Second Class,CU-0678,John Smith,Home Office,United States,Oregon,West,Furniture,Bookcases,2314.99,7,0.0,113.0
541,US-2022-00229,10/13/2022,10/16/2022,First Class,CU-0053,Maya Khan,Corporate,United States,Georgia,South,Office Supplies,Paper,43.79,4,0.5,3.7
542,US-2022-00229,10/13/2022,10/16/2022,First Class,CU-0053,Maya Khan,Corporate,United States,Georgia,South,Technology,Accessories,57.85,2,0.5,2.57
543,US-2022-00230,01/18/2022,01/23/2022,Standard Class,CU-0143,Ethan Wilson,Consumer,United States,Washington,West,Technology,Machines,445.49,1,0.2,-23.3
544,US-2022-00230,01/18/2022,01/24/2022,Standard Class,CU-0143,Ethan Wilson,Consumer,United States,Washington,West,Furniture,Furnishings,259.7,6,0.1,40.38
545,US-2022-00230,01/18/2022,01/24/2022,Standard Class,CU-0143,Ethan Wilson,Consumer,United States,Washington,West,Technology,Machines,3312.41,6,0.1,185.99
546,US-2024-00231,03/15/2024,03/20/2024,Standard Class,CU-0029,Olivia Davis,Consumer,United States,Michigan,Central,Technology,Copiers,522.52,1,0.3,79.2
547,US-2025-00232,09/05/2025,09/11/2025,Standard Class,CU-0660,Liam Smith,Home Office,United States,Washington,West,Technology,Accessories,305.03,5,0.0,79.37
548,US-2025-00232,09/05/2025,09/10/2025,Standard Class,CU-0660,Liam Smith,Home Office,United States,Washington,West,Furniture,Furnishings,144.7,4,0.5,-24.23
549,US-2025-00232,09/05/2025,09/11/2025,Standard Class,CU-0660,Liam Smith,Home Office,United States,Washington,West,Office Supplies,Art,80.31,7,0.4,2.3
550,US-2025-00232,09/05/2025,09/10/2025,Standard Class,CU-0660,Liam Smith,Home Office,United States,Washington,West,Office Supplies,Storage,240.69,6,0.5,-45.34
551,US-2024-00233,05/05/2024,05/09/2024,Second Class,CU-0037,Emma Davis,Consumer,United States,Ohio,East,Technology,Copiers,1971.42,3,0.3,513.67
552,US-2024-00233,05/05/2024,05/08/2024,Second Class,CU-0037,Emma Davis,Consumer,United States,Ohio,East,Technology,Copiers,3558.66,7,0.5,183.84
553,US-2024-00233,05/05/2024,05/08/2024,Second Class,CU-0037,Emma Davis,Consumer,United States,Ohio,East,Office Supplies,Art,45.85,5,0.3,4.68
554,US-2024-00233,05/05/2024,05/08/2024,Second Class,CU-0037,Emma Davis,Consumer,United States,Ohio,East,Technology,Phones,316.81,1,0.0,30.37
555,US-2022-00234,09/05/2022,09/07/2022,First Class,CU-0299,Ravi Miller,Corporate,United States,Michigan,Central,Furniture,Chairs,1591.5,6,0.0,82.88
556,US-2023-00235,11/20/2023,11/25/2023,Standard Class,CU-0075,Ravi Brown,Home Office,United States,Georgia,South,Office Supplies,Binders,46.4,2,0.2,3.53
557,US-2023-00235,11/20/2023,11/25/2023,Standard Class,CU-0075,Ravi Brown,Home Office,United States,Georgia,South,Technology,Accessories,225.34,4,0.0,46.58
558,US-2023-00235,11/20/2023,11/26/2023,Standard Class,CU-0075,Ravi Brown,Home Office,United States,Georgia,South,Office Supplies,Binders,88.37,3,0.0,18.29
559,US-2023-00235,11/20/2023,11/25/2023,Standard Class,CU-0075,Ravi Brown,Home Office,United States,Georgia,South,Technology,Machines,1943.31,6,0.2,-48.96
560,US-2025-00236,08/14/2025,08/19/2025,Standard Class,CU-0417,Sara Clark,Consumer,United States,Michigan,Central,Technology,Machines,689.95,2,0.3,-175.18
561,US-2025-00236,08/14/2025,08/20/2025,Standard Class,CU-0417,Sara Clark,Consumer,United States,Michigan,Central,Furniture,Chairs,974.94,7,0.4,-98.93
562,US-2022-00237,01/21/2022,01/26/2022,Standard Class,CU-0203,Sara Khan,Home Office,United States,Oregon,West,Office Supplies,Binders,55.34,2,0.0,10.19
563,US-2022-00237,01/21/2022,01/26/2022,Standard Class,CU-0203,Sara Khan,Home Office,United States,Oregon,West,Office Supplies,Storage,156.43,2,0.0,12.18
564,US-2022-00237,01/21/2022,01/27/2022,Standard Class,CU-0203,Sara Khan,Home Office,United States,Oregon,West,Technology,Accessories,225.18,6,0.4,-13.19
565,US-2024-00238,04/20/2024,04/25/2024,Standard Class,CU-0004,Maya Khan,Home Office,United States,Michigan,Central,Furniture,Tables,1521.43,4,0.0,-157.54
566,US-2024-00238,04/20/2024,04/25/2024,Standard Class,CU-0004,Maya Khan,Home Office,United States,Michigan,Central,Technology,Copiers,2692.68,7,0.5,191.03
567,US-2024-00238,04/20/2024,04/26/2024,Standard Class,CU-0004,Maya Khan,Home Office,United States,Michigan,Central,Office Supplies,Storage,581.77,6,0.0,32.18
568,US-2024-00238,04/20/2024,04/26/2024,Standard Class,CU-0004,Maya Khan,Home Office,United States,Michigan,Central,Technology,Copiers,5086.02,5,0.0,1488.19
569,US-2024-00239,09/20/2024,09/25/2024,Standard Class,CU-0105,Maya Brown,Consumer,United States,Illinois,Central,Technology,Copiers,2719.92,3,0.0,1217.8
570,US-2024-00239,09/20/2024,09/26/2024,Standard Class,CU-0105,Maya Brown,Consumer,United States,Illinois,Central,Office Supplies,Binders,109.46,5,0.0,20.82
571,US-2024-00239,09/20/2024,09/25/2024,Standard Class,CU-0105,Maya Brown,Consumer,United States,Illinois,Central,Technology,Machines,626.4,2,0.5,-157.77
572,US-2022-00240,04/22/2022,04/26/2022,Second Class,CU-0029,Olivia Davis,Consumer,United States,Georgia,South,Office Supplies,Labels,26.23,2,0.1,7.06
573,US-2022-00240,04/22/2022,04/26/2022,Second Class,CU-0029,Olivia Davis,Consumer,United States,Georgia,South,Technology,Copiers,5378.43,5,0.0,2405.44
574,US-2023-00241,02/14/2023,02/20/2023,Standard Class,CU-0230,Olivia Garcia,Home Office,United States,Florida,South,Technology,Copiers,4016.1,7,0.4,194.98
575,US-2022-00242,06/06/2022,06/12/2022,Standard Class,CU-0005,Ravi Davis,Home Office,United States,New York,East,Furniture,Tables,294.74,1,0.4,-87.45
576,US-2022-00242,06/06/2022,06/11/2022,Standard Class,CU-0005,Ravi Davis,Home Office,United States,New York,East,Office Supplies,Art,77.26,5,0.0,17.52
577,US-2025-00243,03/05/2025,03/09/2025,Second Class,CU-0289,Ethan Miller,Home Office,United States,Florida,South,Furniture,Furnishings,190.42,5,0.4,-29.49
578,US-2024-00244,05/13/2024,05/18/2024,Standard Class,CU-0080,Emma Lee,Corporate,United States,California,West,Furniture,Bookcases,1162.52,6,0.3,-150.46
579,US-2024-00244,05/13/2024,05/18/2024,Standard Class,CU-0080,Emma Lee,Corporate,United States,California,West,Technology,Machines,1286.55,3,0.3,-124.45
580,US-2024-00244,05/13/2024,05/19/2024,Standard Class,CU-0080,Emma Lee,Corporate,United States,California,West,Technology,Machines,1146.48,5,0.5,-271.11
581,US-2024-00244,05/13/2024,05/18/2024,Standard Class,CU-0080,Emma Lee,Corporate,United States,California,West,Office Supplies,Paper,142.0,7,0.1,48.61
582,US-2022-00245,05/12/2022,05/18/2022,Standard Class,CU-0015,Ravi Lee,Consumer,United States,Illinois,Central,Furniture,Tables,659.47,2,0.0,-25.78
583,US-2022-00245,05/12/2022,05/18/2022,Standard Class,CU-0015,Ravi Lee,Consumer,United States,Illinois,Central,Office Supplies,Binders,49.22,3,0.3,2.62
584,US-2022-00245,05/12/2022,05/17/2022,Standard Class,CU-0015,Ravi Lee,Consumer,United States,Illinois,Central,Furniture,Bookcases,565.13,2,0.0,23.29
585,US-2022-00245,05/12/2022,05/18/2022,Standard Class,CU-0015,Ravi Lee,Consumer,United States,Illinois,Central,Furniture,Tables,1850.38,5,0.0,-170.87
586,US-2024-00246,01/27/2024,01/31/2024,Second Class,CU-0507,Emma Garcia,Home Office,United States,New York,East,Technology,Machines,468.56,2,0.5,-109.83
587,US-2024-00246,01/27/2024,01/31/2024,Second Class,CU-0507,Emma Garcia,Home Office,United States,New York,East,Office Supplies,Art,35.33,2,0.0,7.74
588,US-2024-00246,01/27/2024,01/30/2024,Second Class,CU-0507,Emma Garcia,Home Office,United States,New York,East,Office Supplies,Storage,200.58,3,0.4,0.27
589,US-2023-00247,10/01/2023,10/04/2023,First Class,CU-0595,Aarav Clark,Home Office,United States,Florida,South,Furniture,Furnishings,140.73,4,0.3,-0.3
590,US-2023-00247,10/01/2023,10/03/2023,First Class,CU-0595,Aarav Clark,Home Office,United States,Florida,South,Technology,Machines,2258.6,5,0.3,-280.55
591,US-2023-00247,10/01/2023,10/04/2023,First Class,CU-0595,Aarav Clark,Home Office,United States,Florida,South,Office Supplies,Storage,706.78,7,0.0,48.03
592,US-2023-00247,10/01/2023,10/03/2023,First Class,CU-0595,Aarav Clark,Home Office,United States,Florida,South,Technology,Accessories,58.25,1,0.0,13.63
593,US-2025-00248,11/28/2025,12/03/2025,Standard Class,CU-0609,Priya Clark,Consumer,United States,New York,East,Furniture,Tables,666.93,3,0.5,-308.53
594,US-2024-00249,08/09/2024,08/11/2024,First Class,CU-0256,Priya Miller,Corporate,United States,Michigan,Central,Technology,Phones,127.98,1,0.5,-5.75
595,US-2024-00249,08/09/2024,08/11/2024,First Class,CU-0256,Priya Miller,Corporate,United States,Michigan,Central,Furniture,Chairs,775.13,5,0.4,-103.18
596,US-2024-00250,04/30/2024,05/06/2024,Standard Class,CU-0096,Zoe Patel,Corporate,United States,Pennsylvania,East,Office Supplies,Paper,30.46,2,0.4,5.04
597,US-2024-00250,04/30/2024,05/05/2024,Standard Class,CU-0096,Zoe Patel,Corporate,United States,Pennsylvania,East,Office Supplies,Binders,33.34,2,0.4,-1.76
598,US-2024-00250,04/30/2024,05/05/2024,Standard Class,CU-0096,Zoe Patel,Corporate,United States,Pennsylvania,East,Furniture,Chairs,468.23,2,0.0,19.03
599,US-2024-00251,02/18/2024,02/23/2024,Standard Class,CU-0190,John Miller,Corporate,United States,Illinois,Central,Office Supplies,Binders,55.5,5,0.5,-7.21
600,US-2024-00251,02/18/2024,02/24/2024,Standard Class,CU-0190,John Miller,Corporate,United States,Illinois,Central,Furniture,Chairs,1036.88,4,0.0,119.28
601,US-2024-00251,02/18/2024,02/23/2024,Standard Class,CU-0190,John Miller,Corporate,United States,Illinois,Central,Technology,Copiers,3430.49,7,0.4,128.16
602,US-2024-00251,02/18/2024,02/24/2024,Standard Class,CU-0190,John Miller,Corporate,United States,Illinois,Central,Furniture,Furnishings,288.32,4,0.0,4.41
603,US-2025-00252,06/24/2025,06/29/2025,Standard Class,CU-0286,Ethan Brown,Consumer,United States,Florida,South,Office Supplies,Binders,85.73,6,0.5,2.92
604,US-2022-00253,05/02/2022,05/04/2022,First Class,CU-0307,Sara Miller,Home Office,United States,Texas,Central,Technology,Accessories,309.36,5,0.0,87.3
605,US-2022-00253,05/02/2022,05/05/2022,First Class,CU-0307,Sara Miller,Home Office,United States,Texas,Central,Furniture,Furnishings,56.44,1,0.0,8.8
606,US-2022-00254,02/25/2022,03/03/2022,Standard Class,CU-0078,Ethan Smith,Home Office,United States,New York,East,Technology,Copiers,5186.67,7,0.0,2241.2
607,US-2022-00254,02/25/2022,03/02/2022,Standard Class,CU-0078,Ethan Smith,Home Office,United States,New York,East,Technology,Machines,486.97,1,0.0,25.27
608,US-2022-00254,02/25/2022,03/02/2022,Standard Class,CU-0078,Ethan Smith,Home Office,United States,New York,East,Technology,Machines,2175.21,6,0.3,-345.55
609,US-2022-00254,02/25/2022,03/02/2022,Standard Class,CU-0078,Ethan Smith,Home Office,United States,New York,East,Technology,Machines,1049.97,3,0.3,-133.94
610,US-2023-00255,11/30/2023,12/01/2023,Same Day,CU-0167,Zoe Garcia,Consumer,United States,Michigan,Central,Technology,Accessories,339.91,7,0.0,81.92
611,US-2023-00255,11/30/2023,11/30/2023,Same Day,CU-0167,Zoe Garcia,Consumer,United States,Michigan,Central,Furniture,Furnishings,54.75,1,0.1,7.27
612,US-2023-00255,11/30/2023,12/01/2023,Same Day,CU-0167,Zoe Garcia,Consumer,United States,Michigan,Central,Furniture,Bookcases,1200.57,4,0.2,-37.19
613,US-2023-00255,11/30/2023,11/30/2023,Same Day,CU-0167,Zoe Garcia,Consumer,United States,Michigan,Central,Office Supplies,Storage,473.99,5,0.0,60.61
614,US-2022-00256,09/30/2022,10/03/2022,Second Class,CU-0381,Ethan Lee,Home Office,United States,Texas,Central,Furniture,Furnishings,216.38,3,0.0,54.0
615,US-2022-00256,09/30/2022,10/04/2022,Second Class,CU-0381,Ethan Lee,Home Office,United States,Texas,Central,Technology,Accessories,71.87,3,0.5,4.16
616,US-2022-00256,09/30/2022,10/04/2022,Second Class,CU-0381,Ethan Lee,Home Office,United States,Texas,Central,Furniture,Furnishings,295.59,7,0.4,-37.04
617,US-2022-00256,09/30/2022,10/03/2022,Second Class,CU-0381,Ethan Lee,Home Office,United States,Texas,Central,Office Supplies,Binders,139.9,5,0.0,43.65
618,US-2025-00257,02/11/2025,02/17/2025,Standard Class,CU-0256,Priya Miller,Corporate,United States,Pennsylvania,East,Office Supplies,Storage,179.59,3,0.4,-29.6
619,US-2022-00258,10/15/2022,10/20/2022,Standard Class,CU-0174,Olivia Lee,Consumer,United States,Texas,Central,Technology,Machines,1930.4,4,0.1,98.4
620,US-2022-00258,10/15/2022,10/21/2022,Standard Class,CU-0174,Olivia Lee,Consumer,United States,Texas,Central,Furniture,Furnishings,264.81,7,0.4,-29.6
621,US-2025-00259,04/25/2025,05/01/2025,Standard Class,CU-0356,Liam Clark,Corporate,United States,Washington,West,Office Supplies,Binders,72.57,4,0.2,6.36
622,US-2025-00259,04/25/2025,05/01/2025,Standard Class,CU-0356,Liam Clark,Corporate,United States,Washington,West,Furniture,Tables,288.79,1,0.1,-37.97
623,US-2025-00259,04/25/2025,04/30/2025,Standard Class,CU-0356,Liam Clark,Corporate,United States,Washington,West,Furniture,Tables,807.32,4,0.4,-219.31
624,US-2024-00260,03/15/2024,03/17/2024,First Class,CU-0217,Zoe Wilson,Corporate,United States,Michigan,Central,Office Supplies,Paper,172.76,7,0.0,46.98
625,US-2022-00261,07/19/2022,07/24/2022,Standard Class,CU-0480,Olivia Lee,Home Office,United States,Pennsylvania,East,Furniture,Furnishings,402.32,7,0.0,41.45
626,US-2022-00261,07/19/2022,07/24/2022,Standard Class,CU-0480,Olivia Lee,Home Office,United States,Pennsylvania,East,Office Supplies,Storage,263.81,4,0.4,-39.88
627,US-2022-00261,07/19/2022,07/25/2022,Standard Class,CU-0480,Olivia Lee,Home Office,United States,Pennsylvania,East,Furniture,Tables,371.27,1,0.1,-77.97
628,US-2022-00261,07/19/2022,07/24/2022,Standard Class,CU-0480,Olivia Lee,Home Office,United States,Pennsylvania,East,Furniture,Tables,1580.19,4,0.1,-190.17
629,US-2024-00262,01/26/2024,01/29/2024,First Class,CU-0145,Priya Patel,Corporate,United States,Michigan,Central,Office Supplies,Storage,145.43,2,0.0,14.6
630,US-2024-00262,01/26/2024,01/28/2024,First Class,CU-0145,Priya Patel,Corporate,United States,Michigan,Central,Office Supplies,Labels,49.99,4,0.1,19.06
631,US-2024-00262,01/26/2024,01/29/2024,First Class,CU-0145,Priya Patel,Corporate,United States,Michigan,Central,Office Supplies,Art,40.73,3,0.1,6.3
632,US-2023-00263,08/28/2023,09/03/2023,Standard Class,CU-0590,Emma Smith,Consumer,United States,Virginia,South,Furniture,Tables,1597.6,5,0.3,-322.03
633,US-2023-00263,08/28/2023,09/02/2023,Standard Class,CU-0590,Emma Smith,Consumer,United States,Virginia,South,Technology,Machines,241.61,1,0.4,-56.86
634,US-2023-00263,08/28/2023,09/02/2023,Standard Class,CU-0590,Emma Smith,Consumer,United States,Virginia,South,Furniture,Furnishings,303.75,5,0.0,62.72
635,US-2023-00263,08/28/2023,09/03/2023,Standard Class,CU-0590,Emma Smith,Consumer,United States,Virginia,South,Office Supplies,Binders,65.17,3,0.0,13.83
636,US-2024-00264,12/27/2024,12/31/2024,Second Class,CU-0543,Noah Khan,Corporate,United States,California,West,Technology,Accessories,42.17,1,0.0,12.26
637,US-2024-00265,09/30/2024,10/06/2024,Standard Class,CU-0442,Ethan Wilson,Consumer,United States,Texas,Central,Office Supplies,Binders,81.88,7,0.5,-1.42
638,US-2024-00265,09/30/2024,10/06/2024,Standard Class,CU-0442,Ethan Wilson,Consumer,United States,Texas,Central,Technology,Phones,852.02,3,0.0,164.71
639,US-2024-00265,09/30/2024,10/06/2024,Standard Class,CU-0442,Ethan Wilson,Consumer,United States,Texas,Central,Office Supplies,Paper,59.03,4,0.2,15.32
640,US-2024-00265,09/30/2024,10/05/2024,Standard Class,CU-0442,Ethan Wilson,Consumer,United States,Texas,Central,Technology,Copiers,5816.93,6,0.0,1877.03
641,US-2023-00266,07/20/2023,07/26/2023,Standard Class,CU-0623,Maya Davis,Consumer,United States,Pennsylvania,East,Technology,Copiers,2619.41,5,0.4,479.32
642,US-2022-00267,06/09/2022,06/10/2022,Same Day,CU-0076,Sara Wilson,Corporate,United States,Michigan,Central,Furniture,Chairs,846.24,4,0.1,28.05
643,US-2022-00267,06/09/2022,06/10/2022,Same Day,CU-0076,Sara Wilson,Corporate,United States,Michigan,Central,Technology,Phones,546.26,4,0.5,-67.42
644,US-2024-00268,11/08/2024,11/14/2024,Standard Class,CU-0555,John Khan,Corporate,United States,Illinois,Central,Furniture,Furnishings,242.57,7,0.5,-30.18
645,US-2024-00268,11/08/2024,11/13/2024,Standard Class,CU-0555,John Khan,Corporate,United States,Illinois,Central,Office Supplies,Binders,114.12,4,0.0,7.36
646,US-2024-00268,11/08/2024,11/13/2024,Standard Class,CU-0555,John Khan,Corporate,United States,Illinois,Central,Office Supplies,Binders,57.18,3,0.4,1.0
647,US-2024-00268,11/08/2024,11/14/2024,Standard Class,CU-0555,John Khan,Corporate,United States,Illinois,Central,Office Supplies,Art,42.52,5,0.5,-1.97
648,US-2023-00269,07/23/2023,07/25/2023,First Class,CU-0461,Zoe Brown,Corporate,United States,Oregon,West,Office Supplies,Storage,524.17,6,0.0,104.23
649,US-2023-00269,07/23/2023,07/26/2023,First Class,CU-0461,Zoe Brown,Corporate,United States,Oregon,West,Technology,Accessories,106.1,3,0.4,1.13
650,US-2023-00270,01/29/2023,02/03/2023,Standard Class,CU-0176,Sara Clark,Consumer,United States,Pennsylvania,East,Office Supplies,Labels,64.27,6,0.2,14.21
651,US-2023-00270,01/29/2023,02/04/2023,Standard Class,CU-0176,Sara Clark,Consumer,United States,Pennsylvania,East,Office Supplies,Binders,68.6,5,0.5,-5.78
652,US-2023-00270,01/29/2023,02/04/2023,Standard Class,CU-0176,Sara Clark,Consumer,United States,Pennsylvania,East,Technology,Phones,1072.39,5,0.4,-6.23
653,US-2023-00270,01/29/2023,02/04/2023,Standard Class,CU-0176,Sara Clark,Consumer,United States,Pennsylvania,East,Office Supplies,Paper,117.09,5,0.0,40.47
654,US-2022-00271,11/29/2022,12/04/2022,Standard Class,CU-0657,Ethan Patel,Home Office,United States,Washington,West,Furniture,Tables,925.86,2,0.0,-65.39
655,US-2022-00271,11/29/2022,12/04/2022,Standard Class,CU-0657,Ethan Patel,Home Office,United States,Washington,West,Office Supplies,Storage,165.21,2,0.0,23.69
656,US-2022-00271,11/29/2022,12/05/2022,Standard Class,CU-0657,Ethan Patel,Home Office,United States,Washington,West,Furniture,Tables,1304.92,5,0.2,-246.33
657,US-2022-00271,11/29/2022,12/05/2022,Standard Class,CU-0657,Ethan Patel,Home Office,United States,Washington,West,Furniture,Chairs,463.65,3,0.5,-86.58
658,US-2022-00272,03/29/2022,03/31/2022,First Class,CU-0326,John Smith,Corporate,United States,Texas,Central,Technology,Phones,1340.59,7,0.3,24.55
659,US-2022-00272,03/29/2022,03/31/2022,First Class,CU-0326,John Smith,Corporate,United States,Texas,Central,Furniture,Tables,1352.96,5,0.3,-392.32
660,US-2025-00273,09/04/2025,09/07/2025,First Class,CU-0176,Sara Clark,Consumer,United States,Washington,West,Furniture,Bookcases,1173.22,5,0.2,-166.66
661,US-2022-00274,09/03/2022,09/07/2022,Second Class,CU-0672,Zoe Miller,Consumer,United States,Ohio,East,Office Supplies,Paper,27.16,2,0.4,4.04
662,US-2022-00274,09/03/2022,09/07/2022,Second Class,CU-0672,Zoe Miller,Consumer,United States,Ohio,East,Furniture,Bookcases,997.09,4,0.3,-65.17
663,US-2025-00275,04/03/2025,04/08/2025,Standard Class,CU-0282,Aarav Smith,Consumer,United States,California,West,Furniture,Furnishings,323.45,6,0.0,47.06
664,US-2025-00276,02/19/2025,02/25/2025,Standard Class,CU-0341,Aarav Smith,Home Office,United States,Pennsylvania,East,Technology,Accessories,334.68,6,0.1,68.32
665,US-2025-00276,02/19/2025,02/25/2025,Standard Class,CU-0341,Aarav Smith,Home Office,United States,Pennsylvania,East,Furniture,Bookcases,1220.93,4,0.0,-34.31
666,US-2025-00276,02/19/2025,02/24/2025,Standard Class,CU-0341,Aarav Smith,Home Office,United States,Pennsylvania,East,Furniture,Chairs,306.46,1,0.0,36.11
667,US-2023-00277,03/28/2023,03/30/2023,First Class,CU-0431,John Wilson,Corporate,United States,California,West,Furniture,Bookcases,2481.14,7,0.0,7.76
668,US-2023-00277,03/28/2023,03/31/2023,First Class,CU-0431,John Wilson,Corporate,United States,California,West,Furniture,Tables,1198.77,3,0.0,-180.72
669,US-2023-00277,03/28/2023,03/31/2023,First Class,CU-0431,John Wilson,Corporate,United States,California,West,Furniture,Furnishings,221.65,6,0.3,8.39
670,US-2023-00277,03/28/2023,03/31/2023,First Class,CU-0431,John Wilson,Corporate,United States,California,West,Technology,Accessories,323.78,6,0.0,89.63
671,US-2023-00278,02/06/2023,02/09/2023,Second Class,CU-0040,Maya Brown,Consumer,United States,Michigan,Central,Office Supplies,Binders,132.65,6,0.0,25.72
672,US-2023-00278,02/06/2023,02/10/2023,Second Class,CU-0040,Maya Brown,Consumer,United States,Michigan,Central,Furniture,Chairs,924.42,7,0.5,-97.75
673,US-2023-00278,02/06/2023,02/09/2023,Second Class,CU-0040,Maya Brown,Consumer,United States,Michigan,Central,Office Supplies,Paper,63.1,3,0.0,28.81
674,US-2023-00279,10/24/2023,10/30/2023,Standard Class,CU-0660,Liam Smith,Home Office,United States,Illinois,Central,Office Supplies,Storage,78.73,1,0.0,10.27
675,US-2023-00279,10/24/2023,10/29/2023,Standard Class,CU-0660,Liam Smith,Home Office,United States,Illinois,Central,Furniture,Tables,2016.7,5,0.0,-210.55
676,US-2023-00279,10/24/2023,10/30/2023,Standard Class,CU-0660,Liam Smith,Home Office,United States,Illinois,Central,Furniture,Tables,3003.75,7,0.1,-572.1
677,US-2023-00279,10/24/2023,10/29/2023,Standard Class,CU-0660,Liam Smith,Home Office,United States,Illinois,Central,Furniture,Furnishings,127.38,3,0.4,-2.62
678,US-2022-00280,06/20/2022,06/24/2022,Second Class,CU-0697,Sara Smith,Home Office,United States,Washington,West,Office Supplies,Art,110.78,6,0.0,30.94
679,US-2022-00280,06/20/2022,06/24/2022,Second Class,CU-0697,Sara Smith,Home Office,United States,Washington,West,Technology,Phones,1195.78,6,0.4,-169.73
680,US-2022-00280,06/20/2022,06/24/2022,Second Class,CU-0697,Sara Smith,Home Office,United States,Washington,West,Furniture,Furnishings,132.93,3,0.3,3.5
681,US-2022-00280,06/20/2022,06/23/2022,Second Class,CU-0697,Sara Smith,Home Office,United States,Washington,West,Office Supplies,Art,26.48,3,0.5,-1.56
682,US-2025-00281,09/14/2025,09/19/2025,Standard Class,CU-0127,Liam Brown,Consumer,United States,Michigan,Central,Office Supplies,Storage,400.07,4,0.0,34.02
683,US-2025-00281,09/14/2025,09/19/2025,Standard Class,CU-0127,Liam Brown,Consumer,United States,Michigan,Central,Office Supplies,Art,34.48,4,0.3,0.08
684,US-2025-00281,09/14/2025,09/20/2025,Standard Class,CU-0127,Liam Brown,Consumer,United States,Michigan,Central,Technology,Machines,1288.29,2,0.0,88.95
685,US-2025-00281,09/14/2025,09/20/2025,Standard Class,CU-0127,Liam Brown,Consumer,United States,Michigan,Central,Furniture,Tables,989.8,4,0.5,-333.98
686,US-2022-00282,12/08/2022,12/11/2022,First Class,CU-0028,Emma Patel,Home Office,United States,Florida,South,Office Supplies,Binders,67.16,4,0.3,2.35
687,US-2022-00282,12/08/2022,12/11/2022,First Class,CU-0028,Emma Patel,Home Office,United States,Florida,South,Furniture,Furnishings,404.34,6,0.1,35.97
688,US-2022-00282,12/08/2022,12/10/2022,First Class,CU-0028,Emma Patel,Home Office,United States,Florida,South,Furniture,Chairs,527.49,5,0.5,-70.67
689,US-2022-00283,05/29/2022,06/04/2022,Standard Class,CU-0044,Olivia Khan,Corporate,United States,New York,East,Office Supplies,Paper,38.04,4,0.5,2.62
690,US-2022-00283,05/29/2022,06/04/2022,Standard Class,CU-0044,Olivia Khan,Corporate,United States,New York,East,Office Supplies,Binders,88.16,5,0.3,-3.12
691,US-2022-00283,05/29/2022,06/03/2022,Standard Class,CU-0044,Olivia Khan,Corporate,United States,New York,East,Office Supplies,Paper,51.72,6,0.5,3.75
692,US-2025-00284,05/08/2025,05/13/2025,Standard Class,CU-0438,Liam Davis,Home Office,United States,Michigan,Central,Furniture,Furnishings,43.01,1,0.2,1.68
693,US-2025-00284,05/08/2025,05/13/2025,Standard Class,CU-0438,Liam Davis,Home Office,United States,Michigan,Central,Technology,Copiers,3657.78,4,0.1,1085.34
694,US-2025-00284,05/08/2025,05/13/2025,Standard Class,CU-0438,Liam Davis,Home Office,United States,Michigan,Central,Technology,Accessories,61.65,1,0.0,14.5
695,US-2023-00285,10/22/2023,10/26/2023,Second Class,CU-0627,Ravi Patel,Corporate,United States,Pennsylvania,East,Technology,Copiers,1023.72,1,0.0,456.26
696,US-2024-00286,09/07/2024,09/10/2024,Second Class,CU-0311,Noah Miller,Consumer,United States,Pennsylvania,East,Office Supplies,Labels,12.76,2,0.4,1.67
697,US-2023-00287,06/26/2023,07/01/2023,Standard Class,CU-0120,Ethan Smith,Home Office,United States,Texas,Central,Technology,Phones,125.49,1,0.5,-24.7
698,US-2023-00287,06/26/2023,07/01/2023,Standard Class,CU-0120,Ethan Smith,Home Office,United States,Texas,Central,Furniture,Furnishings,203.39,3,0.1,5.69
699,US-2023-00288,07/02/2023,07/07/2023,Standard Class,CU-0427,Aarav Wilson,Home Office,United States,Washington,West,Office Supplies,Binders,189.08,7,0.0,33.3
700,US-2023-00288,07/02/2023,07/07/2023,Standard Class,CU-0427,Aarav Wilson,Home Office,United States,Washington,West,Office Supplies,Art,52.13,4,0.0,10.9
701,US-2022-00289,05/14/2022,05/17/2022,First Class,CU-0166,Liam Patel,Corporate,United States,Virginia,South,Office Supplies,Paper,55.5,3,0.2,18.3
702,US-2023-00290,08/01/2023,08/06/2023,Standard Class,CU-0076,Sara Wilson,Corporate,United States,Illinois,Central,Furniture,Furnishings,85.77,3,0.5,-16.82
703,US-2023-00290,08/01/2023,08/07/2023,Standard Class,CU-0076,Sara Wilson,Corporate,United States,Illinois,Central,Technology,Copiers,2847.68,3,0.0,1207.66
704,US-2025-00291,04/14/2025,04/19/2025,Standard Class,CU-0065,Olivia Lee,Home Office,United States,Pennsylvania,East,Furniture,Furnishings,176.38,5,0.5,-34.1
705,US-2023-00292,09/10/2023,09/13/2023,Second Class,CU-0578,Ethan Miller,Home Office,United States,Pennsylvania,East,Furniture,Bookcases,921.3,7,0.5,-367.12
706,US-2022-00293,03/14/2022,03/17/2022,First Class,CU-0513,Maya Patel,Home Office,United States,Ohio,East,Furniture,Tables,1278.17,5,0.5,-537.09
707,US-2022-00293,03/14/2022,03/17/2022,First Class,CU-0513,Maya Patel,Home Office,United States,Ohio,East,Technology,Accessories,88.37,3,0.5,0.71
708,US-2022-00293,03/14/2022,03/17/2022,First Class,CU-0513,Maya Patel,Home Office,United States,Ohio,East,Technology,Phones,1049.13,6,0.5,-163.88
709,US-2022-00293,03/14/2022,03/16/2022,First Class,CU-0513,Maya Patel,Home Office,United States,Ohio,East,Technology,Phones,485.93,3,0.4,-29.72
710,US-2024-00294,06/05/2024,06/09/2024,Second Class,CU-0389,Noah Patel,Consumer,United States,Florida,South,Furniture,Bookcases,1329.84,4,0.1,-52.66
711,US-2024-00294,06/05/2024,06/09/2024,Second Class,CU-0389,Noah Patel,Consumer,United States,Florida,South,Technology,Copiers,5830.65,5,0.0,1985.7
712,US-2024-00294,06/05/2024,06/09/2024,Second Class,CU-0389,Noah Patel,Consumer,United States,Florida,South,Furniture,Bookcases,796.81,4,0.4,-186.02
713,US-2022-00295,08/28/2022,08/28/2022,Same Day,CU-0009,Priya Miller,Corporate,United States,Pennsylvania,East,Furniture,Furnishings,101.62,2,0.1,9.65
714,US-2022-00295,08/28/2022,08/28/2022,Same Day,CU-0009,Priya Miller,Corporate,United States,Pennsylvania,East,Furniture,Bookcases,262.58,1,0.1,-2.48
715,US-2022-00295,08/28/2022,08/28/2022,Same Day,CU-0009,Priya Miller,Corporate,United States,Pennsylvania,East,Technology,Phones,780.9,3,0.1,76.97
716,US-2025-00296,05/28/2025,06/02/2025,Standard Class,CU-0605,Ravi Garcia,Home Office,United States,New York,East,Furniture,Furnishings,226.91,5,0.4,-34.62
717,US-2025-00296,05/28/2025,06/02/2025,Standard Class,CU-0605,Ravi Garcia,Home Office,United States,New York,East,Office Supplies,Art,35.14,2,0.0,8.09
718,US-2025-00296,05/28/2025,06/03/2025,Standard Class,CU-0605,Ravi Garcia,Home Office,United States,New York,East,Office Supplies,Paper,96.39,6,0.3,20.55
719,US-2022-00297,12/12/2022,12/17/2022,Standard Class,CU-0194,Maya Smith,Home Office,United States,Georgia,South,Technology,Copiers,3843.7,5,0.1,753.89
720,US-2022-00297,12/12/2022,12/17/2022,Standard Class,CU-0194,Maya Smith,Home Office,United States,Georgia,South,Technology,Copiers,6118.68,6,0.0,2259.98
721,US-2022-00297,12/12/2022,12/18/2022,Standard Class,CU-0194,Maya Smith,Home Office,United States,Georgia,South,Technology,Copiers,3038.77,5,0.4,526.9
722,US-2024-00298,07/05/2024,07/10/2024,Standard Class,CU-0417,Sara Clark,Consumer,United States,Pennsylvania,East,Technology,Accessories,125.79,5,0.4,-0.86
723,US-2024-00298,07/05/2024,07/10/2024,Standard Class,CU-0417,Sara Clark,Consumer,United States,Pennsylvania,East,Office Supplies,Labels,27.56,2,0.1,10.59
724,US-2025-00299,04/24/2025,04/24/2025,Same Day,CU-0017,Ravi Davis,Home Office,United States,Pennsylvania,East,Technology,Phones,230.72,1,0.3,-13.57
725,US-2023-00300,01/09/2023,01/11/2023,First Class,CU-0516,Olivia Miller,Home Office,United States,Texas,Central,Furniture,Chairs,1205.77,7,0.4,-219.53
726,US-2022-00301,12/14/2022,12/20/2022,Standard Class,CU-0039,Noah Khan,Consumer,United States,Georgia,South,Office Supplies,Storage,182.17,2,0.2,-2.78
727,US-2025-00302,11/29/2025,12/05/2025,Standard Class,CU-0005,Ravi Davis,Home Office,United States,New York,East,Furniture,Tables,808.79,3,0.3,-174.28
728,US-2025-00302,11/29/2025,12/04/2025,Standard Class,CU-0005,Ravi Davis,Home Office,United States,New York,East,Technology,Accessories,69.45,2,0.3,4.38
729,US-2023-00303,07/28/2023,08/03/2023,Standard Class,CU-0511,Maya Smith,Home Office,United States,Illinois,Central,Furniture,Bookcases,1680.88,6,0.0,-45.79
730,US-2023-00303,07/28/2023,08/02/2023,Standard Class,CU-0511,Maya Smith,Home Office,United States,Illinois,Central,Office Supplies,Binders,78.55,3,0.1,14.85
731,US-2023-00303,07/28/2023,08/02/2023,Standard Class,CU-0511,Maya Smith,Home Office,United States,Illinois,Central,Technology,Accessories,48.84,2,0.5,2.35
732,US-2023-00303,07/28/2023,08/03/2023,Standard Class,CU-0511,Maya Smith,Home Office,United States,Illinois,Central,Technology,Machines,1405.33,7,0.5,-316.39
733,US-2025-00304,10/19/2025,10/22/2025,Second Class,CU-0208,Emma Patel,Corporate,United States,Georgia,South,Furniture,Tables,1716.05,6,0.3,-447.13
734,US-2025-00304,10/19/2025,10/22/2025,Second Class,CU-0208,Emma Patel,Corporate,United States,Georgia,South,Technology,Accessories,54.67,1,0.1,12.01
735,US-2025-00304,10/19/2025,10/22/2025,Second Class,CU-0208,Emma Patel,Corporate,United States,Georgia,South,Technology,Phones,466.87,3,0.4,-14.96
736,US-2025-00304,10/19/2025,10/23/2025,Second Class,CU-0208,Emma Patel,Corporate,United States,Georgia,South,Technology,Accessories,327.34,7,0.0,56.85
737,US-2024-00305,12/10/2024,12/16/2024,Standard Class,CU-0377,Noah Miller,Corporate,United States,Illinois,Central,Office Supplies,Storage,239.56,6,0.5,-35.23
738,US-2022-00306,09/15/2022,09/20/2022,Standard Class,CU-0125,Liam Lee,Home Office,United States,Washington,West,Furniture,Bookcases,1283.02,5,0.0,82.91
739,US-2023-00307,03/07/2023,03/11/2023,Second Class,CU-0039,Noah Khan,Consumer,United States,Ohio,East,Furniture,Furnishings,203.6,4,0.0,23.74
740,US-2023-00307,03/07/2023,03/11/2023,Second Class,CU-0039,Noah Khan,Consumer,United States,Ohio,East,Office Supplies,Labels,53.15,7,0.3,12.41
741,US-2022-00308,11/03/2022,11/03/2022,Same Day,CU-0068,Ethan Garcia,Home Office,United States,Pennsylvania,East,Technology,Phones,720.14,3,0.0,38.31
742,US-2022-00308,11/03/2022,11/03/2022,Same Day,CU-0068,Ethan Garcia,Home Office,United States,Pennsylvania,East,Technology,Accessories,260.46,7,0.4,9.61
743,US-2022-00308,11/03/2022,11/04/2022,Same Day,CU-0068,Ethan Garcia,Home Office,United States,Pennsylvania,East,Office Supplies,Art,70.29,7,0.3,12.99
744,US-2023-00309,04/18/2023,04/19/2023,Same Day,CU-0323,Olivia Lee,Home Office,United States,Georgia,South,Furniture,Tables,1298.82,4,0.0,-144.43
745,US-2023-00309,04/18/2023,04/19/2023,Same Day,CU-0323,Olivia Lee,Home Office,United States,Georgia,South,Office Supplies,Art,16.7,1,0.0,5.33
746,US-2022-00310,02/14/2022,02/17/2022,Second Class,CU-0118,Aarav Brown,Corporate,United States,Pennsylvania,East,Office Supplies,Storage,96.17,1,0.0,16.96
747,US-2023-00311,06/06/2023,06/11/2023,Standard Class,CU-0078,Ethan Smith,Home Office,United States,Oregon,West,Furniture,Tables,607.65,2,0.3,-198.06
748,US-2023-00311,06/06/2023,06/11/2023,Standard Class,CU-0078,Ethan Smith,Home Office,United States,Oregon,West,Office Supplies,Art,42.34,6,0.5,-0.13
749,US-2022-00312,10/17/2022,10/22/2022,Standard Class,CU-0093,Emma Davis,Consumer,United States,Virginia,South,Office Supplies,Labels,76.28,6,0.0,25.46
750,US-2022-00312,10/17/2022,10/22/2022,Standard Class,CU-0093,Emma Davis,Consumer,United States,Virginia,South,Technology,Accessories,148.95,3,0.1,29.27
751,US-2022-00312,10/17/2022,10/22/2022,Standard Class,CU-0093,Emma Davis,Consumer,United States,Virginia,South,Furniture,Furnishings,51.59,1,0.2,5.38
752,US-2022-00312,10/17/2022,10/23/2022,Standard Class,CU-0093,Emma Davis,Consumer,United States,Virginia,South,Office Supplies,Storage,243.01,3,0.3,-8.36
753,US-2022-00313,07/16/2022,07/22/2022,Standard Class,CU-0319,Priya Miller,Corporate,United States,Florida,South,Office Supplies,Art,33.93,2,0.0,9.7
754,US-2022-00313,07/16/2022,07/21/2022,Standard Class,CU-0319,Priya Miller,Corporate,United States,Florida,South,Office Supplies,Paper,68.11,3,0.0,30.67
755,US-2023-00314,06/16/2023,06/19/2023,First Class,CU-0441,Maya Brown,Corporate,United States,California,West,Technology,Phones,2375.38,7,0.0,286.32
756,US-2025-00315,07/07/2025,07/13/2025,Standard Class,CU-0044,Olivia Khan,Corporate,United States,Oregon,West,Office Supplies,Labels,11.56,1,0.0,5.3
757,US-2024-00316,09/15/2024,09/18/2024,Second Class,CU-0162,Priya Garcia,Consumer,United States,Virginia,South,Office Supplies,Paper,94.29,7,0.3,30.45
758,US-2024-00316,09/15/2024,09/18/2024,Second Class,CU-0162,Priya Garcia,Consumer,United States,Virginia,South,Technology,Phones,909.42,4,0.2,94.33
759,US-2024-00316,09/15/2024,09/19/2024,Second Class,CU-0162,Priya Garcia,Consumer,United States,Virginia,South,Office Supplies,Storage,172.16,2,0.2,-3.11
760,US-2024-00316,09/15/2024,09/18/2024,Second Class,CU-0162,Priya Garcia,Consumer,United States,Virginia,South,Office Supplies,Paper,125.76,5,0.0,55.38
761,US-2024-00317,01/03/2024,01/09/2024,Standard Class,CU-0333,Noah Lee,Home Office,United States,Georgia,South,Technology,Accessories,338.32,7,0.1,70.53
762,US-2024-00317,01/03/2024,01/08/2024,Standard Class,CU-0333,Noah Lee,Home Office,United States,Georgia,South,Office Supplies,Storage,191.75,3,0.3,-3.96
763,US-2024-00318,11/03/2024,11/07/2024,Second Class,CU-0549,Maya Brown,Corporate,United States,Ohio,East,Technology,Phones,183.64,1,0.4,4.67
764,US-2024-00318,11/03/2024,11/07/2024,Second Class,CU-0549,Maya Brown,Corporate,United States,Ohio,East,Furniture,Bookcases,917.65,4,0.2,-190.62
765,US-2024-00318,11/03/2024,11/06/2024,Second Class,CU-0549,Maya Brown,Corporate,United States,Ohio,East,Technology,Phones,695.42,3,0.3,1.82
766,US-2022-00319,03/28/2022,04/03/2022,Standard Class,CU-0450,Ravi Davis,Corporate,United States,New York,East,Technology,Accessories,292.45,7,0.0,62.26
767,US-2022-00319,03/28/2022,04/03/2022,Standard Class,CU-0450,Ravi Davis,Corporate,United States,New York,East,Furniture,Chairs,1030.07,5,0.0,111.82
768,US-2022-00320,07/01/2022,07/06/2022,Standard Class,CU-0558,Noah Brown,Home Office,United States,Michigan,Central,Office Supplies,Labels,15.7,2,0.4,2.51
769,US-2022-00320,07/01/2022,07/06/2022,Standard Class,CU-0558,Noah Brown,Home Office,United States,Michigan,Central,Furniture,Chairs,279.38,1,0.1,23.92
770,US-2023-00321,06/11/2023,06/14/2023,First Class,CU-0258,Zoe Smith,Home Office,United States,Ohio,East,Technology,Machines,1819.92,6,0.3,-204.27
771,US-2022-00322,01/23/2022,01/29/2022,Standard Class,CU-0204,Ethan Wilson,Corporate,United States,Texas,Central,Technology,Copiers,2089.28,5,0.5,194.0
772,US-2025-00323,04/30/2025,05/06/2025,Standard Class,CU-0679,Zoe Wilson,Corporate,United States,Illinois,Central,Office Supplies,Storage,238.04,5,0.5,-34.49
773,US-2025-00323,04/30/2025,05/06/2025,Standard Class,CU-0679,Zoe Wilson,Corporate,United States,Illinois,Central,Office Supplies,Paper,70.92,6,0.4,16.27
774,US-2025-00323,04/30/2025,05/06/2025,Standard Class,CU-0679,Zoe Wilson,Corporate,United States,Illinois,Central,Technology,Phones,1769.08,6,0.1,154.08
775,US-2025-00323,04/30/2025,05/06/2025,Standard Class,CU-0679,Zoe Wilson,Corporate,United States,Illinois,Central,Furniture,Bookcases,710.8,2,0.0,22.97
776,US-2022-00324,05/05/2022,05/08/2022,First Class,CU-0074,Ethan Patel,Corporate,United States,Washington,West,Technology,Phones,620.6,3,0.2,-16.26
777,US-2024-00325,05/13/2024,05/18/2024,Standard Class,CU-0038,Priya Khan,Corporate,United States,Ohio,East,Furniture,Furnishings,384.54,6,0.0,51.07
778,US-2024-00325,05/13/2024,05/19/2024,Standard Class,CU-0038,Priya Khan,Corporate,United States,Ohio,East,Office Supplies,Labels,39.78,5,0.2,11.37
779,US-2024-00325,05/13/2024,05/18/2024,Standard Class,CU-0038,Priya Khan,Corporate,United States,Ohio,East,Office Supplies,Paper,112.02,7,0.3,28.5
780,US-2024-00325,05/13/2024,05/19/2024,Standard Class,CU-0038,Priya Khan,Corporate,United States,Ohio,East,Office Supplies,Labels,15.58,1,0.0,5.8
781,US-2025-00326,01/19/2025,01/21/2025,First Class,CU-0232,Zoe Smith,Consumer,United States,California,West,Technology,Machines,2605.64,6,0.3,-229.99
782,US-2025-00327,08/16/2025,08/19/2025,First Class,CU-0218,Olivia Brown,Home Office,United States,New York,East,Furniture,Bookcases,2246.1,6,0.0,234.7
783,US-2025-00327,08/16/2025,08/18/2025,First Class,CU-0218,Olivia Brown,Home Office,United States,New York,East,Office Supplies,Labels,75.42,5,0.0,25.41
784,US-2022-00328,02/13/2022,02/16/2022,First Class,CU-0449,John Clark,Home Office,United States,Virginia,South,Technology,Copiers,401.21,1,0.5,59.2
785,US-2022-00328,02/13/2022,02/15/2022,First Class,CU-0449,John Clark,Home Office,United States,Virginia,South,Furniture,Furnishings,265.16,6,0.1,23.83
786,US-2025-00329,01/04/2025,01/09/2025,Standard Class,CU-0137,Zoe Smith,Consumer,United States,California,West,Technology,Accessories,45.99,1,0.0,14.32
787,US-2025-00329,01/04/2025,01/09/2025,Standard Class,CU-0137,Zoe Smith,Consumer,United States,California,West,Technology,Accessories,227.86,6,0.4,14.51
788,US-2025-00329,01/04/2025,01/10/2025,Standard Class,CU-0137,Zoe Smith,Consumer,United States,California,West,Technology,Accessories,277.04,5,0.0,30.86
789,US-2025-00330,03/15/2025,03/20/2025,Standard Class,CU-0111,Noah Lee,Consumer,United States,Virginia,South,Furniture,Chairs,716.43,5,0.3,-61.31
790,US-2024-00331,11/22/2024,11/23/2024,Same Day,CU-0610,Zoe Miller,Home Office,United States,Washington,West,Furniture,Tables,1972.85,4,0.0,-314.96
791,US-2024-00331,11/22/2024,11/22/2024,Same Day,CU-0610,Zoe Miller,Home Office,United States,Washington,West,Technology,Machines,1808.83,6,0.5,-388.8
792,US-2024-00331,11/22/2024,11/22/2024,Same Day,CU-0610,Zoe Miller,Home Office,United States,Washington,West,Furniture,Bookcases,519.74,2,0.0,1.76
793,US-2024-00331,11/22/2024,11/23/2024,Same Day,CU-0610,Zoe Miller,Home Office,United States,Washington,West,Office Supplies,Art,60.17,4,0.2,7.63
794,US-2025-00332,07/24/2025,07/28/2025,Second Class,CU-0290,Ethan Garcia,Consumer,United States,Georgia,South,Office Supplies,Art,34.9,4,0.5,-1.84
795,US-2025-00332,07/24/2025,07/28/2025,Second Class,CU-0290,Ethan Garcia,Consumer,United States,Georgia,South,Office Supplies,Binders,141.3,6,0.2,13.22
796,US-2025-00332,07/24/2025,07/28/2025,Second Class,CU-0290,Ethan Garcia,Consumer,United States,Georgia,South,Technology,Copiers,4587.03,6,0.2,1295.76
797,US-2023-00333,09/04/2023,09/09/2023,Standard Class,CU-0142,Noah Garcia,Consumer,United States,Pennsylvania,East,Technology,Accessories,348.14,6,0.0,110.9
798,US-2023-00333,09/04/2023,09/10/2023,Standard Class,CU-0142,Noah Garcia,Consumer,United States,Pennsylvania,East,Office Supplies,Binders,171.5,6,0.0,34.71
799,US-2023-00333,09/04/2023,09/09/2023,Standard Class,CU-0142,Noah Garcia,Consumer,United States,Pennsylvania,East,Technology,Accessories,142.38,5,0.4,6.04
800,US-2024-00334,06/26/2024,06/28/2024,First Class,CU-0385,Emma Clark,Consumer,United States,California,West,Office Supplies,Labels,43.16,4,0.0,15.12
801,US-2024-00334,06/26/2024,06/29/2024,First Class,CU-0385,Emma Clark,Consumer,United States,California,West,Office Supplies,Paper,39.01,2,0.1,13.78
802,US-2024-00334,06/26/2024,06/29/2024,First Class,CU-0385,Emma Clark,Consumer,United States,California,West,Technology,Machines,425.03,2,0.5,-49.51
803,US-2024-00334,06/26/2024,06/29/2024,First Class,CU-0385,Emma Clark,Consumer,United States,California,West,Technology,Machines,2841.47,7,0.0,19.52
804,US-2025-00335,04/13/2025,04/19/2025,Standard Class,CU-0590,Emma Smith,Consumer,United States,Illinois,Central,Technology,Accessories,220.16,4,0.0,57.19
805,US-2025-00335,04/13/2025,04/19/2025,Standard Class,CU-0590,Emma Smith,Consumer,United States,Illinois,Central,Technology,Machines,2415.15,5,0.0,-188.09
806,US-2025-00335,04/13/2025,04/19/2025,Standard Class,CU-0590,Emma Smith,Consumer,United States,Illinois,Central,Furniture,Chairs,785.38,5,0.3,-64.25
807,US-2022-00336,06/24/2022,06/29/2022,Standard Class,CU-0331,Liam Khan,Consumer,United States,California,West,Office Supplies,Art,9.33,1,0.3,1.07
808,US-2023-00337,03/31/2023,04/01/2023,Same Day,CU-0151,Zoe Clark,Corporate,United States,Washington,West,Office Supplies,Storage,221.67,3,0.0,26.47
809,US-2023-00337,03/31/2023,04/01/2023,Same Day,CU-0151,Zoe Clark,Corporate,United States,Washington,West,Technology,Machines,384.97,1,0.4,-68.55
810,US-2023-00337,03/31/2023,03/31/2023,Same Day,CU-0151,Zoe Clark,Corporate,United States,Washington,West,Office Supplies,Labels,29.3,5,0.4,0.28
811,US-2023-00337,03/31/2023,04/01/2023,Same Day,CU-0151,Zoe Clark,Corporate,United States,Washington,West,Technology,Accessories,166.11,4,0.0,38.64
812,US-2024-00338,10/23/2024,10/28/2024,Standard Class,CU-0097,Noah Garcia,Home Office,United States,Virginia,South,Technology,Copiers,4002.35,5,0.2,949.69
813,US-2024-00338,10/23/2024,10/29/2024,Standard Class,CU-0097,Noah Garcia,Home Office,United States,Virginia,South,Technology,Machines,1363.84,4,0.2,-101.15
814,US-2023-00339,01/21/2023,01/24/2023,Second Class,CU-0391,Olivia Miller,Corporate,United States,Illinois,Central,Technology,Machines,1703.61,4,0.1,-47.35
815,US-2023-00339,01/21/2023,01/24/2023,Second Class,CU-0391,Olivia Miller,Corporate,United States,Illinois,Central,Technology,Machines,1459.01,3,0.1,63.81
816,US-2023-00339,01/21/2023,01/25/2023,Second Class,CU-0391,Olivia Miller,Corporate,United States,Illinois,Central,Technology,Machines,1238.73,2,0.0,106.84
817,US-2023-00339,01/21/2023,01/24/2023,Second Class,CU-0391,Olivia Miller,Corporate,United States,Illinois,Central,Furniture,Furnishings,166.44,3,0.0,26.67
818,US-2022-00340,01/31/2022,02/03/2022,Second Class,CU-0168,Olivia Clark,Home Office,United States,Illinois,Central,Technology,Phones,987.45,5,0.4,-87.75
819,US-2022-00340,01/31/2022,02/04/2022,Second Class,CU-0168,Olivia Clark,Home Office,United States,Illinois,Central,Technology,Phones,559.26,2,0.0,55.62
820,US-2022-00340,01/31/2022,02/03/2022,Second Class,CU-0168,Olivia Clark,Home Office,United States,Illinois,Central,Office Supplies,Art,73.01,5,0.0,21.07
821,US-2022-00340,01/31/2022,02/03/2022,Second Class,CU-0168,Olivia Clark,Home Office,United States,Illinois,Central,Technology,Phones,426.35,2,0.3,2.95
822,US-2022-00341,04/20/2022,04/25/2022,Standard Class,CU-0296,Ravi Smith,Consumer,United States,Texas,Central,Furniture,Chairs,524.39,2,0.0,77.75
823,US-2022-00341,04/20/2022,04/26/2022,Standard Class,CU-0296,Ravi Smith,Consumer,United States,Texas,Central,Furniture,Chairs,1414.86,6,0.0,156.25
824,US-2023-00342,03/11/2023,03/17/2023,Standard Class,CU-0270,Maya Lee,Home Office,United States,New York,East,Technology,Phones,1338.45,7,0.3,-115.55
825,US-2023-00342,03/11/2023,03/16/2023,Standard Class,CU-0270,Maya Lee,Home Office,United States,New York,East,Technology,Phones,1903.37,7,0.2,121.79
826,US-2025-00343,04/22/2025,04/28/2025,Standard Class,CU-0429,Liam Smith,Home Office,United States,Pennsylvania,East,Office Supplies,Binders,49.45,4,0.5,-0.07
827,US-2025-00343,04/22/2025,04/28/2025,Standard Class,CU-0429,Liam Smith,Home Office,United States,Pennsylvania,East,Furniture,Tables,2307.04,5,0.1,-221.52
828,US-2025-00343,04/22/2025,04/27/2025,Standard Class,CU-0429,Liam Smith,Home Office,United States,Pennsylvania,East,Furniture,Tables,1831.77,7,0.4,-439.7
829,US-2025-00344,04/10/2025,04/16/2025,Standard Class,CU-0356,Liam Clark,Corporate,United States,New York,East,Office Supplies,Binders,37.37,2,0.1,5.63
830,US-2025-00345,06/01/2025,06/05/2025,Second Class,CU-0266,Sara Clark,Corporate,United States,Florida,South,Technology,Copiers,1014.39,2,0.3,122.77
831,US-2025-00345,06/01/2025,06/05/2025,Second Class,CU-0266,Sara Clark,Corporate,United States,Florida,South,Furniture,Furnishings,116.32,2,0.2,11.39
832,US-2025-00345,06/01/2025,06/04/2025,Second Class,CU-0266,Sara Clark,Corporate,United States,Florida,South,Office Supplies,Labels,89.76,6,0.0,35.64
833,US-2025-00345,06/01/2025,06/04/2025,Second Class,CU-0266,Sara Clark,Corporate,United States,Florida,South,Technology,Phones,1287.49,7,0.3,38.44
834,US-2022-00346,10/28/2022,11/03/2022,Standard Class,CU-0122,Ethan Patel,Corporate,United States,Pennsylvania,East,Furniture,Tables,518.82,1,0.0,-47.13
835,US-2022-00346,10/28/2022,11/03/2022,Standard Class,CU-0122,Ethan Patel,Corporate,United States,Pennsylvania,East,Furniture,Tables,1965.71,6,0.1,-220.7
836,US-2022-00347,01/09/2022,01/14/2022,Standard Class,CU-0526,Sara Khan,Home Office,United States,Virginia,South,Office Supplies,Paper,99.64,5,0.0,38.66
837,US-2022-00347,01/09/2022,01/15/2022,Standard Class,CU-0526,Sara Khan,Home Office,United States,Virginia,South,Office Supplies,Art,64.35,4,0.0,21.31
838,US-2022-00347,01/09/2022,01/14/2022,Standard Class,CU-0526,Sara Khan,Home Office,United States,Virginia,South,Furniture,Chairs,1433.45,7,0.0,181.19
839,US-2022-00347,01/09/2022,01/14/2022,Standard Class,CU-0526,Sara Khan,Home Office,United States,Virginia,South,Technology,Phones,1173.43,7,0.5,-163.94
840,US-2025-00348,09/11/2025,09/13/2025,First Class,CU-0281,Sara Miller,Home Office,United States,Florida,South,Office Supplies,Art,22.67,2,0.2,4.19
841,US-2025-00348,09/11/2025,09/13/2025,First Class,CU-0281,Sara Miller,Home Office,United States,Florida,South,Furniture,Chairs,201.61,1,0.0,13.18
842,US-2024-00349,02/04/2024,02/10/2024,Standard Class,CU-0494,Liam Patel,Consumer,United States,Illinois,Central,Furniture,Furnishings,107.51,2,0.0,19.41
843,US-2024-00349,02/04/2024,02/09/2024,Standard Class,CU-0494,Liam Patel,Consumer,United States,Illinois,Central,Furniture,Furnishings,57.61,1,0.2,5.83
844,US-2025-00350,05/26/2025,06/01/2025,Standard Class,CU-0245,Zoe Davis,Consumer,United States,Oregon,West,Furniture,Chairs,1379.36,5,0.0,13.23
845,US-2022-00351,03/22/2022,03/28/2022,Standard Class,CU-0377,Noah Miller,Corporate,United States,Washington,West,Office Supplies,Art,36.67,2,0.0,8.42
846,US-2022-00351,03/22/2022,03/28/2022,Standard Class,CU-0377,Noah Miller,Corporate,United States,Washington,West,Technology,Machines,644.94,1,0.0,80.86
847,US-2022-00351,03/22/2022,03/27/2022,Standard Class,CU-0377,Noah Miller,Corporate,United States,Washington,West,Office Supplies,Art,13.38,1,0.1,3.63
848,US-2024-00352,03/26/2024,03/31/2024,Standard Class,CU-0289,Ethan Miller,Home Office,United States,Oregon,West,Furniture,Bookcases,1680.44,7,0.0,-13.82
849,US-2024-00352,03/26/2024,04/01/2024,Standard Class,CU-0289,Ethan Miller,Home Office,United States,Oregon,West,Furniture,Bookcases,2038.79,7,0.0,193.52
850,US-2024-00352,03/26/2024,03/31/2024,Standard Class,CU-0289,Ethan Miller,Home Office,United States,Oregon,West,Furniture,Furnishings,64.04,1,0.0,11.43
851,US-2023-00353,05/02/2023,05/07/2023,Standard Class,CU-0449,John Clark,Home Office,United States,Ohio,East,Furniture,Furnishings,107.39,2,0.3,-3.3
852,US-2023-00353,05/02/2023,05/07/2023,Standard Class,CU-0449,John Clark,Home Office,United States,Ohio,East,Furniture,Tables,2147.17,6,0.0,1.44
853,US-2024-00354,07/23/2024,07/26/2024,Second Class,CU-0186,Noah Davis,Home Office,United States,Michigan,Central,Technology,Accessories,264.43,6,0.3,29.69
854,US-2024-00354,07/23/2024,07/26/2024,Second Class,CU-0186,Noah Davis,Home Office,United States,Michigan,Central,Technology,Phones,508.42,3,0.4,-77.3
855,US-2024-00354,07/23/2024,07/26/2024,Second Class,CU-0186,Noah Davis,Home Office,United States,Michigan,Central,Office Supplies,Storage,147.88,2,0.0,8.37
856,US-2024-00355,10/03/2024,10/08/2024,Standard Class,CU-0005,Ravi Davis,Home Office,United States,Michigan,Central,Furniture,Furnishings,270.29,5,0.2,8.83
857,US-2024-00355,10/03/2024,10/08/2024,Standard Class,CU-0005,Ravi Davis,Home Office,United States,Michigan,Central,Technology,Copiers,5102.39,7,0.2,1060.34
858,US-2025-00356,02/18/2025,02/21/2025,Second Class,CU-0298,Ravi Khan,Home Office,United States,Oregon,West,Office Supplies,Labels,36.55,3,0.0,13.46
859,US-2025-00356,02/18/2025,02/21/2025,Second Class,CU-0298,Ravi Khan,Home Office,United States,Oregon,West,Office Supplies,Labels,67.82,5,0.0,29.7
860,US-2025-00356,02/18/2025,02/22/2025,Second Class,CU-0298,Ravi Khan,Home Office,United States,Oregon,West,Technology,Phones,400.12,2,0.4,-12.47
861,US-2022-00357,11/11/2022,11/16/2022,Standard Class,CU-0096,Zoe Patel,Corporate,United States,Florida,South,Furniture,Chairs,716.47,3,0.2,-50.05
862,US-2022-00357,11/11/2022,11/16/2022,Standard Class,CU-0096,Zoe Patel,Corporate,United States,Florida,South,Technology,Machines,1421.5,3,0.1,8.61
863,US-2022-00357,11/11/2022,11/16/2022,Standard Class,CU-0096,Zoe Patel,Corporate,United States,Florida,South,Furniture,Tables,819.85,2,0.1,-65.54
864,US-2022-00357,11/11/2022,11/17/2022,Standard Class,CU-0096,Zoe Patel,Corporate,United States,Florida,South,Technology,Phones,1467.63,4,0.0,256.76
865,US-2022-00358,12/28/2022,12/31/2022,Second Class,CU-0194,Maya Smith,Home Office,United States,Washington,West,Office Supplies,Binders,68.73,3,0.1,6.76
866,US-2022-00358,12/28/2022,12/31/2022,Second Class,CU-0194,Maya Smith,Home Office,United States,Washington,West,Office Supplies,Binders,36.92,2,0.3,5.83
867,US-2022-00358,12/28/2022,01/01/2023,Second Class,CU-0194,Maya Smith,Home Office,United States,Washington,West,Furniture,Tables,1477.62,4,0.1,-259.5
868,US-2023-00359,12/17/2023,12/22/2023,Standard Class,CU-0675,Olivia Khan,Consumer,United States,Virginia,South,Furniture,Chairs,1060.89,6,0.3,27.16
869,US-2024-00360,04/06/2024,04/12/2024,Standard Class,CU-0676,Emma Miller,Home Office,United States,Texas,Central,Furniture,Furnishings,212.04,4,0.0,42.31
870,US-2025-00361,11/07/2025,11/10/2025,First Class,CU-0248,Priya Miller,Consumer,United States,Texas,Central,Furniture,Chairs,761.02,3,0.0,87.8
871,US-2025-00361,11/07/2025,11/09/2025,First Class,CU-0248,Priya Miller,Consumer,United States,Texas,Central,Technology,Machines,1069.21,5,0.5,-300.5
872,US-2022-00362,05/20/2022,05/25/2022,Standard Class,CU-0620,Olivia Khan,Home Office,United States,New York,East,Technology,Copiers,4389.06,4,0.0,1288.6
873,US-2022-00362,05/20/2022,05/26/2022,Standard Class,CU-0620,Olivia Khan,Home Office,United States,New York,East,Office Supplies,Binders,109.89,6,0.1,23.64
874,US-2024-00363,05/16/2024,05/19/2024,Second Class,CU-0574,Noah Smith,Home Office,United States,California,West,Office Supplies,Paper,31.59,2,0.3,8.07
875,US-2025-00364,01/28/2025,02/02/2025,Standard Class,CU-0488,Sara Smith,Consumer,United States,Ohio,East,Technology,Machines,2592.87,6,0.2,-344.68
876,US-2025-00364,01/28/2025,02/03/2025,Standard Class,CU-0488,Sara Smith,Consumer,United States,Ohio,East,Office Supplies,Paper,81.19,7,0.5,11.59
877,US-2025-00365,10/16/2025,10/20/2025,Second Class,CU-0694,Maya Wilson,Consumer,United States,Texas,Central,Technology,Machines,2113.72,5,0.1,83.18
878,US-2025-00365,10/16/2025,10/20/2025,Second Class,CU-0694,Maya Wilson,Consumer,United States,Texas,Central,Technology,Accessories,265.19,5,0.0,55.67
879,US-2022-00366,05/10/2022,05/16/2022,Standard Class,CU-0054,Priya Clark,Corporate,United States,Illinois,Central,Furniture,Bookcases,474.33,3,0.4,-71.43
880,US-2022-00366,05/10/2022,05/16/2022,Standard Class,CU-0054,Priya Clark,Corporate,United States,Illinois,Central,Furniture,Chairs,1316.14,5,0.0,237.84
881,US-2022-00366,05/10/2022,05/16/2022,Standard Class,CU-0054,Priya Clark,Corporate,United States,Illinois,Central,Technology,Accessories,385.06,7,0.0,94.98
882,US-2022-00366,05/10/2022,05/15/2022,Standard Class,CU-0054,Priya Clark,Corporate,United States,Illinois,Central,Technology,Accessories,54.94,1,0.0,10.43
883,US-2024-00367,12/27/2024,01/01/2025,Standard Class,CU-0406,Maya Khan,Home Office,United States,Pennsylvania,East,Office Supplies,Binders,166.1,7,0.1,18.4
884,US-2024-00367,12/27/2024,01/02/2025,Standard Class,CU-0406,Maya Khan,Home Office,United States,Pennsylvania,East,Technology,Accessories,202.74,4,0.0,46.82
885,US-2024-00368,11/08/2024,11/10/2024,First Class,CU-0370,Ethan Clark,Consumer,United States,Virginia,South,Office Supplies,Storage,415.44,7,0.3,-9.24
886,US-2024-00368,11/08/2024,11/11/2024,First Class,CU-0370,Ethan Clark,Consumer,United States,Virginia,South,Technology,Copiers,2059.93,4,0.5,107.56
887,US-2024-00368,11/08/2024,11/10/2024,First Class,CU-0370,Ethan Clark,Consumer,United States,Virginia,South,Furniture,Furnishings,365.97,6,0.0,41.2
888,US-2024-00368,11/08/2024,11/11/2024,First Class,CU-0370,Ethan Clark,Consumer,United States,Virginia,South,Office Supplies,Labels,46.76,4,0.0,18.25
889,US-2023-00369,09/23/2023,09/29/2023,Standard Class,CU-0091,Sara Smith,Consumer,United States,Virginia,South,Office Supplies,Paper,43.07,2,0.0,16.96
890,US-2023-00369,09/23/2023,09/29/2023,Standard Class,CU-0091,Sara Smith,Consumer,United States,Virginia,South,Furniture,Chairs,675.5,3,0.3,-36.86
891,US-2023-00369,09/23/2023,09/28/2023,Standard Class,CU-0091,Sara Smith,Consumer,United States,Virginia,South,Furniture,Tables,1485.44,3,0.0,-51.69
892,US-2024-00370,01/20/2024,01/23/2024,Second Class,CU-0495,Sara Patel,Corporate,United States,Oregon,West,Technology,Copiers,1783.73,2,0.2,425.42
893,US-2024-00370,01/20/2024,01/24/2024,Second Class,CU-0495,Sara Patel,Corporate,United States,Oregon,West,Technology,Machines,1351.23,3,0.0,41.23
894,US-2023-00371,04/11/2023,04/15/2023,Second Class,CU-0139,Aarav Miller,Home Office,United States,Washington,West,Office Supplies,Art,10.53,1,0.2,0.93
895,US-2023-00371,04/11/2023,04/15/2023,Second Class,CU-0139,Aarav Miller,Home Office,United States,Washington,West,Furniture,Tables,640.96,2,0.0,-11.97
896,US-2023-00371,04/11/2023,04/14/2023,Second Class,CU-0139,Aarav Miller,Home Office,United States,Washington,West,Furniture,Bookcases,384.33,1,0.0,-1.83
897,US-2022-00372,11/06/2022,11/11/2022,Standard Class,CU-0296,Ravi Smith,Consumer,United States,Washington,West,Office Supplies,Labels,89.64,7,0.0,40.01
898,US-2022-00372,11/06/2022,11/11/2022,Standard Class,CU-0296,Ravi Smith,Consumer,United States,Washington,West,Furniture,Chairs,2004.54,7,0.0,144.02
899,US-2022-00372,11/06/2022,11/11/2022,Standard Class,CU-0296,Ravi Smith,Consumer,United States,Washington,West,Technology,Copiers,2144.57,2,0.0,756.13
900,US-2022-00372,11/06/2022,11/11/2022,Standard Class,CU-0296,Ravi Smith,Consumer,United States,Washington,West,Furniture,Chairs,387.51,3,0.5,-71.74
901,US-2024-00373,05/14/2024,05/16/2024,First Class,CU-0310,Sara Garcia,Corporate,United States,New York,East,Office Supplies,Art,28.44,3,0.4,3.19
902,US-2024-00373,05/14/2024,05/17/2024,First Class,CU-0310,Sara Garcia,Corporate,United States,New York,East,Furniture,Bookcases,785.59,5,0.5,-99.3
903,US-2024-00373,05/14/2024,05/17/2024,First Class,CU-0310,Sara Garcia,Corporate,United States,New York,East,Technology,Machines,876.56,2,0.0,80.33
904,US-2022-00374,01/14/2022,01/20/2022,Standard Class,CU-0479,Sara Patel,Corporate,United States,Ohio,East,Furniture,Furnishings,224.83,4,0.0,20.85
905,US-2024-00375,12/12/2024,12/18/2024,Standard Class,CU-0331,Liam Khan,Consumer,United States,Oregon,West,Technology,Machines,1169.42,2,0.0,21.17
906,US-2022-00376,03/03/2022,03/08/2022,Standard Class,CU-0390,Liam Clark,Home Office,United States,Ohio,East,Technology,Copiers,4661.2,7,0.4,900.73
907,US-2022-00376,03/03/2022,03/08/2022,Standard Class,CU-0390,Liam Clark,Home Office,United States,Ohio,East,Technology,Machines,2710.55,5,0.0,91.92
908,US-2022-00376,03/03/2022,03/09/2022,Standard Class,CU-0390,Liam Clark,Home Office,United States,Ohio,East,Office Supplies,Storage,122.7,2,0.3,-11.24
909,US-2022-00376,03/03/2022,03/09/2022,Standard Class,CU-0390,Liam Clark,Home Office,United States,Ohio,East,Technology,Machines,291.87,1,0.5,-75.19
910,US-2023-00377,01/07/2023,01/07/2023,Same Day,CU-0010,Priya Khan,Corporate,United States,Illinois,Central,Office Supplies,Paper,40.77,3,0.4,7.83
911,US-2025-00378,05/22/2025,05/27/2025,Standard Class,CU-0063,Maya Lee,Consumer,United States,Washington,West,Furniture,Tables,1093.19,5,0.5,-462.54
912,US-2025-00378,05/22/2025,05/27/2025,Standard Class,CU-0063,Maya Lee,Consumer,United States,Washington,West,Office Supplies,Storage,747.49,7,0.0,98.01
913,US-2023-00379,01/01/2023,01/07/2023,Standard Class,CU-0033,John Miller,Corporate,United States,Illinois,Central,Technology,Phones,533.81,2,0.0,90.29
914,US-2023-00379,01/01/2023,01/06/2023,Standard Class,CU-0033,John Miller,Corporate,United States,Illinois,Central,Furniture,Tables,2285.02,7,0.3,-382.05
915,US-2023-00379,01/01/2023,01/06/2023,Standard Class,CU-0033,John Miller,Corporate,United States,Illinois,Central,Furniture,Chairs,1792.59,7,0.0,103.91
916,US-2023-00379,01/01/2023,01/06/2023,Standard Class,CU-0033,John Miller,Corporate,United States,Illinois,Central,Furniture,Tables,1039.8,2,0.0,-96.63
917,US-2024-00380,01/19/2024,01/19/2024,Same Day,CU-0163,Liam Khan,Home Office,United States,California,West,Furniture,Bookcases,891.36,4,0.1,-3.36
918,US-2024-00380,01/19/2024,01/20/2024,Same Day,CU-0163,Liam Khan,Home Office,United States,California,West,Furniture,Furnishings,157.92,5,0.5,-18.61
919,US-2022-00381,09/28/2022,10/04/2022,Standard Class,CU-0173,Ethan Smith,Corporate,United States,Oregon,West,Furniture,Chairs,1226.65,6,0.0,50.84
920,US-2022-00381,09/28/2022,10/04/2022,Standard Class,CU-0173,Ethan Smith,Corporate,United States,Oregon,West,Technology,Accessories,184.76,3,0.0,32.29
921,US-2022-00381,09/28/2022,10/04/2022,Standard Class,CU-0173,Ethan Smith,Corporate,United States,Oregon,West,Furniture,Furnishings,106.97,2,0.1,12.22
922,US-2024-00382,05/02/2024,05/07/2024,Standard Class,CU-0613,Zoe Lee,Consumer,United States,Texas,Central,Office Supplies,Binders,25.44,1,0.2,4.18
923,US-2024-00382,05/02/2024,05/07/2024,Standard Class,CU-0613,Zoe Lee,Consumer,United States,Texas,Central,Technology,Copiers,3783.09,5,0.2,873.66
924,US-2024-00383,10/17/2024,10/20/2024,Second Class,CU-0023,Ethan Lee,Consumer,United States,Michigan,Central,Office Supplies,Storage,180.21,2,0.1,8.77
925,US-2024-00383,10/17/2024,10/21/2024,Second Class,CU-0023,Ethan Lee,Consumer,United States,Michigan,Central,Technology,Phones,1270.89,7,0.5,-72.42
926,US-2024-00383,10/17/2024,10/20/2024,Second Class,CU-0023,Ethan Lee,Consumer,United States,Michigan,Central,Furniture,Chairs,1559.26,6,0.0,153.12
927,US-2025-00384,11/12/2025,11/18/2025,Standard Class,CU-0596,John Patel,Consumer,United States,Florida,South,Technology,Copiers,1648.19,3,0.4,316.63
928,US-2025-00384,11/12/2025,11/17/2025,Standard Class,CU-0596,John Patel,Consumer,United States,Florida,South,Furniture,Tables,319.05,1,0.2,-36.08
929,US-2025-00384,11/12/2025,11/18/2025,Standard Class,CU-0596,John Patel,Consumer,United States,Florida,South,Technology,Accessories,184.79,6,0.3,25.8
930,US-2025-00385,06/18/2025,06/23/2025,Standard Class,CU-0077,Noah Patel,Corporate,United States,Washington,West,Office Supplies,Art,33.42,3,0.2,7.56
931,US-2025-00386,12/09/2025,12/11/2025,First Class,CU-0507,Emma Garcia,Home Office,United States,California,West,Technology,Phones,840.14,5,0.4,-44.88
932,US-2025-00386,12/09/2025,12/12/2025,First Class,CU-0507,Emma Garcia,Home Office,United States,California,West,Furniture,Chairs,604.7,3,0.0,49.12
933,US-2024-00387,02/01/2024,02/05/2024,Second Class,CU-0409,Emma Clark,Consumer,United States,New York,East,Technology,Copiers,781.47,1,0.3,170.86
934,US-2024-00387,02/01/2024,02/04/2024,Second Class,CU-0409,Emma Clark,Consumer,United States,New York,East,Office Supplies,Paper,84.38,7,0.3,22.83
935,US-2024-00387,02/01/2024,02/04/2024,Second Class,CU-0409,Emma Clark,Consumer,United States,New York,East,Office Supplies,Art,14.51,1,0.2,1.4
936,US-2024-00388,12/10/2024,12/16/2024,Standard Class,CU-0440,Olivia Garcia,Corporate,United States,California,West,Furniture,Furnishings,280.97,7,0.3,20.0
937,US-2024-00388,12/10/2024,12/15/2024,Standard Class,CU-0440,Olivia Garcia,Corporate,United States,California,West,Office Supplies,Art,38.25,3,0.2,5.3
938,US-2024-00389,05/25/2024,05/31/2024,Standard Class,CU-0550,Olivia Clark,Home Office,United States,Georgia,South,Office Supplies,Paper,74.51,3,0.0,22.45
939,US-2024-00389,05/25/2024,05/30/2024,Standard Class,CU-0550,Olivia Clark,Home Office,United States,Georgia,South,Furniture,Bookcases,1082.8,6,0.5,-208.38
940,US-2024-00389,05/25/2024,05/30/2024,Standard Class,CU-0550,Olivia Clark,Home Office,United States,Georgia,South,Technology,Machines,983.75,2,0.0,37.53
941,US-2024-00389,05/25/2024,05/30/2024,Standard Class,CU-0550,Olivia Clark,Home Office,United States,Georgia,South,Office Supplies,Art,65.14,5,0.0,17.58
942,US-2024-00390,08/05/2024,08/08/2024,Second Class,CU-0026,Emma Lee,Consumer,United States,Washington,West,Technology,Accessories,242.45,5,0.2,23.24
943,US-2022-00391,02/09/2022,02/15/2022,Standard Class,CU-0660,Liam Smith,Home Office,United States,Virginia,South,Office Supplies,Storage,298.58,4,0.0,46.27
944,US-2022-00391,02/09/2022,02/14/2022,Standard Class,CU-0660,Liam Smith,Home Office,United States,Virginia,South,Office Supplies,Storage,507.45,6,0.0,-8.77
945,US-2024-00392,11/19/2024,11/22/2024,Second Class,CU-0401,Ethan Garcia,Home Office,United States,Michigan,Central,Office Supplies,Labels,27.9,3,0.1,8.03
946,US-2022-00393,09/01/2022,09/06/2022,Standard Class,CU-0304,Maya Davis,Consumer,United States,Illinois,Central,Furniture,Chairs,2149.31,7,0.0,210.68
947,US-2022-00393,09/01/2022,09/07/2022,Standard Class,CU-0304,Maya Davis,Consumer,United States,Illinois,Central,Office Supplies,Paper,126.35,6,0.1,43.63
948,US-2022-00393,09/01/2022,09/06/2022,Standard Class,CU-0304,Maya Davis,Consumer,United States,Illinois,Central,Office Supplies,Storage,80.74,1,0.1,0.98
949,US-2022-00394,07/08/2022,07/14/2022,Standard Class,CU-0227,Noah Clark,Home Office,United States,New York,East,Furniture,Tables,376.31,1,0.2,-62.81
950,US-2022-00394,07/08/2022,07/13/2022,Standard Class,CU-0227,Noah Clark,Home Office,United States,New York,East,Office Supplies,Art,97.04,6,0.1,14.02
951,US-2022-00395,07/25/2022,07/28/2022,Second Class,CU-0011,Emma Brown,Consumer,United States,Georgia,South,Furniture,Tables,1962.12,5,0.0,-164.44
952,US-2022-00395,07/25/2022,07/29/2022,Second Class,CU-0011,Emma Brown,Consumer,United States,Georgia,South,Technology,Phones,611.43,3,0.2,39.43
953,US-2023-00396,10/27/2023,11/01/2023,Standard Class,CU-0079,Emma Davis,Corporate,United States,Texas,Central,Furniture,Furnishings,271.08,4,0.1,29.62
954,US-2025-00397,03/12/2025,03/18/2025,Standard Class,CU-0205,Priya Lee,Home Office,United States,Florida,South,Technology,Phones,821.66,5,0.5,-124.24
955,US-2025-00397,03/12/2025,03/17/2025,Standard Class,CU-0205,Priya Lee,Home Office,United States,Florida,South,Furniture,Furnishings,364.81,5,0.0,70.83
956,US-2023-00398,01/27/2023,02/01/2023,Standard Class,CU-0275,Maya Miller,Corporate,United States,Washington,West,Office Supplies,Labels,71.11,7,0.2,22.84
957,US-2023-00398,01/27/2023,02/01/2023,Standard Class,CU-0275,Maya Miller,Corporate,United States,Washington,West,Furniture,Bookcases,821.06,4,0.3,-121.56
958,US-2023-00398,01/27/2023,02/02/2023,Standard Class,CU-0275,Maya Miller,Corporate,United States,Washington,West,Office Supplies,Storage,298.95,5,0.2,-3.47
959,US-2023-00398,01/27/2023,02/01/2023,Standard Class,CU-0275,Maya Miller,Corporate,United States,Washington,West,Furniture,Tables,1391.55,5,0.4,-493.25
960,US-2023-00399,07/02/2023,07/07/2023,Standard Class,CU-0552,Olivia Patel,Consumer,United States,New York,East,Furniture,Bookcases,775.99,4,0.4,-175.94
961,US-2023-00399,07/02/2023,07/08/2023,Standard Class,CU-0552,Olivia Patel,Consumer,United States,New York,East,Office Supplies,Labels,24.09,2,0.0,8.03
962,US-2023-00399,07/02/2023,07/07/2023,Standard Class,CU-0552,Olivia Patel,Consumer,United States,New York,East,Technology,Accessories,74.55,2,0.4,2.98
963,US-2025-00400,10/19/2025,10/24/2025,Standard Class,CU-0477,Sara Davis,Corporate,United States,Ohio,East,Office Supplies,Paper,19.38,1,0.0,7.77
964,US-2025-00400,10/19/2025,10/24/2025,Standard Class,CU-0477,Sara Davis,Corporate,United States,Ohio,East,Furniture,Furnishings,268.51,5,0.0,51.28
965,US-2025-00400,10/19/2025,10/25/2025,Standard Class,CU-0477,Sara Davis,Corporate,United States,Ohio,East,Office Supplies,Art,51.36,3,0.1,11.1
966,US-2025-00400,10/19/2025,10/25/2025,Standard Class,CU-0477,Sara Davis,Corporate,United States,Ohio,East,Office Supplies,Paper,45.22,4,0.3,6.53
967,US-2022-00401,05/13/2022,05/16/2022,Second Class,CU-0522,Zoe Khan,Corporate,United States,Georgia,South,Furniture,Furnishings,210.08,7,0.5,-17.73
968,US-2022-00402,12/09/2022,12/11/2022,First Class,CU-0446,Zoe Miller,Consumer,United States,Ohio,East,Technology,Copiers,7316.91,7,0.0,2325.89
969,US-2022-00402,12/09/2022,12/11/2022,First Class,CU-0446,Zoe Miller,Consumer,United States,Ohio,East,Technology,Phones,245.93,1,0.1,30.1
970,US-2022-00402,12/09/2022,12/12/2022,First Class,CU-0446,Zoe Miller,Consumer,United States,Ohio,East,Technology,Accessories,275.93,7,0.2,33.13
971,US-2023-00403,04/27/2023,05/02/2023,Standard Class,CU-0098,Sara Clark,Consumer,United States,Washington,West,Furniture,Bookcases,513.7,2,0.0,21.55
972,US-2023-00404,06/25/2023,07/01/2023,Standard Class,CU-0060,Maya Clark,Corporate,United States,California,West,Office Supplies,Paper,59.16,4,0.1,23.22
973,US-2023-00404,06/25/2023,06/30/2023,Standard Class,CU-0060,Maya Clark,Corporate,United States,California,West,Office Supplies,Art,43.89,3,0.1,12.1
974,US-2022-00405,11/27/2022,12/02/2022,Standard Class,CU-0294,Olivia Smith,Home Office,United States,Michigan,Central,Technology,Copiers,5382.46,7,0.0,1774.9
975,US-2023-00406,08/04/2023,08/04/2023,Same Day,CU-0066,Maya Lee,Consumer,United States,Virginia,South,Technology,Accessories,223.72,6,0.2,30.8
976,US-2023-00406,08/04/2023,08/04/2023,Same Day,CU-0066,Maya Lee,Consumer,United States,Virginia,South,Office Supplies,Storage,134.76,3,0.4,-13.07
977,US-2023-00406,08/04/2023,08/05/2023,Same Day,CU-0066,Maya Lee,Consumer,United States,Virginia,South,Furniture,Chairs,1578.93,5,0.0,302.47
978,US-2023-00406,08/04/2023,08/05/2023,Same Day,CU-0066,Maya Lee,Consumer,United States,Virginia,South,Technology,Accessories,111.67,3,0.3,1.84
979,US-2022-00407,04/16/2022,04/20/2022,Second Class,CU-0335,Noah Wilson,Consumer,United States,Michigan,Central,Technology,Machines,3103.27,7,0.1,151.01
980,US-2022-00407,04/16/2022,04/20/2022,Second Class,CU-0335,Noah Wilson,Consumer,United States,Michigan,Central,Office Supplies,Art,12.28,1,0.3,0.97
981,US-2022-00407,04/16/2022,04/20/2022,Second Class,CU-0335,Noah Wilson,Consumer,United States,Michigan,Central,Office Supplies,Binders,82.26,5,0.3,4.46
982,US-2022-00407,04/16/2022,04/19/2022,Second Class,CU-0335,Noah Wilson,Consumer,United States,Michigan,Central,Furniture,Furnishings,193.93,4,0.2,0.02
983,US-2022-00408,09/04/2022,09/09/2022,Standard Class,CU-0239,Zoe Davis,Corporate,United States,Pennsylvania,East,Furniture,Furnishings,116.01,3,0.3,3.39
984,US-2022-00408,09/04/2022,09/10/2022,Standard Class,CU-0239,Zoe Davis,Corporate,United States,Pennsylvania,East,Technology,Copiers,5190.18,5,0.0,1652.41
985,US-2022-00408,09/04/2022,09/10/2022,Standard Class,CU-0239,Zoe Davis,Corporate,United States,Pennsylvania,East,Office Supplies,Binders,32.74,2,0.3,-0.49
986,US-2022-00408,09/04/2022,09/10/2022,Standard Class,CU-0239,Zoe Davis,Corporate,United States,Pennsylvania,East,Office Supplies,Paper,59.48,5,0.4,7.23
987,US-2025-00409,09/07/2025,09/10/2025,First Class,CU-0501,Noah Brown,Consumer,United States,Virginia,South,Office Supplies,Art,45.13,7,0.5,-3.73
988,US-2025-00409,09/07/2025,09/09/2025,First Class,CU-0501,Noah Brown,Consumer,United States,Virginia,South,Furniture,Tables,2114.79,7,0.2,-588.14
989,US-2025-00409,09/07/2025,09/10/2025,First Class,CU-0501,Noah Brown,Consumer,United States,Virginia,South,Technology,Accessories,79.91,3,0.4,0.9
990,US-2025-00409,09/07/2025,09/10/2025,First Class,CU-0501,Noah Brown,Consumer,United States,Virginia,South,Technology,Phones,519.56,2,0.2,7.76
991,US-2024-00410,05/22/2024,05/28/2024,Standard Class,CU-0568,John Miller,Consumer,United States,Michigan,Central,Technology,Phones,918.44,3,0.2,31.08
992,US-2024-00410,05/22/2024,05/28/2024,Standard Class,CU-0568,John Miller,Consumer,United States,Michigan,Central,Technology,Machines,1193.02,2,0.0,-9.48
993,US-2024-00410,05/22/2024,05/28/2024,Standard Class,CU-0568,John Miller,Consumer,United States,Michigan,Central,Furniture,Furnishings,101.22,3,0.4,-9.42
994,US-2024-00410,05/22/2024,05/27/2024,Standard Class,CU-0568,John Miller,Consumer,United States,Michigan,Central,Office Supplies,Binders,103.41,5,0.0,19.96
995,US-2025-00411,09/22/2025,09/25/2025,First Class,CU-0090,Liam Miller,Corporate,United States,California,West,Office Supplies,Art,65.83,6,0.4,2.87
996,US-2025-00411,09/22/2025,09/25/2025,First Class,CU-0090,Liam Miller,Corporate,United States,California,West,Technology,Machines,1229.58,3,0.3,-190.54
997,US-2024-00412,05/24/2024,05/30/2024,Standard Class,CU-0133,Aarav Patel,Consumer,United States,Texas,Central,Technology,Machines,826.92,2,0.0,39.18
998,US-2024-00412,05/24/2024,05/30/2024,Standard Class,CU-0133,Aarav Patel,Consumer,United States,Texas,Central,Furniture,Furnishings,303.44,7,0.1,16.84
999,US-2024-00412,05/24/2024,05/29/2024,Standard Class,CU-0133,Aarav Patel,Consumer,United States,Texas,Central,Technology,Machines,1981.54,4,0.0,122.09
1000,US-2024-00412,05/24/2024,05/29/2024,Standard Class,CU-0133,Aarav Patel,Consumer,United States,Texas,Central,Office Supplies,Storage,487.58,7,0.4,-28.52
1001,US-2024-00413,05/18/2024,05/23/2024,Standard Class,CU-0071,Sara Davis,Home Office,United States,Washington,West,Furniture,Bookcases,1124.86,5,0.4,-281.61
1002,US-2023-00414,01/25/2023,01/31/2023,Standard Class,CU-0147,Aarav Lee,Home Office,United States,New York,East,Office Supplies,Binders,29.23,1,0.0,6.01
1003,US-2023-00414,01/25/2023,01/30/2023,Standard Class,CU-0147,Aarav Lee,Home Office,United States,New York,East,Furniture,Bookcases,808.83,3,0.0,42.51
1004,US-2023-00414,01/25/2023,01/30/2023,Standard Class,CU-0147,Aarav Lee,Home Office,United States,New York,East,Technology,Machines,3468.36,7,0.0,69.17
1005,US-2023-00415,12/10/2023,12/15/2023,Standard Class,CU-0205,Priya Lee,Home Office,United States,Virginia,South,Office Supplies,Labels,41.4,4,0.0,13.03
1006,US-2023-00415,12/10/2023,12/16/2023,Standard Class,CU-0205,Priya Lee,Home Office,United States,Virginia,South,Technology,Phones,884.53,3,0.1,74.09
1007,US-2023-00415,12/10/2023,12/15/2023,Standard Class,CU-0205,Priya Lee,Home Office,United States,Virginia,South,Furniture,Chairs,373.91,2,0.1,35.41
1008,US-2025-00416,07/12/2025,07/17/2025,Standard Class,CU-0504,Ravi Lee,Consumer,United States,Michigan,Central,Technology,Phones,1090.23,5,0.2,23.02
1009,US-2022-00417,12/31/2022,01/06/2023,Standard Class,CU-0558,Noah Brown,Home Office,United States,Pennsylvania,East,Technology,Accessories,38.34,1,0.4,-0.45
1010,US-2022-00417,12/31/2022,01/05/2023,Standard Class,CU-0558,Noah Brown,Home Office,United States,Pennsylvania,East,Office Supplies,Art,66.45,7,0.3,5.82
1011,US-2024-00418,12/24/2024,12/30/2024,Standard Class,CU-0150,Zoe Khan,Consumer,United States,New York,East,Office Supplies,Storage,234.77,4,0.4,-30.95
1012,US-2024-00419,09/14/2024,09/20/2024,Standard Class,CU-0025,Emma Patel,Home Office,United States,Pennsylvania,East,Furniture,Chairs,1207.68,6,0.0,118.95
1013,US-2024-00419,09/14/2024,09/19/2024,Standard Class,CU-0025,Emma Patel,Home Office,United States,Pennsylvania,East,Office Supplies,Labels,11.22,1,0.0,4.6
1014,US-2025-00420,12/03/2025,12/09/2025,Standard Class,CU-0398,Sara Patel,Home Office,United States,Washington,West,Technology,Copiers,5128.01,5,0.0,1654.36
1015,US-2025-00420,12/03/2025,12/08/2025,Standard Class,CU-0398,Sara Patel,Home Office,United States,Washington,West,Office Supplies,Labels,33.31,4,0.3,4.46
1016,US-2025-00420,12/03/2025,12/09/2025,Standard Class,CU-0398,Sara Patel,Home Office,United States,Washington,West,Office Supplies,Art,36.15,3,0.0,12.57
1017,US-2025-00420,12/03/2025,12/09/2025,Standard Class,CU-0398,Sara Patel,Home Office,United States,Washington,West,Furniture,Tables,3636.86,7,0.0,19.98
1018,US-2025-00421,05/27/2025,05/31/2025,Second Class,CU-0305,Liam Clark,Corporate,United States,Ohio,East,Technology,Phones,303.35,1,0.0,34.58
1019,US-2025-00421,05/27/2025,05/30/2025,Second Class,CU-0305,Liam Clark,Corporate,United States,Ohio,East,Furniture,Tables,554.73,2,0.4,-153.78
1020,US-2023-00422,05/07/2023,05/13/2023,Standard Class,CU-0500,Priya Garcia,Home Office,United States,Oregon,West,Technology,Copiers,5236.1,6,0.0,2205.73
1021,US-2023-00422,05/07/2023,05/13/2023,Standard Class,CU-0500,Priya Garcia,Home Office,United States,Oregon,West,Furniture,Bookcases,226.64,1,0.3,-54.02
1022,US-2023-00422,05/07/2023,05/13/2023,Standard Class,CU-0500,Priya Garcia,Home Office,United States,Oregon,West,Office Supplies,Labels,75.95,6,0.1,32.32
1023,US-2023-00422,05/07/2023,05/12/2023,Standard Class,CU-0500,Priya Garcia,Home Office,United States,Oregon,West,Office Supplies,Binders,123.58,7,0.2,6.87
1024,US-2024-00423,04/13/2024,04/18/2024,Standard Class,CU-0298,Ravi Khan,Home Office,United States,Florida,South,Office Supplies,Art,43.12,4,0.2,5.44
1025,US-2024-00423,04/13/2024,04/19/2024,Standard Class,CU-0298,Ravi Khan,Home Office,United States,Florida,South,Office Supplies,Paper,93.42,4,0.0,32.49
1026,US-2024-00423,04/13/2024,04/19/2024,Standard Class,CU-0298,Ravi Khan,Home Office,United States,Florida,South,Furniture,Chairs,750.53,7,0.5,-164.76
1027,US-2024-00423,04/13/2024,04/19/2024,Standard Class,CU-0298,Ravi Khan,Home Office,United States,Florida,South,Furniture,Tables,733.11,2,0.1,-157.81
1028,US-2022-00424,11/28/2022,12/04/2022,Standard Class,CU-0048,John Brown,Corporate,United States,Washington,West,Furniture,Tables,903.54,2,0.0,-65.42
1029,US-2022-00424,11/28/2022,12/04/2022,Standard Class,CU-0048,John Brown,Corporate,United States,Washington,West,Technology,Copiers,1695.09,3,0.4,151.96
1030,US-2022-00424,11/28/2022,12/04/2022,Standard Class,CU-0048,John Brown,Corporate,United States,Washington,West,Furniture,Tables,1936.03,7,0.4,-506.53
1031,US-2025-00425,07/07/2025,07/10/2025,Second Class,CU-0004,Maya Khan,Home Office,United States,Michigan,Central,Office Supplies,Art,24.61,4,0.5,1.45
1032,US-2025-00425,07/07/2025,07/11/2025,Second Class,CU-0004,Maya Khan,Home Office,United States,Michigan,Central,Office Supplies,Storage,526.35,7,0.3,-66.14
1033,US-2025-00425,07/07/2025,07/11/2025,Second Class,CU-0004,Maya Khan,Home Office,United States,Michigan,Central,Technology,Machines,286.36,1,0.5,-68.34
1034,US-2025-00425,07/07/2025,07/11/2025,Second Class,CU-0004,Maya Khan,Home Office,United States,Michigan,Central,Furniture,Chairs,906.93,4,0.0,71.41
1035,US-2022-00426,07/18/2022,07/23/2022,Standard Class,CU-0358,John Davis,Corporate,United States,Michigan,Central,Furniture,Tables,1075.12,6,0.5,-353.59
1036,US-2022-00427,11/21/2022,11/24/2022,Second Class,CU-0539,Aarav Patel,Home Office,United States,Washington,West,Office Supplies,Art,41.26,4,0.3,5.7
1037,US-2022-00427,11/21/2022,11/25/2022,Second Class,CU-0539,Aarav Patel,Home Office,United States,Washington,West,Technology,Machines,1700.9,4,0.1,-5.22
1038,US-2022-00428,02/13/2022,02/16/2022,First Class,CU-0326,John Smith,Corporate,United States,Michigan,Central,Furniture,Furnishings,316.94,6,0.2,13.45
1039,US-2023-00429,03/04/2023,03/10/2023,Standard Class,CU-0598,Ethan Lee,Consumer,United States,Pennsylvania,East,Furniture,Tables,1003.22,4,0.5,-304.02
1040,US-2023-00429,03/04/2023,03/10/2023,Standard Class,CU-0598,Ethan Lee,Consumer,United States,Pennsylvania,East,Technology,Machines,3397.33,7,0.2,-286.63
1041,US-2023-00429,03/04/2023,03/10/2023,Standard Class,CU-0598,Ethan Lee,Consumer,United States,Pennsylvania,East,Office Supplies,Binders,24.0,1,0.0,4.02
1042,US-2024-00430,09/21/2024,09/24/2024,First Class,CU-0251,Zoe Patel,Consumer,United States,Ohio,East,Furniture,Furnishings,138.59,2,0.0,19.61
1043,US-2024-00430,09/21/2024,09/23/2024,First Class,CU-0251,Zoe Patel,Consumer,United States,Ohio,East,Office Supplies,Art,46.46,4,0.3,5.27
1044,US-2022-00431,05/06/2022,05/09/2022,First Class,CU-0507,Emma Garcia,Home Office,United States,Oregon,West,Furniture,Furnishings,503.46,7,0.0,50.8
1045,US-2022-00432,10/01/2022,10/03/2022,First Class,CU-0131,Ravi Patel,Corporate,United States,New York,East,Technology,Phones,842.32,5,0.5,-120.46
1046,US-2022-00432,10/01/2022,10/03/2022,First Class,CU-0131,Ravi Patel,Corporate,United States,New York,East,Furniture,Bookcases,2355.23,7,0.0,88.49
1047,US-2022-00433,06/16/2022,06/21/2022,Standard Class,CU-0616,Olivia Garcia,Corporate,United States,Georgia,South,Office Supplies,Binders,17.9,1,0.4,0.13
1048,US-2022-00433,06/16/2022,06/21/2022,Standard Class,CU-0616,Olivia Garcia,Corporate,United States,Georgia,South,Furniture,Tables,338.41,1,0.1,-3.25
1049,US-2022-00433,06/16/2022,06/22/2022,Standard Class,CU-0616,Olivia Garcia,Corporate,United States,Georgia,South,Furniture,Bookcases,740.81,2,0.0,-36.3
1050,US-2022-00433,06/16/2022,06/22/2022,Standard Class,CU-0616,Olivia Garcia,Corporate,United States,Georgia,South,Technology,Accessories,247.12,6,0.0,59.17
1051,US-2025-00434,09/20/2025,09/20/2025,Same Day,CU-0573,Olivia Lee,Corporate,United States,Illinois,Central,Office Supplies,Storage,380.05,5,0.1,40.08
1052,US-2025-00434,09/20/2025,09/20/2025,Same Day,CU-0573,Olivia Lee,Corporate,United States,Illinois,Central,Technology,Accessories,135.48,3,0.2,20.67
1053,US-2022-00435,10/17/2022,10/23/2022,Standard Class,CU-0450,Ravi Davis,Corporate,United States,Georgia,South,Technology,Phones,791.72,4,0.3,18.75
1054,US-2022-00435,10/17/2022,10/23/2022,Standard Class,CU-0450,Ravi Davis,Corporate,United States,Georgia,South,Office Supplies,Paper,21.37,1,0.0,10.46
1055,US-2022-00435,10/17/2022,10/22/2022,Standard Class,CU-0450,Ravi Davis,Corporate,United States,Georgia,South,Furniture,Tables,261.9,1,0.2,-29.54
1056,US-2024-00436,10/14/2024,10/20/2024,Standard Class,CU-0403,Noah Davis,Consumer,United States,Washington,West,Technology,Accessories,46.9,1,0.0,10.69
1057,US-2024-00436,10/14/2024,10/19/2024,Standard Class,CU-0403,Noah Davis,Consumer,United States,Washington,West,Technology,Machines,1123.7,3,0.4,-248.29
1058,US-2024-00436,10/14/2024,10/20/2024,Standard Class,CU-0403,Noah Davis,Consumer,United States,Washington,West,Furniture,Furnishings,128.71,2,0.1,5.33
1059,US-2024-00436,10/14/2024,10/19/2024,Standard Class,CU-0403,Noah Davis,Consumer,United States,Washington,West,Office Supplies,Paper,136.66,7,0.2,48.21
1060,US-2024-00437,03/11/2024,03/12/2024,Same Day,CU-0462,Ethan Lee,Consumer,United States,California,West,Office Supplies,Storage,351.09,4,0.0,36.4
1061,US-2025-00438,10/11/2025,10/15/2025,Second Class,CU-0145,Priya Patel,Corporate,United States,Washington,West,Office Supplies,Storage,311.14,4,0.0,13.56
1062,US-2023-00439,01/16/2023,01/20/2023,Second Class,CU-0141,Zoe Miller,Home Office,United States,California,West,Technology,Machines,2248.41,4,0.1,-154.61
1063,US-2025-00440,12/30/2025,01/04/2026,Standard Class,CU-0139,Aarav Miller,Home Office,United States,Virginia,South,Furniture,Tables,676.92,2,0.2,-124.75
1064,US-2025-00440,12/30/2025,01/04/2026,Standard Class,CU-0139,Aarav Miller,Home Office,United States,Virginia,South,Technology,Copiers,3940.48,5,0.2,879.03
1065,US-2025-00440,12/30/2025,01/04/2026,Standard Class,CU-0139,Aarav Miller,Home Office,United States,Virginia,South,Furniture,Bookcases,406.84,2,0.2,-28.87
1066,US-2025-00441,05/04/2025,05/10/2025,Standard Class,CU-0312,Olivia Garcia,Home Office,United States,California,West,Furniture,Chairs,852.81,4,0.0,103.2
1067,US-2025-00441,05/04/2025,05/10/2025,Standard Class,CU-0312,Olivia Garcia,Home Office,United States,California,West,Office Supplies,Binders,93.8,6,0.3,7.16
1068,US-2025-00441,05/04/2025,05/10/2025,Standard Class,CU-0312,Olivia Garcia,Home Office,United States,California,West,Furniture,Bookcases,1593.23,7,0.4,-356.42
1069,US-2025-00441,05/04/2025,05/09/2025,Standard Class,CU-0312,Olivia Garcia,Home Office,United States,California,West,Technology,Copiers,651.91,1,0.1,246.89
1070,US-2023-00442,11/26/2023,11/28/2023,First Class,CU-0251,Zoe Patel,Consumer,United States,California,West,Technology,Copiers,4373.35,6,0.3,930.45
1071,US-2023-00442,11/26/2023,11/28/2023,First Class,CU-0251,Zoe Patel,Consumer,United States,California,West,Technology,Copiers,3027.05,3,0.0,968.2
1072,US-2023-00443,12/16/2023,12/22/2023,Standard Class,CU-0376,Ethan Wilson,Corporate,United States,Washington,West,Furniture,Bookcases,613.4,2,0.2,-86.39
1073,US-2023-00443,12/16/2023,12/21/2023,Standard Class,CU-0376,Ethan Wilson,Corporate,United States,Washington,West,Technology,Machines,450.62,1,0.2,-10.08
1074,US-2024-00444,12/17/2024,12/18/2024,Same Day,CU-0027,Noah Miller,Home Office,United States,Michigan,Central,Furniture,Bookcases,267.03,2,0.5,-47.53
1075,US-2024-00444,12/17/2024,12/17/2024,Same Day,CU-0027,Noah Miller,Home Office,United States,Michigan,Central,Office Supplies,Binders,90.52,3,0.0,16.06
1076,US-2023-00445,07/20/2023,07/25/2023,Standard Class,CU-0313,Maya Patel,Corporate,United States,Texas,Central,Office Supplies,Storage,361.2,4,0.2,-2.32
1077,US-2023-00445,07/20/2023,07/25/2023,Standard Class,CU-0313,Maya Patel,Corporate,United States,Texas,Central,Technology,Accessories,161.35,3,0.1,31.1
1078,US-2023-00446,11/16/2023,11/19/2023,First Class,CU-0113,Zoe Lee,Consumer,United States,California,West,Technology,Accessories,256.22,6,0.0,53.09
1079,US-2023-00446,11/16/2023,11/18/2023,First Class,CU-0113,Zoe Lee,Consumer,United States,California,West,Technology,Accessories,147.16,4,0.3,8.95
1080,US-2024-00447,01/03/2024,01/09/2024,Standard Class,CU-0399,Noah Miller,Home Office,United States,Illinois,Central,Technology,Copiers,1576.51,3,0.5,233.63
1081,US-2024-00448,06/26/2024,07/01/2024,Standard Class,CU-0022,Zoe Garcia,Consumer,United States,Texas,Central,Furniture,Chairs,804.4,4,0.3,-49.69
1082,US-2024-00448,06/26/2024,07/01/2024,Standard Class,CU-0022,Zoe Garcia,Consumer,United States,Texas,Central,Technology,Accessories,196.27,5,0.2,40.59
1083,US-2024-00448,06/26/2024,07/01/2024,Standard Class,CU-0022,Zoe Garcia,Consumer,United States,Texas,Central,Office Supplies,Paper,144.35,7,0.0,50.28
1084,US-2022-00449,12/03/2022,12/09/2022,Standard Class,CU-0401,Ethan Garcia,Home Office,United States,Virginia,South,Technology,Phones,1539.82,6,0.0,204.1
1085,US-2022-00449,12/03/2022,12/09/2022,Standard Class,CU-0401,Ethan Garcia,Home Office,United States,Virginia,South,Furniture,Tables,1229.54,3,0.2,-364.17
1086,US-2022-00449,12/03/2022,12/08/2022,Standard Class,CU-0401,Ethan Garcia,Home Office,United States,Virginia,South,Furniture,Chairs,467.02,4,0.5,-78.28
1087,US-2022-00449,12/03/2022,12/08/2022,Standard Class,CU-0401,Ethan Garcia,Home Office,United States,Virginia,South,Office Supplies,Paper,75.28,7,0.5,7.88
1088,US-2023-00450,01/31/2023,02/05/2023,Standard Class,CU-0039,Noah Khan,Consumer,United States,New York,East,Technology,Copiers,2989.87,5,0.3,649.98
1089,US-2023-00450,01/31/2023,02/05/2023,Standard Class,CU-0039,Noah Khan,Consumer,United States,New York,East,Technology,Machines,1899.14,4,0.0,-26.22
1090,US-2025-00451,07/28/2025,08/03/2025,Standard Class,CU-0618,Sara Garcia,Consumer,United States,Florida,South,Furniture,Tables,1327.04,7,0.5,-523.72
1091,US-2025-00451,07/28/2025,08/03/2025,Standard Class,CU-0618,Sara Garcia,Consumer,United States,Florida,South,Office Supplies,Binders,225.46,7,0.0,57.45
1092,US-2024-00452,06/06/2024,06/11/2024,Standard Class,CU-0053,Maya Khan,Corporate,United States,Washington,West,Technology,Copiers,3589.86,7,0.3,423.18
1093,US-2024-00452,06/06/2024,06/11/2024,Standard Class,CU-0053,Maya Khan,Corporate,United States,Washington,West,Furniture,Tables,1957.55,4,0.0,-67.77
1094,US-2024-00452,06/06/2024,06/12/2024,Standard Class,CU-0053,Maya Khan,Corporate,United States,Washington,West,Office Supplies,Labels,25.14,3,0.2,5.43
1095,US-2024-00452,06/06/2024,06/11/2024,Standard Class,CU-0053,Maya Khan,Corporate,United States,Washington,West,Furniture,Tables,985.56,5,0.5,-443.06
1096,US-2025-00453,03/30/2025,04/04/2025,Standard Class,CU-0154,Maya Davis,Consumer,United States,Michigan,Central,Office Supplies,Art,36.08,3,0.2,1.89
1097,US-2025-00453,03/30/2025,04/05/2025,Standard Class,CU-0154,Maya Davis,Consumer,United States,Michigan,Central,Technology,Phones,1173.89,4,0.1,37.34
1098,US-2025-00453,03/30/2025,04/04/2025,Standard Class,CU-0154,Maya Davis,Consumer,United States,Michigan,Central,Technology,Machines,1248.89,3,0.0,49.98
1099,US-2025-00453,03/30/2025,04/04/2025,Standard Class,CU-0154,Maya Davis,Consumer,United States,Michigan,Central,Technology,Phones,1837.02,6,0.1,159.21
1100,US-2025-00454,06/30/2025,07/04/2025,Second Class,CU-0567,Liam Clark,Consumer,United States,New York,East,Technology,Machines,2879.83,6,0.0,241.74
1101,US-2024-00455,09/16/2024,09/22/2024,Standard Class,CU-0097,Noah Garcia,Home Office,United States,Georgia,South,Technology,Copiers,4674.73,7,0.1,1353.46
1102,US-2024-00456,04/12/2024,04/18/2024,Standard Class,CU-0492,John Clark,Consumer,United States,Virginia,South,Furniture,Bookcases,188.72,1,0.4,-30.54
1103,US-2024-00456,04/12/2024,04/18/2024,Standard Class,CU-0492,John Clark,Consumer,United States,Virginia,South,Office Supplies,Paper,48.93,6,0.5,9.71
1104,US-2024-00457,10/25/2024,10/30/2024,Standard Class,CU-0515,Maya Khan,Consumer,United States,Texas,Central,Office Supplies,Paper,93.94,7,0.3,22.64
1105,US-2024-00457,10/25/2024,10/31/2024,Standard Class,CU-0515,Maya Khan,Consumer,United States,Texas,Central,Office Supplies,Labels,10.89,1,0.0,4.79
1106,US-2025-00458,12/22/2025,12/28/2025,Standard Class,CU-0544,Maya Khan,Home Office,United States,California,West,Office Supplies,Binders,138.06,7,0.3,8.84
1107,US-2025-00458,12/22/2025,12/28/2025,Standard Class,CU-0544,Maya Khan,Home Office,United States,California,West,Office Supplies,Storage,426.89,4,0.0,40.02
1108,US-2025-00458,12/22/2025,12/28/2025,Standard Class,CU-0544,Maya Khan,Home Office,United States,California,West,Office Supplies,Storage,335.26,7,0.4,-32.43
1109,US-2025-00458,12/22/2025,12/27/2025,Standard Class,CU-0544,Maya Khan,Home Office,United States,California,West,Office Supplies,Storage,191.57,2,0.0,6.4
1110,US-2025-00459,08/23/2025,08/27/2025,Second Class,CU-0364,Maya Khan,Corporate,United States,Georgia,South,Office Supplies,Storage,661.7,6,0.0,49.18
1111,US-2025-00459,08/23/2025,08/26/2025,Second Class,CU-0364,Maya Khan,Corporate,United States,Georgia,South,Office Supplies,Paper,88.83,5,0.1,30.4
1112,US-2025-00459,08/23/2025,08/26/2025,Second Class,CU-0364,Maya Khan,Corporate,United States,Georgia,South,Office Supplies,Storage,246.35,3,0.0,14.77
1113,US-2025-00459,08/23/2025,08/27/2025,Second Class,CU-0364,Maya Khan,Corporate,United States,Georgia,South,Furniture,Bookcases,1540.25,6,0.0,53.98
1114,US-2022-00460,03/04/2022,03/07/2022,Second Class,CU-0370,Ethan Clark,Consumer,United States,Georgia,South,Office Supplies,Art,37.4,4,0.3,-1.75
1115,US-2023-00461,05/11/2023,05/14/2023,Second Class,CU-0467,Aarav Brown,Home Office,United States,Washington,West,Office Supplies,Paper,22.48,2,0.4,4.71
1116,US-2023-00461,05/11/2023,05/15/2023,Second Class,CU-0467,Aarav Brown,Home Office,United States,Washington,West,Furniture,Furnishings,255.86,4,0.1,5.14
1117,US-2023-00461,05/11/2023,05/15/2023,Second Class,CU-0467,Aarav Brown,Home Office,United States,Washington,West,Technology,Accessories,29.99,1,0.4,1.39
1118,US-2025-00462,08/09/2025,08/12/2025,Second Class,CU-0083,Priya Garcia,Home Office,United States,New York,East,Furniture,Furnishings,305.72,5,0.0,70.2
1119,US-2025-00462,08/09/2025,08/12/2025,Second Class,CU-0083,Priya Garcia,Home Office,United States,New York,East,Furniture,Furnishings,167.72,4,0.3,1.43
1120,US-2022-00463,05/15/2022,05/20/2022,Standard Class,CU-0026,Emma Lee,Consumer,United States,Pennsylvania,East,Office Supplies,Labels,18.08,2,0.4,4.64
1121,US-2022-00463,05/15/2022,05/21/2022,Standard Class,CU-0026,Emma Lee,Consumer,United States,Pennsylvania,East,Office Supplies,Labels,45.31,5,0.2,11.31
1122,US-2022-00463,05/15/2022,05/20/2022,Standard Class,CU-0026,Emma Lee,Consumer,United States,Pennsylvania,East,Technology,Accessories,187.71,5,0.4,-0.48
1123,US-2025-00464,08/20/2025,08/26/2025,Standard Class,CU-0409,Emma Clark,Consumer,United States,Washington,West,Office Supplies,Storage,263.44,6,0.5,-46.29
1124,US-2023-00465,02/15/2023,02/18/2023,Second Class,CU-0335,Noah Wilson,Consumer,United States,Texas,Central,Furniture,Tables,2526.19,7,0.3,-534.66
1125,US-2022-00466,05/16/2022,05/20/2022,Second Class,CU-0553,Ethan Wilson,Home Office,United States,Oregon,West,Technology,Accessories,81.02,3,0.4,-1.45
1126,US-2022-00466,05/16/2022,05/20/2022,Second Class,CU-0553,Ethan Wilson,Home Office,United States,Oregon,West,Technology,Phones,1534.67,6,0.1,45.96
1127,US-2022-00466,05/16/2022,05/20/2022,Second Class,CU-0553,Ethan Wilson,Home Office,United States,Oregon,West,Furniture,Tables,1436.48,4,0.3,-285.48
1128,US-2022-00466,05/16/2022,05/20/2022,Second Class,CU-0553,Ethan Wilson,Home Office,United States,Oregon,West,Office Supplies,Labels,27.75,2,0.0,10.35
1129,US-2025-00467,03/18/2025,03/21/2025,Second Class,CU-0289,Ethan Miller,Home Office,United States,Georgia,South,Furniture,Furnishings,415.71,7,0.0,86.88
1130,US-2024-00468,07/25/2024,07/30/2024,Standard Class,CU-0563,Emma Garcia,Home Office,United States,Georgia,South,Furniture,Bookcases,1250.04,5,0.3,-134.51
1131,US-2025-00469,11/19/2025,11/24/2025,Standard Class,CU-0022,Zoe Garcia,Consumer,United States,Florida,South,Technology,Copiers,1550.93,2,0.2,357.54
1132,US-2025-00469,11/19/2025,11/25/2025,Standard Class,CU-0022,Zoe Garcia,Consumer,United States,Florida,South,Office Supplies,Art,86.83,5,0.1,15.28
1133,US-2025-00469,11/19/2025,11/25/2025,Standard Class,CU-0022,Zoe Garcia,Consumer,United States,Florida,South,Office Supplies,Labels,26.68,3,0.2,8.62
1134,US-2025-00470,09/07/2025,09/09/2025,First Class,CU-0554,Sara Miller,Corporate,United States,New York,East,Furniture,Chairs,2000.24,7,0.0,322.61
1135,US-2025-00470,09/07/2025,09/09/2025,First Class,CU-0554,Sara Miller,Corporate,United States,New York,East,Office Supplies,Art,29.06,2,0.0,4.53
1136,US-2025-00470,09/07/2025,09/09/2025,First Class,CU-0554,Sara Miller,Corporate,United States,New York,East,Technology,Accessories,167.15,3,0.1,37.89
1137,US-2023-00471,10/29/2023,11/04/2023,Standard Class,CU-0420,Noah Khan,Home Office,United States,Texas,Central,Office Supplies,Labels,32.67,3,0.0,12.05
1138,US-2024-00472,09/24/2024,09/29/2024,Standard Class,CU-0588,Liam Smith,Corporate,United States,Washington,West,Furniture,Furnishings,323.44,6,0.0,51.91
1139,US-2022-00473,03/10/2022,03/15/2022,Standard Class,CU-0519,Emma Patel,Home Office,United States,Georgia,South,Furniture,Furnishings,197.09,4,0.3,-4.98
1140,US-2022-00473,03/10/2022,03/16/2022,Standard Class,CU-0519,Emma Patel,Home Office,United States,Georgia,South,Technology,Phones,1149.1,5,0.3,-33.73
1141,US-2022-00473,03/10/2022,03/16/2022,Standard Class,CU-0519,Emma Patel,Home Office,United States,Georgia,South,Furniture,Furnishings,90.91,2,0.1,1.73
1142,US-2022-00474,02/23/2022,02/23/2022,Same Day,CU-0454,Liam Smith,Consumer,United States,Oregon,West,Technology,Phones,488.82,2,0.0,91.46
1143,US-2022-00474,02/23/2022,02/23/2022,Same Day,CU-0454,Liam Smith,Consumer,United States,Oregon,West,Furniture,Chairs,1469.78,6,0.0,233.65
1144,US-2022-00474,02/23/2022,02/24/2022,Same Day,CU-0454,Liam Smith,Consumer,United States,Oregon,West,Technology,Accessories,240.24,5,0.1,17.76
1145,US-2024-00475,10/14/2024,10/17/2024,Second Class,CU-0105,Maya Brown,Consumer,United States,Georgia,South,Office Supplies,Binders,19.19,1,0.4,-0.54
1146,US-2024-00475,10/14/2024,10/17/2024,Second Class,CU-0105,Maya Brown,Consumer,United States,Georgia,South,Technology,Copiers,2405.18,3,0.3,358.01
1147,US-2022-00476,10/01/2022,10/06/2022,Standard Class,CU-0266,Sara Clark,Corporate,United States,Michigan,Central,Furniture,Tables,1033.9,2,0.0,-54.31
1148,US-2022-00476,10/01/2022,10/07/2022,Standard Class,CU-0266,Sara Clark,Corporate,United States,Michigan,Central,Technology,Machines,3160.97,7,0.3,-191.3
1149,US-2022-00476,10/01/2022,10/07/2022,Standard Class,CU-0266,Sara Clark,Corporate,United States,Michigan,Central,Technology,Machines,1774.65,5,0.3,-251.0
1150,US-2022-00476,10/01/2022,10/06/2022,Standard Class,CU-0266,Sara Clark,Corporate,United States,Michigan,Central,Technology,Machines,3056.93,5,0.0,256.54
1151,US-2024-00477,11/22/2024,11/25/2024,Second Class,CU-0309,John Clark,Corporate,United States,California,West,Furniture,Chairs,501.0,4,0.4,-121.96
1152,US-2024-00477,11/22/2024,11/25/2024,Second Class,CU-0309,John Clark,Corporate,United States,California,West,Furniture,Tables,2177.67,6,0.0,-315.59
1153,US-2024-00477,11/22/2024,11/26/2024,Second Class,CU-0309,John Clark,Corporate,United States,California,West,Office Supplies,Labels,23.55,2,0.0,9.64
1154,US-2024-00477,11/22/2024,11/26/2024,Second Class,CU-0309,John Clark,Corporate,United States,California,West,Office Supplies,Storage,249.87,6,0.5,-47.26
1155,US-2023-00478,02/23/2023,02/26/2023,Second Class,CU-0314,Noah Miller,Corporate,United States,Virginia,South,Furniture,Furnishings,149.27,5,0.4,-6.87
1156,US-2023-00478,02/23/2023,02/27/2023,Second Class,CU-0314,Noah Miller,Corporate,United States,Virginia,South,Office Supplies,Storage,153.43,2,0.0,17.23
1157,US-2023-00478,02/23/2023,02/26/2023,Second Class,CU-0314,Noah Miller,Corporate,United States,Virginia,South,Furniture,Tables,2245.29,7,0.3,-577.22
1158,US-2025-00479,04/03/2025,04/09/2025,Standard Class,CU-0475,Olivia Miller,Consumer,United States,Illinois,Central,Office Supplies,Binders,55.92,2,0.0,13.05
1159,US-2025-00479,04/03/2025,04/09/2025,Standard Class,CU-0475,Olivia Miller,Consumer,United States,Illinois,Central,Furniture,Chairs,1124.79,6,0.4,-14.05
1160,US-2025-00479,04/03/2025,04/08/2025,Standard Class,CU-0475,Olivia Miller,Consumer,United States,Illinois,Central,Office Supplies,Labels,55.19,5,0.1,18.06
1161,US-2025-00479,04/03/2025,04/08/2025,Standard Class,CU-0475,Olivia Miller,Consumer,United States,Illinois,Central,Technology,Accessories,248.67,7,0.4,22.03
1162,US-2024-00480,08/23/2024,08/26/2024,First Class,CU-0663,Priya Brown,Consumer,United States,Georgia,South,Office Supplies,Labels,71.15,7,0.0,30.46
1163,US-2022-00481,06/24/2022,06/30/2022,Standard Class,CU-0238,Noah Davis,Home Office,United States,New York,East,Furniture,Bookcases,2267.29,7,0.0,58.31
1164,US-2023-00482,08/08/2023,08/12/2023,Second Class,CU-0019,Emma Smith,Corporate,United States,Virginia,South,Office Supplies,Paper,146.41,6,0.0,63.31
1165,US-2023-00482,08/08/2023,08/12/2023,Second Class,CU-0019,Emma Smith,Corporate,United States,Virginia,South,Office Supplies,Art,17.08,1,0.0,4.28
1166,US-2022-00483,12/18/2022,12/23/2022,Standard Class,CU-0359,Emma Patel,Home Office,United States,Florida,South,Office Supplies,Art,67.32,5,0.0,20.71
1167,US-2022-00483,12/18/2022,12/23/2022,Standard Class,CU-0359,Emma Patel,Home Office,United States,Florida,South,Office Supplies,Storage,131.49,2,0.3,-4.91
1168,US-2022-00483,12/18/2022,12/23/2022,Standard Class,CU-0359,Emma Patel,Home Office,United States,Florida,South,Furniture,Furnishings,52.6,1,0.2,5.41
1169,US-2024-00484,04/04/2024,04/07/2024,First Class,CU-0562,Priya Lee,Corporate,United States,Pennsylvania,East,Technology,Accessories,366.12,7,0.0,109.75
1170,US-2022-00485,09/06/2022,09/11/2022,Standard Class,CU-0017,Ravi Davis,Home Office,United States,Pennsylvania,East,Office Supplies,Labels,38.0,5,0.3,5.71
1171,US-2022-00485,09/06/2022,09/12/2022,Standard Class,CU-0017,Ravi Davis,Home Office,United States,Pennsylvania,East,Office Supplies,Storage,403.63,5,0.1,13.44
1172,US-2022-00485,09/06/2022,09/11/2022,Standard Class,CU-0017,Ravi Davis,Home Office,United States,Pennsylvania,East,Technology,Copiers,912.93,1,0.2,172.35
1173,US-2022-00485,09/06/2022,09/12/2022,Standard Class,CU-0017,Ravi Davis,Home Office,United States,Pennsylvania,East,Furniture,Furnishings,372.29,5,0.0,41.2
1174,US-2022-00486,09/28/2022,09/30/2022,First Class,CU-0381,Ethan Lee,Home Office,United States,Michigan,Central,Furniture,Chairs,150.97,1,0.4,-12.74
1175,US-2022-00486,09/28/2022,10/01/2022,First Class,CU-0381,Ethan Lee,Home Office,United States,Michigan,Central,Furniture,Tables,2987.05,7,0.0,-125.6
1176,US-2025-00487,12/08/2025,12/13/2025,Standard Class,CU-0068,Ethan Garcia,Home Office,United States,Ohio,East,Office Supplies,Labels,77.67,5,0.0,25.69
1177,US-2022-00488,04/23/2022,04/25/2022,First Class,CU-0454,Liam Smith,Consumer,United States,Michigan,Central,Technology,Machines,1994.61,5,0.1,-123.22
1178,US-2023-00489,05/11/2023,05/11/2023,Same Day,CU-0518,Ethan Khan,Corporate,United States,California,West,Office Supplies,Binders,122.95,4,0.0,23.84
1179,US-2023-00489,05/11/2023,05/11/2023,Same Day,CU-0518,Ethan Khan,Corporate,United States,California,West,Office Supplies,Paper,88.15,7,0.3,15.74
1180,US-2022-00490,02/23/2022,03/01/2022,Standard Class,CU-0509,Olivia Smith,Consumer,United States,Oregon,West,Furniture,Furnishings,396.15,6,0.0,46.11
1181,US-2022-00490,02/23/2022,03/01/2022,Standard Class,CU-0509,Olivia Smith,Consumer,United States,Oregon,West,Office Supplies,Paper,35.65,2,0.3,8.34
1182,US-2022-00490,02/23/2022,02/28/2022,Standard Class,CU-0509,Olivia Smith,Consumer,United States,Oregon,West,Technology,Phones,1450.02,5,0.0,101.67
1183,US-2022-00490,02/23/2022,03/01/2022,Standard Class,CU-0509,Olivia Smith,Consumer,United States,Oregon,West,Office Supplies,Paper,106.76,7,0.3,34.36
1184,US-2025-00491,10/10/2025,10/13/2025,Second Class,CU-0029,Olivia Davis,Consumer,United States,Pennsylvania,East,Furniture,Bookcases,1499.49,7,0.3,-191.57
1185,US-2025-00491,10/10/2025,10/13/2025,Second Class,CU-0029,Olivia Davis,Consumer,United States,Pennsylvania,East,Technology,Phones,1672.57,6,0.0,313.24
1186,US-2022-00492,04/30/2022,05/05/2022,Standard Class,CU-0031,Emma Wilson,Home Office,United States,Ohio,East,Furniture,Tables,527.35,2,0.3,-166.85
1187,US-2024-00493,07/24/2024,07/30/2024,Standard Class,CU-0409,Emma Clark,Consumer,United States,Florida,South,Technology,Machines,528.21,1,0.0,33.71
1188,US-2024-00494,01/29/2024,01/29/2024,Same Day,CU-0620,Olivia Khan,Home Office,United States,Washington,West,Technology,Copiers,1657.06,2,0.0,564.85
1189,US-2024-00494,01/29/2024,01/29/2024,Same Day,CU-0620,Olivia Khan,Home Office,United States,Washington,West,Office Supplies,Storage,247.39,3,0.0,25.68
1190,US-2024-00495,09/08/2024,09/13/2024,Standard Class,CU-0552,Olivia Patel,Consumer,United States,Illinois,Central,Furniture,Tables,1795.27,5,0.3,-371.25
1191,US-2024-00495,09/08/2024,09/14/2024,Standard Class,CU-0552,Olivia Patel,Consumer,United States,Illinois,Central,Office Supplies,Binders,21.82,1,0.3,0.27
1192,US-2024-00495,09/08/2024,09/14/2024,Standard Class,CU-0552,Olivia Patel,Consumer,United States,Illinois,Central,Technology,Copiers,5378.17,6,0.0,1863.92
1193,US-2024-00495,09/08/2024,09/14/2024,Standard Class,CU-0552,Olivia Patel,Consumer,United States,Illinois,Central,Office Supplies,Paper,19.99,1,0.0,10.65
1194,US-2023-00496,12/27/2023,12/31/2023,Second Class,CU-0437,Liam Wilson,Corporate,United States,Ohio,East,Technology,Phones,227.21,1,0.4,-12.11
1195,US-2023-00496,12/27/2023,12/30/2023,Second Class,CU-0437,Liam Wilson,Corporate,United States,Ohio,East,Technology,Copiers,2936.76,4,0.1,800.13
1196,US-2023-00496,12/27/2023,12/31/2023,Second Class,CU-0437,Liam Wilson,Corporate,United States,Ohio,East,Furniture,Chairs,1138.73,7,0.3,-84.63
1197,US-2023-00496,12/27/2023,12/30/2023,Second Class,CU-0437,Liam Wilson,Corporate,United States,Ohio,East,Technology,Accessories,249.72,5,0.0,64.28
1198,US-2025-00497,11/03/2025,11/06/2025,Second Class,CU-0497,Maya Khan,Consumer,United States,New York,East,Technology,Copiers,826.7,1,0.0,351.3
1199,US-2025-00497,11/03/2025,11/06/2025,Second Class,CU-0497,Maya Khan,Consumer,United States,New York,East,Office Supplies,Binders,45.22,3,0.5,-1.1
1200,US-2025-00497,11/03/2025,11/07/2025,Second Class,CU-0497,Maya Khan,Consumer,United States,New York,East,Office Supplies,Paper,50.42,2,0.0,20.5
1201,US-2025-00497,11/03/2025,11/07/2025,Second Class,CU-0497,Maya Khan,Consumer,United States,New York,East,Technology,Phones,688.33,2,0.1,94.4
1202,US-2024-00498,03/01/2024,03/05/2024,Second Class,CU-0147,Aarav Lee,Home Office,United States,Michigan,Central,Technology,Phones,378.81,1,0.0,71.15
1203,US-2024-00498,03/01/2024,03/04/2024,Second Class,CU-0147,Aarav Lee,Home Office,United States,Michigan,Central,Technology,Accessories,20.74,1,0.5,-3.52
1204,US-2024-00498,03/01/2024,03/04/2024,Second Class,CU-0147,Aarav Lee,Home Office,United States,Michigan,Central,Office Supplies,Binders,139.21,7,0.1,29.11
1205,US-2024-00498,03/01/2024,03/05/2024,Second Class,CU-0147,Aarav Lee,Home Office,United States,Michigan,Central,Office Supplies,Paper,59.48,4,0.1,20.87
1206,US-2024-00499,12/02/2024,12/08/2024,Standard Class,CU-0426,Ravi Miller,Home Office,United States,Florida,South,Office Supplies,Art,41.61,5,0.4,-0.74
1207,US-2024-00499,12/02/2024,12/08/2024,Standard Class,CU-0426,Ravi Miller,Home Office,United States,Florida,South,Office Supplies,Binders,27.31,1,0.1,5.09
1208,US-2024-00499,12/02/2024,12/08/2024,Standard Class,CU-0426,Ravi Miller,Home Office,United States,Florida,South,Office Supplies,Labels,106.43,7,0.0,51.25
1209,US-2023-00500,05/25/2023,05/26/2023,Same Day,CU-0604,Zoe Brown,Corporate,United States,Pennsylvania,East,Technology,Copiers,4200.54,5,0.0,1599.8
1210,US-2024-00501,12/27/2024,01/02/2025,Standard Class,CU-0541,Sara Smith,Home Office,United States,Virginia,South,Furniture,Bookcases,239.2,1,0.2,-9.14
1211,US-2024-00501,12/27/2024,01/01/2025,Standard Class,CU-0541,Sara Smith,Home Office,United States,Virginia,South,Furniture,Chairs,943.1,3,0.0,284.15
1212,US-2022-00502,06/09/2022,06/12/2022,Second Class,CU-0322,John Clark,Corporate,United States,Texas,Central,Office Supplies,Labels,28.17,5,0.5,6.03
1213,US-2022-00502,06/09/2022,06/13/2022,Second Class,CU-0322,John Clark,Corporate,United States,Texas,Central,Technology,Copiers,6278.31,7,0.0,2617.23
1214,US-2022-00502,06/09/2022,06/13/2022,Second Class,CU-0322,John Clark,Corporate,United States,Texas,Central,Technology,Machines,515.64,1,0.1,-75.44
1215,US-2022-00502,06/09/2022,06/12/2022,Second Class,CU-0322,John Clark,Corporate,United States,Texas,Central,Furniture,Furnishings,224.52,3,0.0,27.89
1216,US-2023-00503,03/27/2023,03/29/2023,First Class,CU-0692,Liam Miller,Corporate,United States,Washington,West,Furniture,Furnishings,308.74,6,0.1,33.23
1217,US-2023-00503,03/27/2023,03/30/2023,First Class,CU-0692,Liam Miller,Corporate,United States,Washington,West,Office Supplies,Labels,13.71,1,0.1,3.69
1218,US-2023-00503,03/27/2023,03/29/2023,First Class,CU-0692,Liam Miller,Corporate,United States,Washington,West,Technology,Copiers,2926.83,5,0.4,279.83
1219,US-2022-00504,10/07/2022,10/12/2022,Standard Class,CU-0063,Maya Lee,Consumer,United States,Michigan,Central,Furniture,Chairs,514.11,3,0.4,-44.31
1220,US-2023-00505,08/08/2023,08/13/2023,Standard Class,CU-0286,Ethan Brown,Consumer,United States,Illinois,Central,Office Supplies,Art,35.19,4,0.4,0.84
1221,US-2024-00506,07/04/2024,07/10/2024,Standard Class,CU-0521,Sara Brown,Consumer,United States,California,West,Technology,Machines,2234.38,6,0.4,-301.96
1222,US-2024-00507,02/07/2024,02/12/2024,Standard Class,CU-0450,Ravi Davis,Corporate,United States,Florida,South,Office Supplies,Labels,63.38,6,0.0,23.53
1223,US-2024-00507,02/07/2024,02/13/2024,Standard Class,CU-0450,Ravi Davis,Corporate,United States,Florida,South,Office Supplies,Storage,145.37,3,0.5,-17.61
1224,US-2024-00507,02/07/2024,02/12/2024,Standard Class,CU-0450,Ravi Davis,Corporate,United States,Florida,South,Furniture,Furnishings,174.09,3,0.0,22.53
1225,US-2024-00508,03/12/2024,03/15/2024,Second Class,CU-0192,Aarav Smith,Corporate,United States,Oregon,West,Office Supplies,Storage,125.45,2,0.4,-16.06
1226,US-2024-00508,03/12/2024,03/15/2024,Second Class,CU-0192,Aarav Smith,Corporate,United States,Oregon,West,Office Supplies,Art,64.99,4,0.0,17.61
1227,US-2024-00509,05/18/2024,05/19/2024,Same Day,CU-0121,Ethan Wilson,Consumer,United States,Pennsylvania,East,Office Supplies,Storage,389.87,4,0.0,50.7
1228,US-2024-00509,05/18/2024,05/19/2024,Same Day,CU-0121,Ethan Wilson,Consumer,United States,Pennsylvania,East,Office Supplies,Storage,310.69,3,0.0,48.25
1229,US-2024-00510,03/10/2024,03/14/2024,Second Class,CU-0505,Ravi Lee,Consumer,United States,Virginia,South,Office Supplies,Storage,318.5,5,0.2,4.73
1230,US-2024-00510,03/10/2024,03/14/2024,Second Class,CU-0505,Ravi Lee,Consumer,United States,Virginia,South,Technology,Machines,2683.45,6,0.0,90.67
1231,US-2024-00510,03/10/2024,03/14/2024,Second Class,CU-0505,Ravi Lee,Consumer,United States,Virginia,South,Technology,Copiers,822.87,1,0.2,191.25
1232,US-2024-00510,03/10/2024,03/14/2024,Second Class,CU-0505,Ravi Lee,Consumer,United States,Virginia,South,Furniture,Tables,339.88,1,0.3,-101.96
1233,US-2022-00511,09/20/2022,09/25/2022,Standard Class,CU-0234,Maya Khan,Corporate,United States,California,West,Technology,Copiers,5775.06,5,0.0,2282.88
1234,US-2024-00512,02/08/2024,02/09/2024,Same Day,CU-0554,Sara Miller,Corporate,United States,Texas,Central,Office Supplies,Binders,18.28,1,0.1,3.24
1235,US-2024-00512,02/08/2024,02/08/2024,Same Day,CU-0554,Sara Miller,Corporate,United States,Texas,Central,Technology,Machines,1072.81,2,0.1,-49.69
1236,US-2024-00512,02/08/2024,02/08/2024,Same Day,CU-0554,Sara Miller,Corporate,United States,Texas,Central,Technology,Phones,496.47,2,0.3,-32.24
1237,US-2023-00513,11/13/2023,11/19/2023,Standard Class,CU-0289,Ethan Miller,Home Office,United States,Virginia,South,Office Supplies,Art,64.14,5,0.0,12.39
1238,US-2024-00514,05/16/2024,05/17/2024,Same Day,CU-0064,Sara Miller,Corporate,United States,Florida,South,Furniture,Bookcases,382.83,1,0.0,10.63
1239,US-2024-00514,05/16/2024,05/16/2024,Same Day,CU-0064,Sara Miller,Corporate,United States,Florida,South,Technology,Copiers,3174.23,4,0.3,630.79
1240,US-2024-00514,05/16/2024,05/16/2024,Same Day,CU-0064,Sara Miller,Corporate,United States,Florida,South,Technology,Phones,1577.76,5,0.0,239.47
1241,US-2024-00515,10/01/2024,10/06/2024,Standard Class,CU-0366,Aarav Wilson,Home Office,United States,Georgia,South,Technology,Machines,1219.17,3,0.0,204.43
1242,US-2024-00516,01/18/2024,01/24/2024,Standard Class,CU-0556,Liam Davis,Home Office,United States,Pennsylvania,East,Technology,Phones,212.91,1,0.2,12.81
1243,US-2024-00516,01/18/2024,01/23/2024,Standard Class,CU-0556,Liam Davis,Home Office,United States,Pennsylvania,East,Office Supplies,Art,36.57,4,0.5,0.41
1244,US-2024-00516,01/18/2024,01/24/2024,Standard Class,CU-0556,Liam Davis,Home Office,United States,Pennsylvania,East,Technology,Phones,1084.22,5,0.2,68.79
1245,US-2024-00516,01/18/2024,01/23/2024,Standard Class,CU-0556,Liam Davis,Home Office,United States,Pennsylvania,East,Furniture,Furnishings,264.61,5,0.2,12.95
1246,US-2025-00517,08/27/2025,09/01/2025,Standard Class,CU-0035,Priya Smith,Home Office,United States,Illinois,Central,Technology,Machines,2466.71,7,0.2,-271.16
1247,US-2023-00518,02/12/2023,02/14/2023,First Class,CU-0202,Maya Wilson,Corporate,United States,Illinois,Central,Office Supplies,Labels,18.13,2,0.2,5.27
1248,US-2025-00519,11/02/2025,11/04/2025,First Class,CU-0401,Ethan Garcia,Home Office,United States,New York,East,Furniture,Chairs,268.81,1,0.0,-5.84
1249,US-2025-00519,11/02/2025,11/04/2025,First Class,CU-0401,Ethan Garcia,Home Office,United States,New York,East,Office Supplies,Art,105.81,7,0.0,16.64
1250,US-2025-00519,11/02/2025,11/05/2025,First Class,CU-0401,Ethan Garcia,Home Office,United States,New York,East,Furniture,Furnishings,337.34,7,0.3,-9.05
1251,US-2024-00520,07/26/2024,07/29/2024,First Class,CU-0298,Ravi Khan,Home Office,United States,Oregon,West,Furniture,Bookcases,1647.61,6,0.0,167.45
1252,US-2022-00521,06/13/2022,06/19/2022,Standard Class,CU-0101,Liam Wilson,Consumer,United States,New York,East,Furniture,Tables,3089.01,6,0.0,-251.96
1253,US-2024-00522,12/25/2024,12/28/2024,Second Class,CU-0635,Ravi Brown,Consumer,United States,Michigan,Central,Office Supplies,Art,20.25,2,0.4,-0.84
1254,US-2024-00522,12/25/2024,12/29/2024,Second Class,CU-0635,Ravi Brown,Consumer,United States,Michigan,Central,Technology,Machines,683.3,2,0.4,-155.7
1255,US-2024-00522,12/25/2024,12/28/2024,Second Class,CU-0635,Ravi Brown,Consumer,United States,Michigan,Central,Technology,Machines,1904.71,4,0.0,228.39
1256,US-2022-00523,12/27/2022,12/30/2022,First Class,CU-0387,Liam Lee,Corporate,United States,Pennsylvania,East,Technology,Accessories,68.83,2,0.4,2.02
1257,US-2022-00523,12/27/2022,12/30/2022,First Class,CU-0387,Liam Lee,Corporate,United States,Pennsylvania,East,Technology,Machines,2700.28,6,0.1,-6.52
1258,US-2024-00524,09/19/2024,09/23/2024,Second Class,CU-0016,Zoe Garcia,Home Office,United States,Texas,Central,Furniture,Tables,1961.6,5,0.0,-154.21
1259,US-2024-00525,02/13/2024,02/19/2024,Standard Class,CU-0594,Ravi Smith,Corporate,United States,Illinois,Central,Office Supplies,Storage,402.73,4,0.0,43.99
1260,US-2023-00526,07/17/2023,07/22/2023,Standard Class,CU-0611,Liam Clark,Corporate,United States,Pennsylvania,East,Technology,Machines,1968.26,5,0.3,-218.13
1261,US-2023-00526,07/17/2023,07/22/2023,Standard Class,CU-0611,Liam Clark,Corporate,United States,Pennsylvania,East,Technology,Copiers,1485.53,2,0.0,434.98
1262,US-2024-00527,08/24/2024,08/28/2024,Second Class,CU-0452,Ethan Brown,Corporate,United States,Ohio,East,Office Supplies,Paper,35.25,2,0.0,15.41
1263,US-2024-00528,07/27/2024,07/30/2024,Second Class,CU-0603,Aarav Garcia,Consumer,United States,Washington,West,Technology,Copiers,6172.2,6,0.0,1877.95
1264,US-2025-00529,09/28/2025,10/01/2025,Second Class,CU-0127,Liam Brown,Consumer,United States,Texas,Central,Technology,Accessories,247.39,6,0.0,57.22
1265,US-2023-00530,08/24/2023,08/30/2023,Standard Class,CU-0580,Maya Smith,Consumer,United States,Florida,South,Office Supplies,Binders,111.86,4,0.0,31.33
1266,US-2023-00530,08/24/2023,08/29/2023,Standard Class,CU-0580,Maya Smith,Consumer,United States,Florida,South,Furniture,Bookcases,961.68,3,0.0,34.11
1267,US-2023-00530,08/24/2023,08/30/2023,Standard Class,CU-0580,Maya Smith,Consumer,United States,Florida,South,Office Supplies,Labels,19.89,2,0.0,8.93
1268,US-2023-00531,07/08/2023,07/13/2023,Standard Class,CU-0445,Emma Wilson,Corporate,United States,Texas,Central,Furniture,Bookcases,720.87,5,0.5,-133.51
1269,US-2022-00532,06/24/2022,06/29/2022,Standard Class,CU-0152,Aarav Khan,Corporate,United States,New York,East,Office Supplies,Storage,525.81,6,0.1,16.35
1270,US-2023-00533,02/11/2023,02/16/2023,Standard Class,CU-0647,Zoe Brown,Consumer,United States,Georgia,South,Office Supplies,Art,43.19,4,0.3,0.77
1271,US-2023-00533,02/11/2023,02/17/2023,Standard Class,CU-0647,Zoe Brown,Consumer,United States,Georgia,South,Technology,Phones,233.95,1,0.2,-4.31
1272,US-2023-00533,02/11/2023,02/17/2023,Standard Class,CU-0647,Zoe Brown,Consumer,United States,Georgia,South,Office Supplies,Binders,17.47,1,0.4,-0.45
1273,US-2023-00533,02/11/2023,02/17/2023,Standard Class,CU-0647,Zoe Brown,Consumer,United States,Georgia,South,Technology,Copiers,3514.94,5,0.1,1072.62
1274,US-2023-00534,03/27/2023,04/02/2023,Standard Class,CU-0606,Maya Brown,Consumer,United States,New York,East,Technology,Machines,815.96,2,0.0,27.94
1275,US-2023-00534,03/27/2023,04/02/2023,Standard Class,CU-0606,Maya Brown,Consumer,United States,New York,East,Office Supplies,Paper,80.57,5,0.0,29.53
1276,US-2023-00535,12/16/2023,12/22/2023,Standard Class,CU-0153,Maya Miller,Home Office,United States,Washington,West,Furniture,Chairs,375.26,2,0.2,14.72
1277,US-2023-00535,12/16/2023,12/21/2023,Standard Class,CU-0153,Maya Miller,Home Office,United States,Washington,West,Office Supplies,Paper,64.64,4,0.2,19.42
1278,US-2024-00536,05/31/2024,06/03/2024,Second Class,CU-0025,Emma Patel,Home Office,United States,Washington,West,Furniture,Tables,2500.93,6,0.1,-377.44
1279,US-2024-00536,05/31/2024,06/03/2024,Second Class,CU-0025,Emma Patel,Home Office,United States,Washington,West,Office Supplies,Binders,16.56,1,0.2,1.31
1280,US-2025-00537,03/17/2025,03/20/2025,Second Class,CU-0204,Ethan Wilson,Corporate,United States,Ohio,East,Technology,Copiers,3977.45,7,0.5,115.76
1281,US-2025-00537,03/17/2025,03/21/2025,Second Class,CU-0204,Ethan Wilson,Corporate,United States,Ohio,East,Furniture,Furnishings,164.1,3,0.0,24.18
1282,US-2025-00537,03/17/2025,03/21/2025,Second Class,CU-0204,Ethan Wilson,Corporate,United States,Ohio,East,Technology,Accessories,59.08,1,0.0,16.68
1283,US-2023-00538,05/05/2023,05/11/2023,Standard Class,CU-0027,Noah Miller,Home Office,United States,Virginia,South,Technology,Copiers,3345.61,6,0.3,821.46
1284,US-2023-00538,05/05/2023,05/11/2023,Standard Class,CU-0027,Noah Miller,Home Office,United States,Virginia,South,Office Supplies,Art,92.12,5,0.0,27.4
1285,US-2023-00538,05/05/2023,05/10/2023,Standard Class,CU-0027,Noah Miller,Home Office,United States,Virginia,South,Office Supplies,Art,54.38,6,0.4,7.56
1286,US-2022-00539,07/20/2022,07/26/2022,Standard Class,CU-0615,Priya Wilson,Home Office,United States,California,West,Furniture,Tables,2008.2,7,0.2,-485.48
1287,US-2022-00539,07/20/2022,07/25/2022,Standard Class,CU-0615,Priya Wilson,Home Office,United States,California,West,Furniture,Chairs,874.36,5,0.3,-12.7
1288,US-2025-00540,09/03/2025,09/09/2025,Standard Class,CU-0690,Ethan Lee,Corporate,United States,Washington,West,Furniture,Tables,2871.84,7,0.1,-526.53
1289,US-2025-00540,09/03/2025,09/08/2025,Standard Class,CU-0690,Ethan Lee,Corporate,United States,Washington,West,Furniture,Chairs,307.25,2,0.4,-67.1
1290,US-2025-00540,09/03/2025,09/09/2025,Standard Class,CU-0690,Ethan Lee,Corporate,United States,Washington,West,Furniture,Tables,1405.68,5,0.2,-264.85
1291,US-2025-00540,09/03/2025,09/08/2025,Standard Class,CU-0690,Ethan Lee,Corporate,United States,Washington,West,Office Supplies,Art,21.97,2,0.2,3.4
1292,US-2023-00541,04/25/2023,04/27/2023,First Class,CU-0604,Zoe Brown,Corporate,United States,Virginia,South,Furniture,Tables,1875.47,5,0.2,-566.74
1293,US-2023-00541,04/25/2023,04/27/2023,First Class,CU-0604,Zoe Brown,Corporate,United States,Virginia,South,Office Supplies,Storage,390.52,5,0.0,36.29
1294,US-2023-00541,04/25/2023,04/27/2023,First Class,CU-0604,Zoe Brown,Corporate,United States,Virginia,South,Technology,Accessories,302.37,7,0.0,77.85
1295,US-2023-00541,04/25/2023,04/28/2023,First Class,CU-0604,Zoe Brown,Corporate,United States,Virginia,South,Office Supplies,Art,17.91,1,0.0,4.42
1296,US-2025-00542,12/26/2025,01/01/2026,Standard Class,CU-0577,Emma Patel,Home Office,United States,Ohio,East,Technology,Copiers,4821.36,7,0.2,1035.78
1297,US-2022-00543,11/10/2022,11/16/2022,Standard Class,CU-0544,Maya Khan,Home Office,United States,Michigan,Central,Office Supplies,Art,43.83,5,0.5,-1.06
1298,US-2022-00544,03/11/2022,03/16/2022,Standard Class,CU-0505,Ravi Lee,Consumer,United States,Michigan,Central,Technology,Phones,258.67,1,0.2,-4.98
1299,US-2022-00544,03/11/2022,03/17/2022,Standard Class,CU-0505,Ravi Lee,Consumer,United States,Michigan,Central,Technology,Accessories,117.71,4,0.3,18.81
1300,US-2022-00544,03/11/2022,03/16/2022,Standard Class,CU-0505,Ravi Lee,Consumer,United States,Michigan,Central,Furniture,Bookcases,1200.86,5,0.1,-29.02
1301,US-2025-00545,08/02/2025,08/08/2025,Standard Class,CU-0420,Noah Khan,Home Office,United States,Ohio,East,Technology,Phones,1797.99,5,0.0,314.59
1302,US-2025-00545,08/02/2025,08/08/2025,Standard Class,CU-0420,Noah Khan,Home Office,United States,Ohio,East,Furniture,Chairs,1041.24,6,0.2,-34.17
1303,US-2025-00545,08/02/2025,08/07/2025,Standard Class,CU-0420,Noah Khan,Home Office,United States,Ohio,East,Furniture,Tables,1789.72,7,0.5,-745.93
1304,US-2024-00546,03/29/2024,03/31/2024,First Class,CU-0150,Zoe Khan,Consumer,United States,Georgia,South,Office Supplies,Binders,23.32,1,0.1,4.19
1305,US-2024-00546,03/29/2024,03/31/2024,First Class,CU-0150,Zoe Khan,Consumer,United States,Georgia,South,Office Supplies,Storage,485.64,6,0.2,-68.13
1306,US-2025-00547,02/04/2025,02/06/2025,First Class,CU-0271,Aarav Wilson,Home Office,United States,Oregon,West,Furniture,Bookcases,717.66,3,0.1,28.99
1307,US-2025-00547,02/04/2025,02/06/2025,First Class,CU-0271,Aarav Wilson,Home Office,United States,Oregon,West,Technology,Machines,2030.84,5,0.0,126.66
1308,US-2024-00548,10/29/2024,11/02/2024,Second Class,CU-0034,Maya Wilson,Consumer,United States,Pennsylvania,East,Furniture,Tables,1937.37,6,0.3,-253.76
1309,US-2024-00548,10/29/2024,11/02/2024,Second Class,CU-0034,Maya Wilson,Consumer,United States,Pennsylvania,East,Furniture,Tables,1375.8,4,0.0,-135.71
1310,US-2024-00548,10/29/2024,11/02/2024,Second Class,CU-0034,Maya Wilson,Consumer,United States,Pennsylvania,East,Furniture,Furnishings,96.59,2,0.1,7.01
1311,US-2024-00549,10/14/2024,10/19/2024,Standard Class,CU-0242,Maya Davis,Consumer,United States,Ohio,East,Office Supplies,Binders,107.25,6,0.3,-0.61
1312,US-2024-00549,10/14/2024,10/20/2024,Standard Class,CU-0242,Maya Davis,Consumer,United States,Ohio,East,Furniture,Bookcases,1798.72,6,0.1,-105.83
1313,US-2024-00549,10/14/2024,10/20/2024,Standard Class,CU-0242,Maya Davis,Consumer,United States,Ohio,East,Furniture,Bookcases,1091.67,4,0.0,-51.6
1314,US-2024-00549,10/14/2024,10/20/2024,Standard Class,CU-0242,Maya Davis,Consumer,United States,Ohio,East,Office Supplies,Storage,211.25,2,0.0,13.31
1315,US-2023-00550,10/05/2023,10/05/2023,Same Day,CU-0433,Sara Miller,Corporate,United States,New York,East,Technology,Accessories,273.08,7,0.2,43.52
1316,US-2023-00550,10/05/2023,10/06/2023,Same Day,CU-0433,Sara Miller,Corporate,United States,New York,East,Furniture,Bookcases,2277.01,7,0.1,-155.1
1317,US-2023-00550,10/05/2023,10/05/2023,Same Day,CU-0433,Sara Miller,Corporate,United States,New York,East,Technology,Phones,458.38,3,0.5,-57.82
1318,US-2022-00551,04/11/2022,04/14/2022,Second Class,CU-0185,Priya Lee,Home Office,United States,Virginia,South,Technology,Phones,940.93,3,0.1,115.43
1319,US-2022-00551,04/11/2022,04/15/2022,Second Class,CU-0185,Priya Lee,Home Office,United States,Virginia,South,Furniture,Chairs,964.83,4,0.0,58.81
1320,US-2022-00551,04/11/2022,04/15/2022,Second Class,CU-0185,Priya Lee,Home Office,United States,Virginia,South,Technology,Accessories,238.68,6,0.3,19.93
1321,US-2022-00551,04/11/2022,04/15/2022,Second Class,CU-0185,Priya Lee,Home Office,United States,Virginia,South,Office Supplies,Storage,177.77,2,0.0,11.57
1322,US-2024-00552,08/04/2024,08/10/2024,Standard Class,CU-0259,Ethan Clark,Corporate,United States,California,West,Furniture,Bookcases,2016.96,7,0.1,-66.0
1323,US-2024-00552,08/04/2024,08/09/2024,Standard Class,CU-0259,Ethan Clark,Corporate,United States,California,West,Technology,Machines,414.13,1,0.0,18.09
1324,US-2022-00553,02/16/2022,02/19/2022,Second Class,CU-0135,Sara Clark,Corporate,United States,Virginia,South,Technology,Copiers,2050.23,3,0.3,225.88
1325,US-2022-00553,02/16/2022,02/20/2022,Second Class,CU-0135,Sara Clark,Corporate,United States,Virginia,South,Office Supplies,Labels,33.86,6,0.5,4.74
1326,US-2022-00553,02/16/2022,02/20/2022,Second Class,CU-0135,Sara Clark,Corporate,United States,Virginia,South,Furniture,Tables,3474.87,7,0.0,-250.49
1327,US-2023-00554,06/18/2023,06/20/2023,First Class,CU-0029,Olivia Davis,Consumer,United States,Ohio,East,Furniture,Tables,2161.3,6,0.3,-698.76
1328,US-2023-00554,06/18/2023,06/20/2023,First Class,CU-0029,Olivia Davis,Consumer,United States,Ohio,East,Furniture,Chairs,570.4,4,0.3,2.3
1329,US-2023-00554,06/18/2023,06/21/2023,First Class,CU-0029,Olivia Davis,Consumer,United States,Ohio,East,Technology,Phones,1578.64,7,0.3,-51.24
1330,US-2023-00554,06/18/2023,06/20/2023,First Class,CU-0029,Olivia Davis,Consumer,United States,Ohio,East,Office Supplies,Labels,74.69,5,0.0,34.11
1331,US-2022-00555,08/12/2022,08/18/2022,Standard Class,CU-0592,Liam Davis,Consumer,United States,Washington,West,Technology,Machines,2854.95,6,0.0,145.9
1332,US-2022-00555,08/12/2022,08/17/2022,Standard Class,CU-0592,Liam Davis,Consumer,United States,Washington,West,Office Supplies,Storage,167.24,2,0.2,-2.41
1333,US-2022-00555,08/12/2022,08/17/2022,Standard Class,CU-0592,Liam Davis,Consumer,United States,Washington,West,Technology,Machines,419.78,1,0.0,21.41
1334,US-2023-00556,11/05/2023,11/10/2023,Standard Class,CU-0279,Ethan Davis,Home Office,United States,Oregon,West,Furniture,Bookcases,1134.35,7,0.5,-250.41
1335,US-2025-00557,08/18/2025,08/23/2025,Standard Class,CU-0078,Ethan Smith,Home Office,United States,California,West,Office Supplies,Binders,56.21,3,0.1,8.11
1336,US-2025-00557,08/18/2025,08/23/2025,Standard Class,CU-0078,Ethan Smith,Home Office,United States,California,West,Office Supplies,Labels,47.83,4,0.0,16.65
1337,US-2025-00557,08/18/2025,08/24/2025,Standard Class,CU-0078,Ethan Smith,Home Office,United States,California,West,Technology,Copiers,6577.79,6,0.0,2251.82
1338,US-2022-00558,10/25/2022,10/28/2022,First Class,CU-0697,Sara Smith,Home Office,United States,California,West,Technology,Copiers,6546.23,7,0.0,2924.14
1339,US-2022-00558,10/25/2022,10/27/2022,First Class,CU-0697,Sara Smith,Home Office,United States,California,West,Office Supplies,Art,35.26,3,0.2,4.18
1340,US-2022-00558,10/25/2022,10/28/2022,First Class,CU-0697,Sara Smith,Home Office,United States,California,West,Office Supplies,Art,20.18,2,0.3,0.56
1341,US-2022-00558,10/25/2022,10/28/2022,First Class,CU-0697,Sara Smith,Home Office,United States,California,West,Furniture,Bookcases,466.16,3,0.4,-72.4
1342,US-2022-00559,02/14/2022,02/20/2022,Standard Class,CU-0653,Noah Khan,Corporate,United States,Ohio,East,Technology,Phones,1897.71,7,0.0,186.61
1343,US-2022-00559,02/14/2022,02/19/2022,Standard Class,CU-0653,Noah Khan,Corporate,United States,Ohio,East,Furniture,Bookcases,1339.78,6,0.3,-227.75
1344,US-2022-00560,02/20/2022,02/25/2022,Standard Class,CU-0380,Liam Davis,Corporate,United States,New York,East,Furniture,Furnishings,309.24,5,0.0,37.9
1345,US-2023-00561,01/29/2023,02/04/2023,Standard Class,CU-0680,Aarav Clark,Corporate,United States,New York,East,Office Supplies,Paper,69.91,6,0.5,13.18
1346,US-2024-00562,02/12/2024,02/17/2024,Standard Class,CU-0315,Ethan Garcia,Consumer,United States,Ohio,East,Technology,Phones,566.37,3,0.4,-23.64
1347,US-2024-00562,02/12/2024,02/18/2024,Standard Class,CU-0315,Ethan Garcia,Consumer,United States,Ohio,East,Office Supplies,Labels,8.43,1,0.2,1.6
1348,US-2024-00562,02/12/2024,02/18/2024,Standard Class,CU-0315,Ethan Garcia,Consumer,United States,Ohio,East,Technology,Copiers,3456.03,5,0.4,228.47
1349,US-2022-00563,07/29/2022,08/03/2022,Standard Class,CU-0602,Sara Patel,Consumer,United States,Ohio,East,Office Supplies,Paper,44.99,2,0.0,19.27
1350,US-2022-00563,07/29/2022,08/03/2022,Standard Class,CU-0602,Sara Patel,Consumer,United States,Ohio,East,Furniture,Tables,437.46,1,0.0,-60.56
1351,US-2023-00564,12/26/2023,01/01/2024,Standard Class,CU-0568,John Miller,Consumer,United States,Michigan,Central,Office Supplies,Storage,572.4,5,0.0,28.81
1352,US-2023-00564,12/26/2023,12/31/2023,Standard Class,CU-0568,John Miller,Consumer,United States,Michigan,Central,Furniture,Furnishings,330.92,6,0.0,72.0
1353,US-2022-00565,11/14/2022,11/20/2022,Standard Class,CU-0079,Emma Davis,Corporate,United States,Washington,West,Office Supplies,Binders,181.13,7,0.0,55.72
1354,US-2022-00565,11/14/2022,11/20/2022,Standard Class,CU-0079,Emma Davis,Corporate,United States,Washington,West,Furniture,Chairs,411.78,2,0.1,42.26
1355,US-2022-00565,11/14/2022,11/19/2022,Standard Class,CU-0079,Emma Davis,Corporate,United States,Washington,West,Technology,Phones,1470.36,5,0.1,177.11
1356,US-2025-00566,09/29/2025,10/04/2025,Standard Class,CU-0429,Liam Smith,Home Office,United States,New York,East,Furniture,Tables,819.76,2,0.1,-95.75
1357,US-2025-00566,09/29/2025,10/05/2025,Standard Class,CU-0429,Liam Smith,Home Office,United States,New York,East,Office Supplies,Labels,14.03,1,0.1,5.54
1358,US-2025-00566,09/29/2025,10/04/2025,Standard Class,CU-0429,Liam Smith,Home Office,United States,New York,East,Technology,Accessories,40.54,1,0.2,6.33
1359,US-2024-00567,12/14/2024,12/15/2024,Same Day,CU-0689,Olivia Khan,Home Office,United States,Oregon,West,Technology,Machines,2648.5,5,0.1,-332.57
1360,US-2024-00567,12/14/2024,12/14/2024,Same Day,CU-0689,Olivia Khan,Home Office,United States,Oregon,West,Furniture,Tables,2120.18,5,0.0,-397.96
1361,US-2022-00568,08/02/2022,08/07/2022,Standard Class,CU-0277,Ethan Smith,Consumer,United States,Texas,Central,Technology,Accessories,88.13,4,0.5,1.04
1362,US-2023-00569,05/30/2023,06/03/2023,Second Class,CU-0019,Emma Smith,Corporate,United States,Oregon,West,Technology,Accessories,64.59,2,0.3,10.13
1363,US-2023-00569,05/30/2023,06/02/2023,Second Class,CU-0019,Emma Smith,Corporate,United States,Oregon,West,Office Supplies,Art,12.82,1,0.0,2.47
1364,US-2023-00569,05/30/2023,06/02/2023,Second Class,CU-0019,Emma Smith,Corporate,United States,Oregon,West,Technology,Machines,388.92,1,0.4,-86.24
1365,US-2023-00569,05/30/2023,06/03/2023,Second Class,CU-0019,Emma Smith,Corporate,United States,Oregon,West,Technology,Machines,1450.21,3,0.0,16.62
1366,US-2025-00570,12/01/2025,12/05/2025,Second Class,CU-0579,Ethan Davis,Corporate,United States,Virginia,South,Technology,Accessories,87.46,3,0.3,9.24
1367,US-2025-00570,12/01/2025,12/04/2025,Second Class,CU-0579,Ethan Davis,Corporate,United States,Virginia,South,Technology,Machines,857.98,2,0.0,75.12
1368,US-2025-00570,12/01/2025,12/04/2025,Second Class,CU-0579,Ethan Davis,Corporate,United States,Virginia,South,Technology,Phones,2304.92,6,0.0,425.09
1369,US-2025-00570,12/01/2025,12/04/2025,Second Class,CU-0579,Ethan Davis,Corporate,United States,Virginia,South,Office Supplies,Binders,162.14,7,0.0,47.25
1370,US-2023-00571,11/19/2023,11/21/2023,First Class,CU-0665,Sara Miller,Home Office,United States,Pennsylvania,East,Furniture,Chairs,850.01,5,0.3,-31.39
1371,US-2023-00571,11/19/2023,11/22/2023,First Class,CU-0665,Sara Miller,Home Office,United States,Pennsylvania,East,Technology,Phones,641.78,2,0.0,90.29
1372,US-2023-00571,11/19/2023,11/21/2023,First Class,CU-0665,Sara Miller,Home Office,United States,Pennsylvania,East,Office Supplies,Storage,465.27,4,0.0,29.42
1373,US-2025-00572,05/26/2025,06/01/2025,Standard Class,CU-0275,Maya Miller,Corporate,United States,California,West,Technology,Machines,1128.35,3,0.4,-255.88
1374,US-2025-00572,05/26/2025,06/01/2025,Standard Class,CU-0275,Maya Miller,Corporate,United States,California,West,Technology,Machines,2721.15,7,0.3,-309.06
1375,US-2025-00572,05/26/2025,06/01/2025,Standard Class,CU-0275,Maya Miller,Corporate,United States,California,West,Technology,Machines,1234.8,3,0.0,92.9
1376,US-2025-00573,10/18/2025,10/24/2025,Standard Class,CU-0161,Sara Wilson,Consumer,United States,Georgia,South,Furniture,Tables,1021.39,5,0.4,-335.85
1377,US-2025-00573,10/18/2025,10/24/2025,Standard Class,CU-0161,Sara Wilson,Consumer,United States,Georgia,South,Office Supplies,Binders,25.07,1,0.0,4.66
1378,US-2022-00574,05/04/2022,05/09/2022,Standard Class,CU-0058,Maya Davis,Home Office,United States,California,West,Furniture,Bookcases,1891.93,7,0.2,-226.05
1379,US-2022-00574,05/04/2022,05/10/2022,Standard Class,CU-0058,Maya Davis,Home Office,United States,California,West,Technology,Accessories,221.38,6,0.2,33.03
1380,US-2022-00574,05/04/2022,05/09/2022,Standard Class,CU-0058,Maya Davis,Home Office,United States,California,West,Office Supplies,Storage,546.06,6,0.2,-12.68
1381,US-2022-00574,05/04/2022,05/10/2022,Standard Class,CU-0058,Maya Davis,Home Office,United States,California,West,Technology,Phones,324.03,1,0.0,72.18
1382,US-2022-00575,09/08/2022,09/13/2022,Standard Class,CU-0153,Maya Miller,Home Office,United States,Georgia,South,Technology,Machines,296.71,1,0.3,-37.46
1383,US-2022-00575,09/08/2022,09/14/2022,Standard Class,CU-0153,Maya Miller,Home Office,United States,Georgia,South,Furniture,Tables,1448.86,5,0.3,-376.93
1384,US-2022-00575,09/08/2022,09/14/2022,Standard Class,CU-0153,Maya Miller,Home Office,United States,Georgia,South,Technology,Phones,1387.16,7,0.2,-166.13
1385,US-2022-00575,09/08/2022,09/14/2022,Standard Class,CU-0153,Maya Miller,Home Office,United States,Georgia,South,Office Supplies,Binders,141.04,5,0.0,26.46
1386,US-2025-00576,03/19/2025,03/24/2025,Standard Class,CU-0384,Ethan Lee,Corporate,United States,Washington,West,Furniture,Furnishings,73.08,1,0.0,11.3
1387,US-2022-00577,01/22/2022,01/25/2022,First Class,CU-0404,Zoe Miller,Home Office,United States,Washington,West,Technology,Copiers,962.56,1,0.1,235.38
1388,US-2022-00577,01/22/2022,01/24/2022,First Class,CU-0404,Zoe Miller,Home Office,United States,Washington,West,Technology,Copiers,2057.46,2,0.0,535.74
1389,US-2022-00577,01/22/2022,01/24/2022,First Class,CU-0404,Zoe Miller,Home Office,United States,Washington,West,Office Supplies,Storage,263.01,5,0.3,-29.5
1390,US-2022-00577,01/22/2022,01/24/2022,First Class,CU-0404,Zoe Miller,Home Office,United States,Washington,West,Furniture,Bookcases,190.15,1,0.4,-39.74
1391,US-2024-00578,10/22/2024,10/26/2024,Second Class,CU-0286,Ethan Brown,Consumer,United States,Virginia,South,Furniture,Furnishings,35.37,1,0.3,1.74
1392,US-2024-00578,10/22/2024,10/25/2024,Second Class,CU-0286,Ethan Brown,Consumer,United States,Virginia,South,Office Supplies,Labels,31.19,2,0.0,15.07
1393,US-2024-00578,10/22/2024,10/25/2024,Second Class,CU-0286,Ethan Brown,Consumer,United States,Virginia,South,Furniture,Chairs,696.77,3,0.1,70.82
1394,US-2024-00578,10/22/2024,10/26/2024,Second Class,CU-0286,Ethan Brown,Consumer,United States,Virginia,South,Technology,Phones,761.27,4,0.4,-72.61
1395,US-2022-00579,12/23/2022,12/27/2022,Second Class,CU-0168,Olivia Clark,Home Office,United States,Florida,South,Technology,Accessories,181.12,4,0.0,41.17
1396,US-2022-00579,12/23/2022,12/26/2022,Second Class,CU-0168,Olivia Clark,Home Office,United States,Florida,South,Office Supplies,Storage,66.51,1,0.4,-10.94
1397,US-2024-00580,08/28/2024,09/02/2024,Standard Class,CU-0446,Zoe Miller,Consumer,United States,Illinois,Central,Technology,Copiers,5371.5,6,0.1,1587.27
1398,US-2024-00580,08/28/2024,09/02/2024,Standard Class,CU-0446,Zoe Miller,Consumer,United States,Illinois,Central,Technology,Machines,1699.47,5,0.3,-45.45
1399,US-2024-00580,08/28/2024,09/02/2024,Standard Class,CU-0446,Zoe Miller,Consumer,United States,Illinois,Central,Office Supplies,Labels,70.85,6,0.2,21.46
1400,US-2024-00581,12/11/2024,12/17/2024,Standard Class,CU-0448,Maya Patel,Corporate,United States,Illinois,Central,Office Supplies,Binders,81.32,3,0.0,4.62
1401,US-2024-00581,12/11/2024,12/17/2024,Standard Class,CU-0448,Maya Patel,Corporate,United States,Illinois,Central,Technology,Copiers,918.27,1,0.0,376.58
1402,US-2024-00581,12/11/2024,12/17/2024,Standard Class,CU-0448,Maya Patel,Corporate,United States,Illinois,Central,Furniture,Tables,1733.91,6,0.2,-217.72
1403,US-2024-00581,12/11/2024,12/17/2024,Standard Class,CU-0448,Maya Patel,Corporate,United States,Illinois,Central,Technology,Phones,902.12,4,0.2,45.49
1404,US-2024-00582,03/18/2024,03/20/2024,First Class,CU-0125,Liam Lee,Home Office,United States,Washington,West,Technology,Accessories,155.98,3,0.1,33.79
1405,US-2024-00582,03/18/2024,03/20/2024,First Class,CU-0125,Liam Lee,Home Office,United States,Washington,West,Technology,Copiers,2493.98,3,0.0,931.42
1406,US-2024-00582,03/18/2024,03/21/2024,First Class,CU-0125,Liam Lee,Home Office,United States,Washington,West,Furniture,Bookcases,2040.63,6,0.0,58.43
1407,US-2024-00583,05/14/2024,05/19/2024,Standard Class,CU-0144,Ravi Smith,Home Office,United States,California,West,Technology,Accessories,284.42,7,0.0,68.84
1408,US-2024-00583,05/14/2024,05/20/2024,Standard Class,CU-0144,Ravi Smith,Home Office,United States,California,West,Office Supplies,Labels,77.1,7,0.0,28.66
1409,US-2024-00584,03/23/2024,03/29/2024,Standard Class,CU-0416,Zoe Wilson,Corporate,United States,Washington,West,Furniture,Chairs,1472.11,7,0.0,94.15
1410,US-2024-00584,03/23/2024,03/29/2024,Standard Class,CU-0416,Zoe Wilson,Corporate,United States,Washington,West,Office Supplies,Labels,34.59,6,0.5,8.39
1411,US-2024-00584,03/23/2024,03/29/2024,Standard Class,CU-0416,Zoe Wilson,Corporate,United States,Washington,West,Office Supplies,Paper,18.19,1,0.3,3.24
1412,US-2023-00585,01/04/2023,01/04/2023,Same Day,CU-0684,Olivia Patel,Consumer,United States,Texas,Central,Technology,Machines,748.75,3,0.5,-190.2
1413,US-2023-00585,01/04/2023,01/04/2023,Same Day,CU-0684,Olivia Patel,Consumer,United States,Texas,Central,Office Supplies,Art,7.92,1,0.4,-0.3
1414,US-2023-00585,01/04/2023,01/05/2023,Same Day,CU-0684,Olivia Patel,Consumer,United States,Texas,Central,Technology,Machines,1268.52,4,0.3,-161.12
1415,US-2024-00586,07/10/2024,07/13/2024,Second Class,CU-0153,Maya Miller,Home Office,United States,Oregon,West,Office Supplies,Storage,225.06,4,0.3,-33.03
1416,US-2024-00586,07/10/2024,07/14/2024,Second Class,CU-0153,Maya Miller,Home Office,United States,Oregon,West,Office Supplies,Paper,74.01,4,0.0,26.2
1417,US-2024-00586,07/10/2024,07/14/2024,Second Class,CU-0153,Maya Miller,Home Office,United States,Oregon,West,Office Supplies,Labels,44.72,3,0.0,18.75
1418,US-2022-00587,07/20/2022,07/25/2022,Standard Class,CU-0597,Emma Davis,Corporate,United States,Virginia,South,Technology,Copiers,4248.21,7,0.2,1035.45
1419,US-2022-00587,07/20/2022,07/26/2022,Standard Class,CU-0597,Emma Davis,Corporate,United States,Virginia,South,Furniture,Bookcases,1508.48,6,0.1,-38.8
1420,US-2022-00587,07/20/2022,07/25/2022,Standard Class,CU-0597,Emma Davis,Corporate,United States,Virginia,South,Office Supplies,Labels,6.28,1,0.5,0.03
1421,US-2025-00588,06/05/2025,06/10/2025,Standard Class,CU-0207,Aarav Patel,Corporate,United States,California,West,Furniture,Furnishings,137.91,2,0.1,15.56
1422,US-2025-00588,06/05/2025,06/11/2025,Standard Class,CU-0207,Aarav Patel,Corporate,United States,California,West,Office Supplies,Binders,28.43,2,0.5,-1.34
1423,US-2025-00588,06/05/2025,06/10/2025,Standard Class,CU-0207,Aarav Patel,Corporate,United States,California,West,Office Supplies,Binders,62.98,2,0.0,14.09
1424,US-2022-00589,05/31/2022,06/05/2022,Standard Class,CU-0454,Liam Smith,Consumer,United States,California,West,Furniture,Bookcases,891.05,4,0.3,-150.17
1425,US-2022-00590,07/24/2022,07/27/2022,Second Class,CU-0374,Emma Smith,Consumer,United States,Washington,West,Technology,Copiers,2491.78,5,0.4,276.25
1426,US-2022-00590,07/24/2022,07/27/2022,Second Class,CU-0374,Emma Smith,Consumer,United States,Washington,West,Office Supplies,Art,15.22,1,0.1,2.02
1427,US-2022-00590,07/24/2022,07/27/2022,Second Class,CU-0374,Emma Smith,Consumer,United States,Washington,West,Technology,Phones,1616.31,5,0.0,196.49
1428,US-2022-00591,06/25/2022,06/30/2022,Standard Class,CU-0427,Aarav Wilson,Home Office,United States,California,West,Technology,Phones,1527.58,7,0.4,-9.25
1429,US-2022-00591,06/25/2022,06/30/2022,Standard Class,CU-0427,Aarav Wilson,Home Office,United States,California,West,Furniture,Chairs,593.34,4,0.5,-77.8
1430,US-2022-00591,06/25/2022,06/30/2022,Standard Class,CU-0427,Aarav Wilson,Home Office,United States,California,West,Office Supplies,Binders,65.97,3,0.3,10.16
1431,US-2023-00592,12/09/2023,12/13/2023,Second Class,CU-0161,Sara Wilson,Consumer,United States,Oregon,West,Office Supplies,Storage,574.91,6,0.0,78.15
1432,US-2023-00592,12/09/2023,12/13/2023,Second Class,CU-0161,Sara Wilson,Consumer,United States,Oregon,West,Office Supplies,Labels,27.47,2,0.1,9.05
1433,US-2024-00593,05/05/2024,05/07/2024,First Class,CU-0687,Liam Garcia,Home Office,United States,Washington,West,Technology,Machines,2293.02,5,0.0,-14.2
1434,US-2022-00594,07/25/2022,07/31/2022,Standard Class,CU-0008,Liam Patel,Home Office,United States,Texas,Central,Technology,Phones,629.78,2,0.1,2.93
1435,US-2022-00594,07/25/2022,07/30/2022,Standard Class,CU-0008,Liam Patel,Home Office,United States,Texas,Central,Technology,Machines,4026.25,7,0.0,-187.18
1436,US-2022-00594,07/25/2022,07/31/2022,Standard Class,CU-0008,Liam Patel,Home Office,United States,Texas,Central,Technology,Accessories,209.04,5,0.3,39.09
1437,US-2022-00594,07/25/2022,07/31/2022,Standard Class,CU-0008,Liam Patel,Home Office,United States,Texas,Central,Technology,Accessories,168.36,3,0.0,48.07
1438,US-2023-00595,03/08/2023,03/10/2023,First Class,CU-0580,Maya Smith,Consumer,United States,Texas,Central,Technology,Phones,1995.43,6,0.1,113.82
1439,US-2024-00596,01/01/2024,01/03/2024,First Class,CU-0167,Zoe Garcia,Consumer,United States,California,West,Technology,Machines,1234.13,4,0.3,-239.44
1440,US-2024-00596,01/01/2024,01/04/2024,First Class,CU-0167,Zoe Garcia,Consumer,United States,California,West,Technology,Phones,519.15,3,0.3,-17.99
1441,US-2024-00597,07/17/2024,07/23/2024,Standard Class,CU-0253,Ravi Lee,Consumer,United States,Ohio,East,Technology,Copiers,1053.32,1,0.0,396.6
1442,US-2024-00597,07/17/2024,07/23/2024,Standard Class,CU-0253,Ravi Lee,Consumer,United States,Ohio,East,Technology,Machines,469.72,2,0.5,-135.89
1443,US-2024-00598,02/20/2024,02/25/2024,Standard Class,CU-0052,Sara Garcia,Corporate,United States,Pennsylvania,East,Furniture,Bookcases,270.54,1,0.1,-1.38
1444,US-2022-00599,02/10/2022,02/15/2022,Standard Class,CU-0655,Maya Wilson,Home Office,United States,Virginia,South,Technology,Phones,1326.72,6,0.4,29.07
1445,US-2022-00599,02/10/2022,02/16/2022,Standard Class,CU-0655,Maya Wilson,Home Office,United States,Virginia,South,Furniture,Chairs,803.57,4,0.1,62.42
1446,US-2025-00600,08/11/2025,08/16/2025,Standard Class,CU-0385,Emma Clark,Consumer,United States,Pennsylvania,East,Office Supplies,Binders,45.51,2,0.0,15.87
1447,US-2022-00601,11/13/2022,11/19/2022,Standard Class,CU-0685,Liam Clark,Home Office,United States,California,West,Furniture,Tables,2120.28,6,0.3,-620.55
1448,US-2022-00601,11/13/2022,11/19/2022,Standard Class,CU-0685,Liam Clark,Home Office,United States,California,West,Office Supplies,Labels,7.22,1,0.4,1.56
1449,US-2022-00602,01/03/2022,01/08/2022,Standard Class,CU-0456,Aarav Lee,Corporate,United States,New York,East,Office Supplies,Labels,6.75,1,0.3,1.95
1450,US-2022-00602,01/03/2022,01/09/2022,Standard Class,CU-0456,Aarav Lee,Corporate,United States,New York,East,Office Supplies,Binders,41.36,3,0.5,1.5
1451,US-2023-00603,02/06/2023,02/08/2023,First Class,CU-0176,Sara Clark,Consumer,United States,Pennsylvania,East,Furniture,Chairs,875.25,3,0.1,-6.89
1452,US-2023-00603,02/06/2023,02/08/2023,First Class,CU-0176,Sara Clark,Consumer,United States,Pennsylvania,East,Office Supplies,Storage,292.37,4,0.0,-12.13
1453,US-2023-00603,02/06/2023,02/09/2023,First Class,CU-0176,Sara Clark,Consumer,United States,Pennsylvania,East,Office Supplies,Paper,79.35,4,0.0,29.46
1454,US-2024-00604,12/24/2024,12/28/2024,Second Class,CU-0563,Emma Garcia,Home Office,United States,Oregon,West,Technology,Accessories,259.99,6,0.0,67.58
1455,US-2024-00604,12/24/2024,12/28/2024,Second Class,CU-0563,Emma Garcia,Home Office,United States,Oregon,West,Office Supplies,Paper,90.73,7,0.2,21.65
1456,US-2024-00604,12/24/2024,12/27/2024,Second Class,CU-0563,Emma Garcia,Home Office,United States,Oregon,West,Technology,Phones,704.13,4,0.3,-14.68
1457,US-2024-00604,12/24/2024,12/27/2024,Second Class,CU-0563,Emma Garcia,Home Office,United States,Oregon,West,Office Supplies,Binders,204.46,7,0.0,37.16
1458,US-2024-00605,02/15/2024,02/18/2024,Second Class,CU-0682,Ravi Brown,Home Office,United States,Ohio,East,Office Supplies,Binders,69.09,4,0.3,0.97
1459,US-2024-00605,02/15/2024,02/18/2024,Second Class,CU-0682,Ravi Brown,Home Office,United States,Ohio,East,Office Supplies,Storage,414.96,6,0.1,9.01
1460,US-2024-00605,02/15/2024,02/18/2024,Second Class,CU-0682,Ravi Brown,Home Office,United States,Ohio,East,Technology,Copiers,3259.61,3,0.0,1117.89
1461,US-2024-00606,08/22/2024,08/26/2024,Second Class,CU-0508,Ravi Patel,Consumer,United States,California,West,Office Supplies,Paper,59.27,3,0.0,22.94
1462,US-2024-00606,08/22/2024,08/25/2024,Second Class,CU-0508,Ravi Patel,Consumer,United States,California,West,Furniture,Furnishings,29.43,1,0.4,-0.7
1463,US-2024-00606,08/22/2024,08/25/2024,Second Class,CU-0508,Ravi Patel,Consumer,United States,California,West,Furniture,Bookcases,485.29,2,0.0,32.9
1464,US-2023-00607,08/13/2023,08/16/2023,Second Class,CU-0228,Maya Clark,Home Office,United States,Washington,West,Furniture,Bookcases,328.38,2,0.4,-53.32
1465,US-2023-00607,08/13/2023,08/16/2023,Second Class,CU-0228,Maya Clark,Home Office,United States,Washington,West,Furniture,Chairs,710.33,4,0.4,-87.35
1466,US-2023-00607,08/13/2023,08/16/2023,Second Class,CU-0228,Maya Clark,Home Office,United States,Washington,West,Technology,Copiers,1117.45,3,0.5,44.35
1467,US-2022-00608,02/08/2022,02/10/2022,First Class,CU-0547,John Brown,Home Office,United States,Washington,West,Technology,Machines,2512.05,5,0.2,-415.42
1468,US-2022-00608,02/08/2022,02/10/2022,First Class,CU-0547,John Brown,Home Office,United States,Washington,West,Office Supplies,Storage,101.64,1,0.1,12.42
1469,US-2024-00609,10/01/2024,10/06/2024,Standard Class,CU-0361,Zoe Clark,Home Office,United States,Ohio,East,Technology,Machines,2755.75,5,0.1,-251.75
1470,US-2024-00609,10/01/2024,10/07/2024,Standard Class,CU-0361,Zoe Clark,Home Office,United States,Ohio,East,Office Supplies,Storage,220.55,4,0.5,-24.47
1471,US-2024-00609,10/01/2024,10/06/2024,Standard Class,CU-0361,Zoe Clark,Home Office,United States,Ohio,East,Furniture,Furnishings,107.49,2,0.2,5.96
1472,US-2025-00610,12/07/2025,12/12/2025,Standard Class,CU-0585,Olivia Lee,Corporate,United States,Pennsylvania,East,Furniture,Furnishings,110.31,2,0.2,5.46
1473,US-2023-00611,11/22/2023,11/25/2023,Second Class,CU-0075,Ravi Brown,Home Office,United States,Texas,Central,Office Supplies,Paper,84.01,4,0.0,33.59
1474,US-2023-00612,03/05/2023,03/10/2023,Standard Class,CU-0042,Emma Wilson,Corporate,United States,Ohio,East,Office Supplies,Storage,107.38,1,0.0,7.73
1475,US-2023-00612,03/05/2023,03/10/2023,Standard Class,CU-0042,Emma Wilson,Corporate,United States,Ohio,East,Technology,Phones,762.55,3,0.3,-54.54
1476,US-2023-00612,03/05/2023,03/10/2023,Standard Class,CU-0042,Emma Wilson,Corporate,United States,Ohio,East,Office Supplies,Binders,147.72,6,0.2,28.19
1477,US-2023-00612,03/05/2023,03/10/2023,Standard Class,CU-0042,Emma Wilson,Corporate,United States,Ohio,East,Technology,Phones,1266.14,7,0.3,27.72
1478,US-2022-00613,11/26/2022,11/29/2022,Second Class,CU-0420,Noah Khan,Home Office,United States,Florida,South,Technology,Phones,603.63,2,0.2,22.96
1479,US-2022-00613,11/26/2022,11/30/2022,Second Class,CU-0420,Noah Khan,Home Office,United States,Florida,South,Furniture,Bookcases,1125.54,7,0.5,-271.75
1480,US-2022-00613,11/26/2022,11/29/2022,Second Class,CU-0420,Noah Khan,Home Office,United States,Florida,South,Technology,Machines,859.85,3,0.5,-163.4
1481,US-2022-00614,10/23/2022,10/29/2022,Standard Class,CU-0417,Sara Clark,Consumer,United States,Michigan,Central,Furniture,Bookcases,1352.88,7,0.4,-221.36
1482,US-2022-00614,10/23/2022,10/29/2022,Standard Class,CU-0417,Sara Clark,Consumer,United States,Michigan,Central,Technology,Accessories,27.93,1,0.5,-0.67
1483,US-2022-00614,10/23/2022,10/28/2022,Standard Class,CU-0417,Sara Clark,Consumer,United States,Michigan,Central,Technology,Accessories,114.33,3,0.2,17.85
1484,US-2022-00615,06/07/2022,06/13/2022,Standard Class,CU-0551,John Smith,Consumer,United States,Georgia,South,Office Supplies,Storage,73.83,1,0.0,5.21
1485,US-2024-00616,08/28/2024,09/02/2024,Standard Class,CU-0490,Liam Davis,Consumer,United States,California,West,Technology,Phones,923.7,3,0.1,115.15
1486,US-2024-00616,08/28/2024,09/02/2024,Standard Class,CU-0490,Liam Davis,Consumer,United States,California,West,Technology,Phones,848.05,3,0.0,118.44
1487,US-2024-00616,08/28/2024,09/02/2024,Standard Class,CU-0490,Liam Davis,Consumer,United States,California,West,Office Supplies,Art,112.64,6,0.0,32.9
1488,US-2024-00616,08/28/2024,09/03/2024,Standard Class,CU-0490,Liam Davis,Consumer,United States,California,West,Office Supplies,Storage,154.55,3,0.3,-23.76
1489,US-2022-00617,01/28/2022,02/03/2022,Standard Class,CU-0443,Ravi Smith,Home Office,United States,Washington,West,Technology,Accessories,312.97,6,0.0,69.84
1490,US-2022-00617,01/28/2022,02/02/2022,Standard Class,CU-0443,Ravi Smith,Home Office,United States,Washington,West,Furniture,Bookcases,234.13,1,0.1,-22.98
1491,US-2022-00617,01/28/2022,02/03/2022,Standard Class,CU-0443,Ravi Smith,Home Office,United States,Washington,West,Office Supplies,Art,52.29,4,0.0,13.18
1492,US-2024-00618,04/05/2024,04/08/2024,Second Class,CU-0008,Liam Patel,Home Office,United States,Washington,West,Furniture,Chairs,812.97,4,0.3,-7.06
1493,US-2024-00618,04/05/2024,04/08/2024,Second Class,CU-0008,Liam Patel,Home Office,United States,Washington,West,Office Supplies,Paper,156.97,7,0.0,69.87
1494,US-2024-00618,04/05/2024,04/08/2024,Second Class,CU-0008,Liam Patel,Home Office,United States,Washington,West,Technology,Phones,232.99,1,0.1,19.09
1495,US-2024-00618,04/05/2024,04/09/2024,Second Class,CU-0008,Liam Patel,Home Office,United States,Washington,West,Office Supplies,Labels,73.87,7,0.2,16.88
1496,US-2025-00619,04/29/2025,05/04/2025,Standard Class,CU-0356,Liam Clark,Corporate,United States,Georgia,South,Office Supplies,Paper,97.33,5,0.0,37.98
1497,US-2025-00619,04/29/2025,05/04/2025,Standard Class,CU-0356,Liam Clark,Corporate,United States,Georgia,South,Office Supplies,Labels,32.08,4,0.3,3.47
1498,US-2023-00620,06/05/2023,06/08/2023,Second Class,CU-0337,Ravi Khan,Consumer,United States,Oregon,West,Furniture,Tables,342.68,1,0.1,-42.12
1499,US-2023-00620,06/05/2023,06/08/2023,Second Class,CU-0337,Ravi Khan,Consumer,United States,Oregon,West,Furniture,Furnishings,213.73,4,0.0,12.5
1500,US-2023-00620,06/05/2023,06/09/2023,Second Class,CU-0337,Ravi Khan,Consumer,United States,Oregon,West,Office Supplies,Binders,22.02,1,0.0,6.92
1501,US-2025-00621,12/18/2025,12/23/2025,Standard Class,CU-0445,Emma Wilson,Corporate,United States,Michigan,Central,Technology,Copiers,1017.77,2,0.4,39.46
1502,US-2025-00621,12/18/2025,12/24/2025,Standard Class,CU-0445,Emma Wilson,Corporate,United States,Michigan,Central,Office Supplies,Paper,17.29,2,0.5,2.66
1503,US-2025-00621,12/18/2025,12/24/2025,Standard Class,CU-0445,Emma Wilson,Corporate,United States,Michigan,Central,Technology,Phones,1632.65,5,0.0,135.42
1504,US-2025-00622,08/11/2025,08/14/2025,First Class,CU-0078,Ethan Smith,Home Office,United States,Michigan,Central,Technology,Machines,2653.49,5,0.0,109.77
1505,US-2025-00622,08/11/2025,08/14/2025,First Class,CU-0078,Ethan Smith,Home Office,United States,Michigan,Central,Furniture,Tables,933.98,3,0.3,-298.94
1506,US-2023-00623,11/20/2023,11/21/2023,Same Day,CU-0500,Priya Garcia,Home Office,United States,Texas,Central,Furniture,Bookcases,1200.96,5,0.0,-40.42
1507,US-2023-00623,11/20/2023,11/20/2023,Same Day,CU-0500,Priya Garcia,Home Office,United States,Texas,Central,Office Supplies,Labels,44.68,6,0.3,10.24
1508,US-2025-00624,01/14/2025,01/17/2025,First Class,CU-0516,Olivia Miller,Home Office,United States,Ohio,East,Office Supplies,Labels,60.13,6,0.0,22.7
1509,US-2022-00625,05/16/2022,05/21/2022,Standard Class,CU-0278,John Garcia,Consumer,United States,Ohio,East,Furniture,Bookcases,1353.91,4,0.1,-63.27
1510,US-2022-00625,05/16/2022,05/21/2022,Standard Class,CU-0278,John Garcia,Consumer,United States,Ohio,East,Office Supplies,Binders,46.91,2,0.2,3.53
1511,US-2024-00626,11/14/2024,11/20/2024,Standard Class,CU-0431,John Wilson,Corporate,United States,Illinois,Central,Office Supplies,Binders,22.38,1,0.3,0.6
1512,US-2024-00626,11/14/2024,11/19/2024,Standard Class,CU-0431,John Wilson,Corporate,United States,Illinois,Central,Technology,Machines,2643.74,6,0.0,139.64
1513,US-2024-00626,11/14/2024,11/19/2024,Standard Class,CU-0431,John Wilson,Corporate,United States,Illinois,Central,Technology,Phones,734.98,4,0.3,-80.44
1514,US-2024-00627,08/22/2024,08/28/2024,Standard Class,CU-0527,Maya Miller,Consumer,United States,Oregon,West,Office Supplies,Paper,92.7,6,0.4,11.11
1515,US-2024-00627,08/22/2024,08/27/2024,Standard Class,CU-0527,Maya Miller,Consumer,United States,Oregon,West,Technology,Machines,1413.41,5,0.4,-210.21
1516,US-2024-00627,08/22/2024,08/28/2024,Standard Class,CU-0527,Maya Miller,Consumer,United States,Oregon,West,Office Supplies,Labels,35.27,3,0.0,12.53
1517,US-2024-00627,08/22/2024,08/27/2024,Standard Class,CU-0527,Maya Miller,Consumer,United States,Oregon,West,Furniture,Tables,2254.71,7,0.0,-205.36
1518,US-2022-00628,07/10/2022,07/15/2022,Standard Class,CU-0380,Liam Davis,Corporate,United States,Pennsylvania,East,Furniture,Bookcases,507.14,2,0.0,17.32
1519,US-2022-00629,12/04/2022,12/04/2022,Same Day,CU-0212,Liam Patel,Home Office,United States,New York,East,Furniture,Tables,892.63,3,0.4,-292.3
1520,US-2022-00629,12/04/2022,12/04/2022,Same Day,CU-0212,Liam Patel,Home Office,United States,New York,East,Office Supplies,Labels,25.88,2,0.0,10.82
1521,US-2022-00629,12/04/2022,12/04/2022,Same Day,CU-0212,Liam Patel,Home Office,United States,New York,East,Technology,Copiers,1111.25,3,0.5,151.86
1522,US-2024-00630,09/26/2024,10/01/2024,Standard Class,CU-0226,Ravi Khan,Consumer,United States,Florida,South,Technology,Machines,372.63,1,0.1,-27.52
1523,US-2022-00631,01/23/2022,01/28/2022,Standard Class,CU-0334,Noah Wilson,Home Office,United States,Virginia,South,Office Supplies,Storage,261.92,3,0.0,33.65
1524,US-2023-00632,09/01/2023,09/06/2023,Standard Class,CU-0223,Noah Wilson,Home Office,United States,Virginia,South,Office Supplies,Paper,64.18,3,0.0,27.74
1525,US-2025-00633,05/07/2025,05/10/2025,First Class,CU-0635,Ravi Brown,Consumer,United States,Ohio,East,Furniture,Tables,920.6,4,0.4,-343.16
1526,US-2022-00634,12/20/2022,12/26/2022,Standard Class,CU-0154,Maya Davis,Consumer,United States,Michigan,Central,Technology,Accessories,90.44,2,0.2,10.93
1527,US-2022-00634,12/20/2022,12/26/2022,Standard Class,CU-0154,Maya Davis,Consumer,United States,Michigan,Central,Technology,Phones,742.12,3,0.0,150.02
1528,US-2022-00634,12/20/2022,12/25/2022,Standard Class,CU-0154,Maya Davis,Consumer,United States,Michigan,Central,Office Supplies,Labels,26.54,3,0.2,8.54
1529,US-2024-00635,09/18/2024,09/24/2024,Standard Class,CU-0084,Aarav Patel,Corporate,United States,Texas,Central,Furniture,Tables,2140.86,7,0.1,-298.36
1530,US-2024-00635,09/18/2024,09/24/2024,Standard Class,CU-0084,Aarav Patel,Corporate,United States,Texas,Central,Furniture,Furnishings,283.67,7,0.4,-24.68
1531,US-2024-00635,09/18/2024,09/24/2024,Standard Class,CU-0084,Aarav Patel,Corporate,United States,Texas,Central,Office Supplies,Art,81.32,5,0.0,11.63
1532,US-2024-00635,09/18/2024,09/24/2024,Standard Class,CU-0084,Aarav Patel,Corporate,United States,Texas,Central,Technology,Accessories,293.77,6,0.0,63.59
1533,US-2022-00636,01/05/2022,01/10/2022,Standard Class,CU-0013,Ethan Wilson,Consumer,United States,Texas,Central,Furniture,Bookcases,480.0,2,0.0,31.54
1534,US-2022-00636,01/05/2022,01/11/2022,Standard Class,CU-0013,Ethan Wilson,Consumer,United States,Texas,Central,Technology,Accessories,203.67,6,0.4,10.44
1535,US-2022-00636,01/05/2022,01/10/2022,Standard Class,CU-0013,Ethan Wilson,Consumer,United States,Texas,Central,Office Supplies,Art,87.68,5,0.0,19.17
1536,US-2023-00637,06/12/2023,06/17/2023,Standard Class,CU-0325,Emma Garcia,Consumer,United States,Michigan,Central,Technology,Accessories,297.68,5,0.0,59.31
1537,US-2023-00637,06/12/2023,06/17/2023,Standard Class,CU-0325,Emma Garcia,Consumer,United States,Michigan,Central,Furniture,Bookcases,450.24,3,0.5,-113.33
1538,US-2023-00637,06/12/2023,06/18/2023,Standard Class,CU-0325,Emma Garcia,Consumer,United States,Michigan,Central,Furniture,Chairs,484.41,2,0.0,67.08
1539,US-2023-00637,06/12/2023,06/18/2023,Standard Class,CU-0325,Emma Garcia,Consumer,United States,Michigan,Central,Furniture,Furnishings,103.16,3,0.3,-5.75
1540,US-2022-00638,06/16/2022,06/21/2022,Standard Class,CU-0688,Noah Patel,Home Office,United States,Michigan,Central,Technology,Phones,1119.7,3,0.0,167.47
1541,US-2022-00638,06/16/2022,06/21/2022,Standard Class,CU-0688,Noah Patel,Home Office,United States,Michigan,Central,Technology,Machines,304.59,1,0.5,-79.07
1542,US-2022-00639,12/22/2022,12/27/2022,Standard Class,CU-0587,Noah Khan,Corporate,United States,Ohio,East,Furniture,Tables,2390.45,5,0.0,-280.62
1543,US-2022-00639,12/22/2022,12/27/2022,Standard Class,CU-0587,Noah Khan,Corporate,United States,Ohio,East,Technology,Machines,2198.43,5,0.1,-44.67
1544,US-2022-00640,08/14/2022,08/19/2022,Standard Class,CU-0521,Sara Brown,Consumer,United States,Washington,West,Technology,Copiers,3299.65,5,0.4,125.62
1545,US-2022-00640,08/14/2022,08/19/2022,Standard Class,CU-0521,Sara Brown,Consumer,United States,Washington,West,Office Supplies,Binders,33.47,3,0.5,-2.16
1546,US-2022-00640,08/14/2022,08/20/2022,Standard Class,CU-0521,Sara Brown,Consumer,United States,Washington,West,Office Supplies,Storage,85.73,1,0.0,5.01
1547,US-2022-00640,08/14/2022,08/19/2022,Standard Class,CU-0521,Sara Brown,Consumer,United States,Washington,West,Technology,Accessories,116.29,4,0.3,11.88
1548,US-2024-00641,05/01/2024,05/06/2024,Standard Class,CU-0608,Priya Lee,Home Office,United States,Virginia,South,Office Supplies,Art,29.01,3,0.4,-0.56
1549,US-2024-00642,01/12/2024,01/17/2024,Standard Class,CU-0299,Ravi Miller,Corporate,United States,California,West,Furniture,Chairs,1044.27,5,0.2,-141.55
1550,US-2024-00642,01/12/2024,01/18/2024,Standard Class,CU-0299,Ravi Miller,Corporate,United States,California,West,Technology,Phones,1751.75,6,0.0,126.86
1551,US-2024-00642,01/12/2024,01/18/2024,Standard Class,CU-0299,Ravi Miller,Corporate,United States,California,West,Furniture,Tables,2311.0,6,0.2,-504.33
1552,US-2024-00643,04/27/2024,05/02/2024,Standard Class,CU-0245,Zoe Davis,Consumer,United States,Washington,West,Office Supplies,Binders,24.64,2,0.5,-1.1
1553,US-2025-00644,05/18/2025,05/23/2025,Standard Class,CU-0488,Sara Smith,Consumer,United States,Illinois,Central,Office Supplies,Labels,33.06,5,0.5,2.64
1554,US-2024-00645,11/12/2024,11/17/2024,Standard Class,CU-0314,Noah Miller,Corporate,United States,Georgia,South,Technology,Machines,2091.17,7,0.4,-437.19
1555,US-2024-00645,11/12/2024,11/17/2024,Standard Class,CU-0314,Noah Miller,Corporate,United States,Georgia,South,Office Supplies,Art,49.18,3,0.1,7.81
1556,US-2024-00645,11/12/2024,11/18/2024,Standard Class,CU-0314,Noah Miller,Corporate,United States,Georgia,South,Furniture,Bookcases,632.48,2,0.1,-37.57
1557,US-2024-00645,11/12/2024,11/18/2024,Standard Class,CU-0314,Noah Miller,Corporate,United States,Georgia,South,Office Supplies,Paper,56.85,5,0.5,10.03
1558,US-2024-00646,02/17/2024,02/20/2024,Second Class,CU-0379,Olivia Smith,Home Office,United States,Florida,South,Furniture,Furnishings,143.53,2,0.0,30.38
1559,US-2024-00646,02/17/2024,02/20/2024,Second Class,CU-0379,Olivia Smith,Home Office,United States,Florida,South,Furniture,Furnishings,330.33,6,0.0,62.67
1560,US-2024-00646,02/17/2024,02/21/2024,Second Class,CU-0379,Olivia Smith,Home Office,United States,Florida,South,Furniture,Tables,1995.69,6,0.3,-495.46
1561,US-2025-00647,10/12/2025,10/16/2025,Second Class,CU-0366,Aarav Wilson,Home Office,United States,Texas,Central,Office Supplies,Labels,13.05,1,0.1,4.11
1562,US-2025-00647,10/12/2025,10/16/2025,Second Class,CU-0366,Aarav Wilson,Home Office,United States,Texas,Central,Furniture,Bookcases,1651.12,5,0.0,70.19
1563,US-2024-00648,09/24/2024,09/30/2024,Standard Class,CU-0600,John Garcia,Corporate,United States,Georgia,South,Technology,Copiers,1836.52,2,0.0,668.78
1564,US-2024-00648,09/24/2024,09/29/2024,Standard Class,CU-0600,John Garcia,Corporate,United States,Georgia,South,Technology,Copiers,3412.02,6,0.5,246.81
1565,US-2024-00648,09/24/2024,09/29/2024,Standard Class,CU-0600,John Garcia,Corporate,United States,Georgia,South,Technology,Copiers,814.47,1,0.0,264.85
1566,US-2024-00649,09/07/2024,09/13/2024,Standard Class,CU-0700,Ethan Davis,Consumer,United States,Illinois,Central,Technology,Phones,1037.97,5,0.2,18.32
1567,US-2024-00649,09/07/2024,09/12/2024,Standard Class,CU-0700,Ethan Davis,Consumer,United States,Illinois,Central,Technology,Machines,841.78,4,0.5,-225.97
1568,US-2025-00650,11/16/2025,11/21/2025,Standard Class,CU-0121,Ethan Wilson,Consumer,United States,Texas,Central,Furniture,Furnishings,281.57,5,0.1,19.89
1569,US-2025-00650,11/16/2025,11/22/2025,Standard Class,CU-0121,Ethan Wilson,Consumer,United States,Texas,Central,Office Supplies,Storage,298.46,3,0.0,29.71
1570,US-2025-00650,11/16/2025,11/22/2025,Standard Class,CU-0121,Ethan Wilson,Consumer,United States,Texas,Central,Furniture,Chairs,759.09,4,0.2,-84.1
1571,US-2022-00651,12/11/2022,12/17/2022,Standard Class,CU-0640,Emma Garcia,Corporate,United States,Michigan,Central,Furniture,Bookcases,1165.2,3,0.0,83.71
1572,US-2024-00652,10/10/2024,10/16/2024,Standard Class,CU-0026,Emma Lee,Consumer,United States,Michigan,Central,Furniture,Furnishings,87.18,2,0.3,-2.02
1573,US-2023-00653,03/01/2023,03/05/2023,Second Class,CU-0139,Aarav Miller,Home Office,United States,Washington,West,Office Supplies,Storage,107.79,2,0.4,-22.84
1574,US-2023-00653,03/01/2023,03/05/2023,Second Class,CU-0139,Aarav Miller,Home Office,United States,Washington,West,Technology,Copiers,2036.41,4,0.3,377.5
1575,US-2023-00653,03/01/2023,03/04/2023,Second Class,CU-0139,Aarav Miller,Home Office,United States,Washington,West,Technology,Phones,809.83,3,0.0,122.56
1576,US-2023-00653,03/01/2023,03/04/2023,Second Class,CU-0139,Aarav Miller,Home Office,United States,Washington,West,Technology,Phones,195.59,1,0.4,-0.17
1577,US-2023-00654,08/04/2023,08/09/2023,Standard Class,CU-0629,Olivia Patel,Corporate,United States,Washington,West,Technology,Phones,374.42,2,0.5,-36.88
1578,US-2023-00654,08/04/2023,08/10/2023,Standard Class,CU-0629,Olivia Patel,Corporate,United States,Washington,West,Technology,Machines,1163.4,5,0.5,-288.02
1579,US-2023-00655,01/26/2023,01/29/2023,Second Class,CU-0049,Zoe Wilson,Consumer,United States,Ohio,East,Furniture,Bookcases,1071.04,4,0.3,-174.42
1580,US-2023-00655,01/26/2023,01/30/2023,Second Class,CU-0049,Zoe Wilson,Consumer,United States,Ohio,East,Technology,Machines,680.45,2,0.3,-78.91
1581,US-2023-00655,01/26/2023,01/29/2023,Second Class,CU-0049,Zoe Wilson,Consumer,United States,Ohio,East,Technology,Phones,371.75,3,0.5,-72.49
1582,US-2023-00655,01/26/2023,01/29/2023,Second Class,CU-0049,Zoe Wilson,Consumer,United States,Ohio,East,Technology,Machines,1413.63,3,0.2,-82.8
1583,US-2022-00656,01/26/2022,01/30/2022,Second Class,CU-0374,Emma Smith,Consumer,United States,Florida,South,Furniture,Chairs,501.86,4,0.5,-101.18
1584,US-2022-00656,01/26/2022,01/30/2022,Second Class,CU-0374,Emma Smith,Consumer,United States,Florida,South,Furniture,Tables,1975.08,5,0.1,-339.59
1585,US-2022-00656,01/26/2022,01/29/2022,Second Class,CU-0374,Emma Smith,Consumer,United States,Florida,South,Office Supplies,Art,65.58,6,0.1,11.67
1586,US-2023-00657,09/26/2023,10/01/2023,Standard Class,CU-0507,Emma Garcia,Home Office,United States,Virginia,South,Technology,Copiers,7231.19,7,0.0,2419.11
1587,US-2023-00657,09/26/2023,10/02/2023,Standard Class,CU-0507,Emma Garcia,Home Office,United States,Virginia,South,Technology,Phones,584.5,2,0.0,80.03
1588,US-2023-00657,09/26/2023,10/02/2023,Standard Class,CU-0507,Emma Garcia,Home Office,United States,Virginia,South,Furniture,Bookcases,767.06,4,0.5,-239.13
1589,US-2022-00658,08/23/2022,08/26/2022,First Class,CU-0650,Zoe Smith,Consumer,United States,Virginia,South,Furniture,Bookcases,478.58,2,0.2,-24.06
1590,US-2025-00659,09/12/2025,09/18/2025,Standard Class,CU-0138,John Brown,Consumer,United States,California,West,Furniture,Furnishings,136.06,2,0.1,20.59
1591,US-2025-00659,09/12/2025,09/18/2025,Standard Class,CU-0138,John Brown,Consumer,United States,California,West,Technology,Phones,871.32,6,0.5,-79.74
1592,US-2025-00659,09/12/2025,09/18/2025,Standard Class,CU-0138,John Brown,Consumer,United States,California,West,Technology,Phones,601.82,2,0.1,82.2
1593,US-2025-00659,09/12/2025,09/18/2025,Standard Class,CU-0138,John Brown,Consumer,United States,California,West,Technology,Machines,1710.74,3,0.1,-73.39
1594,US-2024-00660,06/30/2024,07/02/2024,First Class,CU-0297,Aarav Brown,Consumer,United States,Pennsylvania,East,Technology,Accessories,303.16,6,0.0,67.1
1595,US-2024-00660,06/30/2024,07/02/2024,First Class,CU-0297,Aarav Brown,Consumer,United States,Pennsylvania,East,Furniture,Furnishings,145.1,3,0.2,-4.18
1596,US-2024-00660,06/30/2024,07/03/2024,First Class,CU-0297,Aarav Brown,Consumer,United States,Pennsylvania,East,Office Supplies,Paper,110.44,5,0.0,43.18
1597,US-2025-00661,10/31/2025,11/02/2025,First Class,CU-0402,Priya Miller,Home Office,United States,Texas,Central,Office Supplies,Labels,43.24,3,0.0,13.57
1598,US-2025-00661,10/31/2025,11/02/2025,First Class,CU-0402,Priya Miller,Home Office,United States,Texas,Central,Furniture,Tables,334.17,2,0.5,-156.6
1599,US-2025-00662,01/15/2025,01/21/2025,Standard Class,CU-0232,Zoe Smith,Consumer,United States,Georgia,South,Technology,Phones,1036.02,7,0.5,-173.75
1600,US-2025-00662,01/15/2025,01/21/2025,Standard Class,CU-0232,Zoe Smith,Consumer,United States,Georgia,South,Technology,Copiers,1615.0,2,0.0,555.31
1601,US-2025-00662,01/15/2025,01/20/2025,Standard Class,CU-0232,Zoe Smith,Consumer,United States,Georgia,South,Office Supplies,Storage,178.04,2,0.0,11.12
1602,US-2025-00662,01/15/2025,01/20/2025,Standard Class,CU-0232,Zoe Smith,Consumer,United States,Georgia,South,Technology,Phones,1314.28,6,0.3,-1.67
1603,US-2024-00663,02/14/2024,02/18/2024,Second Class,CU-0405,Emma Wilson,Consumer,United States,Georgia,South,Furniture,Bookcases,294.61,1,0.2,-33.16
1604,US-2024-00663,02/14/2024,02/17/2024,Second Class,CU-0405,Emma Wilson,Consumer,United States,Georgia,South,Technology,Accessories,90.65,2,0.3,8.44
1605,US-2024-00663,02/14/2024,02/18/2024,Second Class,CU-0405,Emma Wilson,Consumer,United States,Georgia,South,Furniture,Bookcases,1570.45,7,0.4,-369.11
1606,US-2024-00664,11/17/2024,11/20/2024,Second Class,CU-0489,Ethan Patel,Corporate,United States,Michigan,Central,Technology,Copiers,2161.38,5,0.5,47.02
1607,US-2024-00664,11/17/2024,11/20/2024,Second Class,CU-0489,Ethan Patel,Corporate,United States,Michigan,Central,Furniture,Tables,1025.59,4,0.3,-270.48
1608,US-2024-00664,11/17/2024,11/20/2024,Second Class,CU-0489,Ethan Patel,Corporate,United States,Michigan,Central,Technology,Copiers,1045.28,2,0.4,107.89
1609,US-2022-00665,07/17/2022,07/23/2022,Standard Class,CU-0532,Aarav Davis,Consumer,United States,Illinois,Central,Furniture,Tables,2592.32,5,0.0,-510.42
1610,US-2022-00665,07/17/2022,07/23/2022,Standard Class,CU-0532,Aarav Davis,Consumer,United States,Illinois,Central,Technology,Copiers,5969.11,7,0.0,1758.01
1611,US-2022-00665,07/17/2022,07/22/2022,Standard Class,CU-0532,Aarav Davis,Consumer,United States,Illinois,Central,Furniture,Furnishings,71.87,2,0.5,-8.57
1612,US-2023-00666,10/18/2023,10/23/2023,Standard Class,CU-0665,Sara Miller,Home Office,United States,Washington,West,Technology,Copiers,638.89,1,0.3,96.76
1613,US-2024-00667,01/28/2024,01/31/2024,Second Class,CU-0570,Ethan Brown,Consumer,United States,Virginia,South,Office Supplies,Paper,103.88,6,0.3,17.72
1614,US-2024-00667,01/28/2024,01/31/2024,Second Class,CU-0570,Ethan Brown,Consumer,United States,Virginia,South,Technology,Machines,527.62,1,0.0,36.03
1615,US-2024-00667,01/28/2024,02/01/2024,Second Class,CU-0570,Ethan Brown,Consumer,United States,Virginia,South,Technology,Copiers,931.41,1,0.0,325.12
1616,US-2022-00668,06/18/2022,06/24/2022,Standard Class,CU-0593,Sara Patel,Consumer,United States,Oregon,West,Furniture,Tables,1781.29,5,0.0,-50.26
1617,US-2022-00668,06/18/2022,06/24/2022,Standard Class,CU-0593,Sara Patel,Consumer,United States,Oregon,West,Technology,Copiers,2829.4,4,0.3,670.61
1618,US-2023-00669,09/28/2023,10/01/2023,Second Class,CU-0320,Olivia Clark,Corporate,United States,Ohio,East,Technology,Accessories,158.07,5,0.4,7.07
1619,US-2024-00670,04/03/2024,04/08/2024,Standard Class,CU-0003,Maya Miller,Consumer,United States,Washington,West,Technology,Phones,969.99,5,0.5,-147.5
1620,US-2024-00670,04/03/2024,04/09/2024,Standard Class,CU-0003,Maya Miller,Consumer,United States,Washington,West,Office Supplies,Paper,134.81,6,0.1,41.2
1621,US-2023-00671,03/30/2023,04/05/2023,Standard Class,CU-0497,Maya Khan,Consumer,United States,Virginia,South,Office Supplies,Paper,59.71,3,0.0,24.02
1622,US-2023-00671,03/30/2023,04/05/2023,Standard Class,CU-0497,Maya Khan,Consumer,United States,Virginia,South,Office Supplies,Labels,71.69,5,0.0,26.89
1623,US-2025-00672,02/02/2025,02/05/2025,First Class,CU-0691,John Miller,Corporate,United States,Texas,Central,Technology,Accessories,43.99,1,0.0,10.39
1624,US-2025-00672,02/02/2025,02/04/2025,First Class,CU-0691,John Miller,Corporate,United States,Texas,Central,Technology,Copiers,1616.24,2,0.2,490.43
1625,US-2024-00673,11/17/2024,11/20/2024,First Class,CU-0340,Emma Smith,Consumer,United States,Michigan,Central,Furniture,Furnishings,136.1,5,0.5,-16.54
1626,US-2024-00673,11/17/2024,11/19/2024,First Class,CU-0340,Emma Smith,Consumer,United States,Michigan,Central,Furniture,Tables,1331.37,4,0.1,-169.6
1627,US-2024-00673,11/17/2024,11/19/2024,First Class,CU-0340,Emma Smith,Consumer,United States,Michigan,Central,Technology,Phones,285.34,1,0.0,52.36
1628,US-2024-00674,11/28/2024,11/30/2024,First Class,CU-0105,Maya Brown,Consumer,United States,Washington,West,Office Supplies,Paper,75.05,6,0.4,5.54
1629,US-2024-00675,05/22/2024,05/22/2024,Same Day,CU-0182,John Wilson,Consumer,United States,Florida,South,Technology,Copiers,4690.29,6,0.0,1481.25
1630,US-2024-00675,05/22/2024,05/22/2024,Same Day,CU-0182,John Wilson,Consumer,United States,Florida,South,Furniture,Furnishings,405.94,7,0.2,26.71
1631,US-2024-00675,05/22/2024,05/22/2024,Same Day,CU-0182,John Wilson,Consumer,United States,Florida,South,Furniture,Tables,1426.58,4,0.0,-188.39
1632,US-2023-00676,08/02/2023,08/08/2023,Standard Class,CU-0608,Priya Lee,Home Office,United States,California,West,Office Supplies,Binders,21.5,1,0.2,2.01
1633,US-2023-00677,05/17/2023,05/20/2023,First Class,CU-0206,Olivia Brown,Consumer,United States,Texas,Central,Office Supplies,Storage,427.85,5,0.0,27.46
1634,US-2023-00677,05/17/2023,05/20/2023,First Class,CU-0206,Olivia Brown,Consumer,United States,Texas,Central,Office Supplies,Binders,20.51,1,0.3,0.95
1635,US-2023-00677,05/17/2023,05/19/2023,First Class,CU-0206,Olivia Brown,Consumer,United States,Texas,Central,Office Supplies,Labels,71.58,7,0.0,26.05
1636,US-2024-00678,12/24/2024,12/28/2024,Second Class,CU-0198,Ethan Brown,Home Office,United States,Washington,West,Office Supplies,Labels,61.0,5,0.0,24.74
1637,US-2024-00678,12/24/2024,12/28/2024,Second Class,CU-0198,Ethan Brown,Home Office,United States,Washington,West,Furniture,Tables,2284.43,5,0.0,-7.46
1638,US-2023-00679,05/19/2023,05/22/2023,Second Class,CU-0076,Sara Wilson,Corporate,United States,Michigan,Central,Furniture,Furnishings,67.06,1,0.0,11.72
1639,US-2022-00680,11/10/2022,11/15/2022,Standard Class,CU-0426,Ravi Miller,Home Office,United States,Virginia,South,Technology,Machines,947.9,2,0.1,4.82
1640,US-2022-00680,11/10/2022,11/15/2022,Standard Class,CU-0426,Ravi Miller,Home Office,United States,Virginia,South,Office Supplies,Paper,149.76,6,0.0,59.17
1641,US-2022-00680,11/10/2022,11/15/2022,Standard Class,CU-0426,Ravi Miller,Home Office,United States,Virginia,South,Furniture,Bookcases,307.1,1,0.1,-4.21
1642,US-2025-00681,01/18/2025,01/24/2025,Standard Class,CU-0585,Olivia Lee,Corporate,United States,New York,East,Technology,Accessories,40.83,1,0.0,7.67
1643,US-2025-00682,11/21/2025,11/24/2025,First Class,CU-0382,Ethan Lee,Corporate,United States,Ohio,East,Office Supplies,Paper,41.53,2,0.2,9.0
1644,US-2023-00683,12/26/2023,01/01/2024,Standard Class,CU-0140,Maya Brown,Corporate,United States,New York,East,Furniture,Furnishings,255.67,6,0.4,-11.81
1645,US-2023-00683,12/26/2023,12/31/2023,Standard Class,CU-0140,Maya Brown,Corporate,United States,New York,East,Furniture,Chairs,1224.96,4,0.0,77.05
1646,US-2023-00683,12/26/2023,12/31/2023,Standard Class,CU-0140,Maya Brown,Corporate,United States,New York,East,Technology,Accessories,165.77,6,0.4,16.64
1647,US-2023-00683,12/26/2023,01/01/2024,Standard Class,CU-0140,Maya Brown,Corporate,United States,New York,East,Technology,Machines,3323.58,7,0.0,147.41
1648,US-2025-00684,10/15/2025,10/20/2025,Standard Class,CU-0073,Aarav Smith,Corporate,United States,Florida,South,Office Supplies,Paper,73.81,4,0.0,28.14
1649,US-2025-00684,10/15/2025,10/20/2025,Standard Class,CU-0073,Aarav Smith,Corporate,United States,Florida,South,Office Supplies,Binders,105.41,7,0.5,-2.98
1650,US-2025-00684,10/15/2025,10/21/2025,Standard Class,CU-0073,Aarav Smith,Corporate,United States,Florida,South,Office Supplies,Paper,56.31,5,0.5,3.42
1651,US-2025-00685,04/09/2025,04/12/2025,First Class,CU-0299,Ravi Miller,Corporate,United States,Illinois,Central,Furniture,Chairs,1126.44,4,0.0,174.82
1652,US-2025-00686,01/31/2025,02/05/2025,Standard Class,CU-0207,Aarav Patel,Corporate,United States,Texas,Central,Technology,Accessories,342.99,7,0.0,93.28
1653,US-2025-00686,01/31/2025,02/06/2025,Standard Class,CU-0207,Aarav Patel,Corporate,United States,Texas,Central,Office Supplies,Art,99.48,7,0.1,29.28
1654,US-2025-00686,01/31/2025,02/06/2025,Standard Class,CU-0207,Aarav Patel,Corporate,United States,Texas,Central,Office Supplies,Binders,197.72,7,0.0,29.11
1655,US-2024-00687,02/18/2024,02/18/2024,Same Day,CU-0319,Priya Miller,Corporate,United States,Ohio,East,Technology,Copiers,5568.5,6,0.0,1941.3
1656,US-2024-00687,02/18/2024,02/19/2024,Same Day,CU-0319,Priya Miller,Corporate,United States,Ohio,East,Technology,Machines,1178.13,4,0.4,-179.65
1657,US-2024-00687,02/18/2024,02/18/2024,Same Day,CU-0319,Priya Miller,Corporate,United States,Ohio,East,Technology,Phones,2262.81,7,0.0,451.93
1658,US-2023-00688,05/11/2023,05/12/2023,Same Day,CU-0153,Maya Miller,Home Office,United States,Florida,South,Technology,Machines,1385.64,4,0.2,-147.11
1659,US-2023-00688,05/11/2023,05/12/2023,Same Day,CU-0153,Maya Miller,Home Office,United States,Florida,South,Technology,Copiers,721.67,1,0.2,178.94
1660,US-2025-00689,08/25/2025,08/30/2025,Standard Class,CU-0698,Sara Wilson,Consumer,United States,Pennsylvania,East,Technology,Accessories,145.59,4,0.2,13.36
1661,US-2025-00689,08/25/2025,08/30/2025,Standard Class,CU-0698,Sara Wilson,Consumer,United States,Pennsylvania,East,Office Supplies,Labels,14.71,2,0.3,2.63
1662,US-2025-00689,08/25/2025,08/30/2025,Standard Class,CU-0698,Sara Wilson,Consumer,United States,Pennsylvania,East,Technology,Phones,515.39,4,0.5,-68.77
1663,US-2025-00690,08/01/2025,08/06/2025,Standard Class,CU-0383,Noah Davis,Home Office,United States,Michigan,Central,Office Supplies,Binders,18.35,1,0.4,-1.1
1664,US-2025-00690,08/01/2025,08/07/2025,Standard Class,CU-0383,Noah Davis,Home Office,United States,Michigan,Central,Technology,Phones,1505.43,4,0.0,200.46
1665,US-2025-00690,08/01/2025,08/06/2025,Standard Class,CU-0383,Noah Davis,Home Office,United States,Michigan,Central,Technology,Machines,2696.99,6,0.3,-566.23
1666,US-2025-00691,03/24/2025,03/27/2025,First Class,CU-0411,Priya Davis,Home Office,United States,Michigan,Central,Office Supplies,Storage,463.6,6,0.3,-14.34
1667,US-2025-00691,03/24/2025,03/26/2025,First Class,CU-0411,Priya Davis,Home Office,United States,Michigan,Central,Technology,Phones,635.03,4,0.5,-75.71
1668,US-2025-00692,05/24/2025,05/27/2025,First Class,CU-0481,Priya Khan,Home Office,United States,Illinois,Central,Technology,Machines,1934.62,6,0.3,-227.44
1669,US-2025-00692,05/24/2025,05/26/2025,First Class,CU-0481,Priya Khan,Home Office,United States,Illinois,Central,Technology,Machines,261.7,1,0.5,-64.56
1670,US-2025-00692,05/24/2025,05/27/2025,First Class,CU-0481,Priya Khan,Home Office,United States,Illinois,Central,Furniture,Bookcases,2237.21,7,0.0,99.92
1671,US-2023-00693,08/01/2023,08/07/2023,Standard Class,CU-0363,Priya Clark,Corporate,United States,Pennsylvania,East,Technology,Accessories,337.46,7,0.0,77.61
1672,US-2023-00693,08/01/2023,08/06/2023,Standard Class,CU-0363,Priya Clark,Corporate,United States,Pennsylvania,East,Technology,Copiers,3246.47,6,0.5,367.32
1673,US-2023-00694,06/24/2023,06/29/2023,Standard Class,CU-0494,Liam Patel,Consumer,United States,Ohio,East,Furniture,Furnishings,181.69,3,0.0,17.86
1674,US-2022-00695,11/11/2022,11/16/2022,Standard Class,CU-0057,Liam Smith,Consumer,United States,Pennsylvania,East,Furniture,Tables,435.35,1,0.0,-40.46
1675,US-2022-00695,11/11/2022,11/16/2022,Standard Class,CU-0057,Liam Smith,Consumer,United States,Pennsylvania,East,Furniture,Chairs,468.47,3,0.5,-95.02
1676,US-2022-00695,11/11/2022,11/16/2022,Standard Class,CU-0057,Liam Smith,Consumer,United States,Pennsylvania,East,Office Supplies,Paper,76.92,3,0.0,26.71
1677,US-2022-00695,11/11/2022,11/16/2022,Standard Class,CU-0057,Liam Smith,Consumer,United States,Pennsylvania,East,Furniture,Bookcases,1206.59,7,0.4,-226.86
1678,US-2022-00696,01/30/2022,02/02/2022,Second Class,CU-0160,Aarav Miller,Consumer,United States,Michigan,Central,Technology,Copiers,2077.77,2,0.0,866.42
1679,US-2022-00696,01/30/2022,02/03/2022,Second Class,CU-0160,Aarav Miller,Consumer,United States,Michigan,Central,Furniture,Bookcases,788.55,4,0.4,-194.15
1680,US-2022-00696,01/30/2022,02/02/2022,Second Class,CU-0160,Aarav Miller,Consumer,United States,Michigan,Central,Office Supplies,Labels,13.67,2,0.5,2.16
1681,US-2022-00696,01/30/2022,02/03/2022,Second Class,CU-0160,Aarav Miller,Consumer,United States,Michigan,Central,Technology,Machines,1445.39,5,0.3,-228.27
1682,US-2023-00697,09/24/2023,09/27/2023,Second Class,CU-0508,Ravi Patel,Consumer,United States,Georgia,South,Technology,Copiers,2220.78,2,0.0,799.8
1683,US-2023-00698,10/20/2023,10/25/2023,Standard Class,CU-0552,Olivia Patel,Consumer,United States,New York,East,Technology,Copiers,4147.52,6,0.1,1248.1
1684,US-2023-00698,10/20/2023,10/25/2023,Standard Class,CU-0552,Olivia Patel,Consumer,United States,New York,East,Office Supplies,Storage,176.67,2,0.0,19.48
1685,US-2024-00699,07/18/2024,07/21/2024,Second Class,CU-0631,John Brown,Home Office,United States,Washington,West,Furniture,Chairs,1675.81,7,0.0,223.6
1686,US-2024-00699,07/18/2024,07/22/2024,Second Class,CU-0631,John Brown,Home Office,United States,Washington,West,Furniture,Chairs,2091.29,7,0.0,186.58
1687,US-2024-00699,07/18/2024,07/22/2024,Second Class,CU-0631,John Brown,Home Office,United States,Washington,West,Furniture,Chairs,2083.41,7,0.0,373.04
1688,US-2024-00699,07/18/2024,07/21/2024,Second Class,CU-0631,John Brown,Home Office,United States,Washington,West,Office Supplies,Labels,12.47,1,0.0,5.96
1689,US-2023-00700,03/03/2023,03/09/2023,Standard Class,CU-0247,Ravi Wilson,Home Office,United States,Texas,Central,Office Supplies,Art,77.55,6,0.0,24.77
1690,US-2024-00701,10/05/2024,10/10/2024,Standard Class,CU-0455,Liam Brown,Corporate,United States,Washington,West,Technology,Machines,450.09,1,0.0,7.67
1691,US-2025-00702,07/03/2025,07/09/2025,Standard Class,CU-0371,Olivia Brown,Consumer,United States,California,West,Furniture,Bookcases,832.5,6,0.5,-246.61
1692,US-2025-00702,07/03/2025,07/09/2025,Standard Class,CU-0371,Olivia Brown,Consumer,United States,California,West,Office Supplies,Labels,14.9,1,0.0,5.68
1693,US-2024-00703,08/29/2024,08/31/2024,First Class,CU-0051,Ethan Brown,Home Office,United States,Ohio,East,Technology,Machines,1581.03,5,0.4,-370.57
1694,US-2024-00703,08/29/2024,08/31/2024,First Class,CU-0051,Ethan Brown,Home Office,United States,Ohio,East,Furniture,Furnishings,131.99,2,0.0,17.63
1695,US-2024-00703,08/29/2024,08/31/2024,First Class,CU-0051,Ethan Brown,Home Office,United States,Ohio,East,Office Supplies,Paper,116.62,7,0.0,44.24
1696,US-2024-00703,08/29/2024,09/01/2024,First Class,CU-0051,Ethan Brown,Home Office,United States,Ohio,East,Office Supplies,Storage,327.72,4,0.0,39.32
1697,US-2022-00704,06/21/2022,06/24/2022,Second Class,CU-0546,Noah Patel,Corporate,United States,Texas,Central,Furniture,Bookcases,485.0,2,0.0,21.62
1698,US-2022-00704,06/21/2022,06/25/2022,Second Class,CU-0546,Noah Patel,Corporate,United States,Texas,Central,Furniture,Furnishings,185.77,6,0.4,-9.77
1699,US-2022-00704,06/21/2022,06/25/2022,Second Class,CU-0546,Noah Patel,Corporate,United States,Texas,Central,Office Supplies,Binders,17.63,1,0.2,1.89
1700,US-2025-00705,03/31/2025,04/03/2025,Second Class,CU-0681,Sara Wilson,Home Office,United States,California,West,Technology,Accessories,125.98,3,0.0,41.54
1701,US-2025-00705,03/31/2025,04/04/2025,Second Class,CU-0681,Sara Wilson,Home Office,United States,California,West,Technology,Machines,955.51,3,0.4,-307.2
1702,US-2025-00705,03/31/2025,04/03/2025,Second Class,CU-0681,Sara Wilson,Home Office,United States,California,West,Office Supplies,Art,67.91,6,0.1,18.63
1703,US-2022-00706,12/29/2022,01/02/2023,Second Class,CU-0073,Aarav Smith,Corporate,United States,Ohio,East,Office Supplies,Art,18.69,3,0.5,0.5
1704,US-2022-00706,12/29/2022,01/01/2023,Second Class,CU-0073,Aarav Smith,Corporate,United States,Ohio,East,Technology,Copiers,2958.88,6,0.5,229.75
1705,US-2022-00706,12/29/2022,01/01/2023,Second Class,CU-0073,Aarav Smith,Corporate,United States,Ohio,East,Technology,Copiers,469.04,1,0.4,57.8
1706,US-2024-00707,07/30/2024,08/04/2024,Standard Class,CU-0640,Emma Garcia,Corporate,United States,Florida,South,Technology,Accessories,259.03,7,0.2,23.56
1707,US-2024-00707,07/30/2024,08/04/2024,Standard Class,CU-0640,Emma Garcia,Corporate,United States,Florida,South,Technology,Accessories,63.0,2,0.3,7.05
1708,US-2025-00708,02/04/2025,02/10/2025,Standard Class,CU-0161,Sara Wilson,Consumer,United States,Georgia,South,Furniture,Bookcases,1338.34,4,0.1,-28.72
1709,US-2024-00709,11/23/2024,11/28/2024,Standard Class,CU-0044,Olivia Khan,Corporate,United States,New York,East,Technology,Phones,267.83,1,0.0,45.77
1710,US-2024-00709,11/23/2024,11/29/2024,Standard Class,CU-0044,Olivia Khan,Corporate,United States,New York,East,Furniture,Furnishings,162.34,3,0.0,36.97
1711,US-2024-00709,11/23/2024,11/28/2024,Standard Class,CU-0044,Olivia Khan,Corporate,United States,New York,East,Furniture,Bookcases,180.67,1,0.4,-25.55
1712,US-2023-00710,01/03/2023,01/09/2023,Standard Class,CU-0424,Aarav Lee,Consumer,United States,Pennsylvania,East,Technology,Machines,768.41,2,0.4,-166.58
1713,US-2023-00710,01/03/2023,01/09/2023,Standard Class,CU-0424,Aarav Lee,Consumer,United States,Pennsylvania,East,Furniture,Chairs,608.71,2,0.0,78.58
1714,US-2023-00710,01/03/2023,01/09/2023,Standard Class,CU-0424,Aarav Lee,Consumer,United States,Pennsylvania,East,Office Supplies,Labels,29.4,4,0.5,3.7
1715,US-2025-00711,12/01/2025,12/07/2025,Standard Class,CU-0515,Maya Khan,Consumer,United States,Pennsylvania,East,Technology,Copiers,7713.89,7,0.0,2490.88
1716,US-2025-00711,12/01/2025,12/07/2025,Standard Class,CU-0515,Maya Khan,Consumer,United States,Pennsylvania,East,Office Supplies,Paper,123.77,5,0.0,56.38
1717,US-2023-00712,08/13/2023,08/18/2023,Standard Class,CU-0033,John Miller,Corporate,United States,Michigan,Central,Technology,Phones,273.35,1,0.0,42.79
1718,US-2023-00712,08/13/2023,08/18/2023,Standard Class,CU-0033,John Miller,Corporate,United States,Michigan,Central,Technology,Machines,878.13,2,0.1,-24.7
1719,US-2023-00712,08/13/2023,08/18/2023,Standard Class,CU-0033,John Miller,Corporate,United States,Michigan,Central,Office Supplies,Labels,20.99,2,0.0,8.82
1720,US-2022-00713,03/06/2022,03/10/2022,Second Class,CU-0281,Sara Miller,Home Office,United States,Virginia,South,Technology,Machines,3170.57,7,0.1,165.26
1721,US-2022-00713,03/06/2022,03/10/2022,Second Class,CU-0281,Sara Miller,Home Office,United States,Virginia,South,Furniture,Chairs,415.63,2,0.2,2.98
1722,US-2022-00713,03/06/2022,03/09/2022,Second Class,CU-0281,Sara Miller,Home Office,United States,Virginia,South,Office Supplies,Art,13.36,1,0.0,3.06
1723,US-2022-00713,03/06/2022,03/09/2022,Second Class,CU-0281,Sara Miller,Home Office,United States,Virginia,South,Technology,Machines,2336.1,4,0.0,-14.95
1724,US-2023-00714,04/01/2023,04/06/2023,Standard Class,CU-0677,Noah Lee,Corporate,United States,California,West,Furniture,Tables,577.51,2,0.3,-134.84
1725,US-2023-00714,04/01/2023,04/07/2023,Standard Class,CU-0677,Noah Lee,Corporate,United States,California,West,Office Supplies,Labels,64.81,6,0.0,30.83
1726,US-2023-00714,04/01/2023,04/07/2023,Standard Class,CU-0677,Noah Lee,Corporate,United States,California,West,Office Supplies,Art,90.06,7,0.1,20.2
1727,US-2023-00714,04/01/2023,04/06/2023,Standard Class,CU-0677,Noah Lee,Corporate,United States,California,West,Office Supplies,Binders,84.03,4,0.3,7.93
1728,US-2022-00715,09/07/2022,09/07/2022,Same Day,CU-0514,Olivia Garcia,Consumer,United States,Ohio,East,Technology,Phones,124.91,1,0.5,-12.37
1729,US-2024-00716,05/21/2024,05/26/2024,Standard Class,CU-0041,Emma Miller,Corporate,United States,New York,East,Office Supplies,Storage,288.02,3,0.0,29.57
1730,US-2024-00716,05/21/2024,05/26/2024,Standard Class,CU-0041,Emma Miller,Corporate,United States,New York,East,Furniture,Bookcases,1193.59,5,0.1,-87.26
1731,US-2024-00716,05/21/2024,05/27/2024,Standard Class,CU-0041,Emma Miller,Corporate,United States,New York,East,Office Supplies,Storage,559.52,6,0.1,-11.71
1732,US-2024-00717,09/19/2024,09/24/2024,Standard Class,CU-0637,Aarav Clark,Consumer,United States,Florida,South,Office Supplies,Labels,80.19,7,0.2,22.63
1733,US-2024-00717,09/19/2024,09/25/2024,Standard Class,CU-0637,Aarav Clark,Consumer,United States,Florida,South,Furniture,Furnishings,272.19,5,0.1,7.09
1734,US-2024-00717,09/19/2024,09/24/2024,Standard Class,CU-0637,Aarav Clark,Consumer,United States,Florida,South,Furniture,Bookcases,268.19,1,0.0,-6.82
1735,US-2025-00718,04/11/2025,04/15/2025,Second Class,CU-0128,Zoe Clark,Consumer,United States,Texas,Central,Office Supplies,Art,56.94,6,0.4,0.5
1736,US-2025-00718,04/11/2025,04/14/2025,Second Class,CU-0128,Zoe Clark,Consumer,United States,Texas,Central,Technology,Machines,281.38,1,0.5,-81.81
1737,US-2025-00718,04/11/2025,04/15/2025,Second Class,CU-0128,Zoe Clark,Consumer,United States,Texas,Central,Office Supplies,Art,127.83,7,0.0,23.34
1738,US-2025-00718,04/11/2025,04/15/2025,Second Class,CU-0128,Zoe Clark,Consumer,United States,Texas,Central,Technology,Copiers,662.21,1,0.1,176.58
1739,US-2023-00719,01/04/2023,01/09/2023,Standard Class,CU-0361,Zoe Clark,Home Office,United States,Illinois,Central,Furniture,Tables,2939.14,6,0.0,-266.86
1740,US-2023-00719,01/04/2023,01/09/2023,Standard Class,CU-0361,Zoe Clark,Home Office,United States,Illinois,Central,Office Supplies,Paper,49.52,3,0.0,19.07
1741,US-2025-00720,02/25/2025,03/03/2025,Standard Class,CU-0600,John Garcia,Corporate,United States,Pennsylvania,East,Office Supplies,Labels,92.17,6,0.0,34.09
1742,US-2025-00720,02/25/2025,03/02/2025,Standard Class,CU-0600,John Garcia,Corporate,United States,Pennsylvania,East,Technology,Accessories,36.46,1,0.2,4.08
1743,US-2025-00720,02/25/2025,03/03/2025,Standard Class,CU-0600,John Garcia,Corporate,United States,Pennsylvania,East,Technology,Phones,1412.6,5,0.1,141.06
1744,US-2023-00721,02/28/2023,03/06/2023,Standard Class,CU-0478,John Patel,Corporate,United States,Florida,South,Technology,Accessories,108.71,3,0.4,4.93
1745,US-2023-00721,02/28/2023,03/05/2023,Standard Class,CU-0478,John Patel,Corporate,United States,Florida,South,Office Supplies,Labels,10.09,1,0.0,4.19
1746,US-2023-00721,02/28/2023,03/06/2023,Standard Class,CU-0478,John Patel,Corporate,United States,Florida,South,Technology,Phones,1105.71,5,0.4,-135.21
1747,US-2024-00722,06/29/2024,07/02/2024,Second Class,CU-0329,Olivia Miller,Corporate,United States,Illinois,Central,Technology,Accessories,26.49,1,0.5,-2.37
1748,US-2022-00723,12/07/2022,12/13/2022,Standard Class,CU-0008,Liam Patel,Home Office,United States,Michigan,Central,Technology,Phones,557.63,3,0.3,-31.81
1749,US-2022-00724,01/24/2022,01/30/2022,Standard Class,CU-0330,Sara Brown,Home Office,United States,Florida,South,Technology,Copiers,6010.12,7,0.1,1225.45
1750,US-2022-00724,01/24/2022,01/29/2022,Standard Class,CU-0330,Sara Brown,Home Office,United States,Florida,South,Technology,Phones,845.22,3,0.1,67.83
1751,US-2022-00724,01/24/2022,01/30/2022,Standard Class,CU-0330,Sara Brown,Home Office,United States,Florida,South,Technology,Accessories,363.66,7,0.2,28.49
1752,US-2023-00725,01/23/2023,01/29/2023,Standard Class,CU-0478,John Patel,Corporate,United States,Pennsylvania,East,Office Supplies,Paper,19.53,1,0.1,7.12
1753,US-2023-00725,01/23/2023,01/29/2023,Standard Class,CU-0478,John Patel,Corporate,United States,Pennsylvania,East,Technology,Copiers,1124.32,1,0.0,365.05
1754,US-2023-00725,01/23/2023,01/28/2023,Standard Class,CU-0478,John Patel,Corporate,United States,Pennsylvania,East,Furniture,Bookcases,1138.05,4,0.2,-110.03
1755,US-2023-00725,01/23/2023,01/28/2023,Standard Class,CU-0478,John Patel,Corporate,United States,Pennsylvania,East,Furniture,Furnishings,307.0,6,0.0,58.11
1756,US-2024-00726,08/06/2024,08/08/2024,First Class,CU-0553,Ethan Wilson,Home Office,United States,Michigan,Central,Furniture,Tables,1027.71,3,0.3,-211.0
1757,US-2024-00726,08/06/2024,08/08/2024,First Class,CU-0553,Ethan Wilson,Home Office,United States,Michigan,Central,Technology,Copiers,2628.73,3,0.0,868.67
1758,US-2024-00726,08/06/2024,08/08/2024,First Class,CU-0553,Ethan Wilson,Home Office,United States,Michigan,Central,Furniture,Chairs,952.19,7,0.5,-117.83
1759,US-2024-00727,07/23/2024,07/24/2024,Same Day,CU-0302,Ethan Garcia,Home Office,United States,Texas,Central,Technology,Machines,1836.65,5,0.4,-228.87
1760,US-2024-00727,07/23/2024,07/24/2024,Same Day,CU-0302,Ethan Garcia,Home Office,United States,Texas,Central,Office Supplies,Binders,98.63,5,0.1,9.49
1761,US-2024-00728,12/06/2024,12/09/2024,First Class,CU-0113,Zoe Lee,Consumer,United States,Ohio,East,Furniture,Furnishings,57.68,2,0.5,-8.28
1762,US-2024-00728,12/06/2024,12/09/2024,First Class,CU-0113,Zoe Lee,Consumer,United States,Ohio,East,Furniture,Bookcases,818.57,3,0.0,36.88
1763,US-2024-00728,12/06/2024,12/09/2024,First Class,CU-0113,Zoe Lee,Consumer,United States,Ohio,East,Furniture,Tables,3308.99,7,0.0,-286.2
1764,US-2025-00729,06/17/2025,06/22/2025,Standard Class,CU-0116,Sara Clark,Home Office,United States,Georgia,South,Technology,Phones,1465.46,6,0.1,268.87
1765,US-2025-00729,06/17/2025,06/22/2025,Standard Class,CU-0116,Sara Clark,Home Office,United States,Georgia,South,Technology,Machines,1260.46,5,0.5,-303.63
1766,US-2025-00729,06/17/2025,06/23/2025,Standard Class,CU-0116,Sara Clark,Home Office,United States,Georgia,South,Office Supplies,Storage,624.73,6,0.0,90.27
1767,US-2025-00729,06/17/2025,06/22/2025,Standard Class,CU-0116,Sara Clark,Home Office,United States,Georgia,South,Furniture,Furnishings,108.93,2,0.3,4.89
1768,US-2023-00730,05/03/2023,05/08/2023,Standard Class,CU-0447,Priya Garcia,Corporate,United States,Washington,West,Furniture,Bookcases,318.41,1,0.0,11.47
1769,US-2023-00730,05/03/2023,05/09/2023,Standard Class,CU-0447,Priya Garcia,Corporate,United States,Washington,West,Furniture,Furnishings,366.41,7,0.0,51.09
1770,US-2023-00731,02/23/2023,02/28/2023,Standard Class,CU-0415,Zoe Garcia,Home Office,United States,Oregon,West,Office Supplies,Storage,61.4,1,0.4,-8.93
1771,US-2023-00731,02/23/2023,03/01/2023,Standard Class,CU-0415,Zoe Garcia,Home Office,United States,Oregon,West,Furniture,Furnishings,403.23,7,0.0,38.76
1772,US-2023-00731,02/23/2023,03/01/2023,Standard Class,CU-0415,Zoe Garcia,Home Office,United States,Oregon,West,Furniture,Bookcases,1645.6,6,0.0,-61.47
1773,US-2023-00731,02/23/2023,03/01/2023,Standard Class,CU-0415,Zoe Garcia,Home Office,United States,Oregon,West,Office Supplies,Binders,173.24,6,0.0,30.02
1774,US-2023-00732,07/05/2023,07/11/2023,Standard Class,CU-0510,Maya Smith,Home Office,United States,Texas,Central,Office Supplies,Binders,111.34,5,0.0,32.83
1775,US-2023-00733,05/12/2023,05/17/2023,Standard Class,CU-0238,Noah Davis,Home Office,United States,Ohio,East,Office Supplies,Labels,31.15,4,0.4,4.35
1776,US-2023-00733,05/12/2023,05/18/2023,Standard Class,CU-0238,Noah Davis,Home Office,United States,Ohio,East,Technology,Accessories,281.88,5,0.0,50.93
1777,US-2023-00733,05/12/2023,05/17/2023,Standard Class,CU-0238,Noah Davis,Home Office,United States,Ohio,East,Technology,Phones,513.36,3,0.4,-24.06
1778,US-2025-00734,01/13/2025,01/16/2025,First Class,CU-0459,Ethan Clark,Home Office,United States,Virginia,South,Office Supplies,Storage,459.34,5,0.0,38.44
1779,US-2025-00734,01/13/2025,01/15/2025,First Class,CU-0459,Ethan Clark,Home Office,United States,Virginia,South,Office Supplies,Art,48.16,4,0.0,9.48
1780,US-2025-00735,10/12/2025,10/17/2025,Standard Class,CU-0178,Maya Patel,Consumer,United States,Michigan,Central,Technology,Accessories,215.94,7,0.5,5.4
1781,US-2025-00735,10/12/2025,10/18/2025,Standard Class,CU-0178,Maya Patel,Consumer,United States,Michigan,Central,Technology,Machines,934.34,2,0.0,53.9
1782,US-2024-00736,09/11/2024,09/17/2024,Standard Class,CU-0142,Noah Garcia,Consumer,United States,Oregon,West,Furniture,Chairs,458.62,3,0.5,-92.04
1783,US-2024-00736,09/11/2024,09/17/2024,Standard Class,CU-0142,Noah Garcia,Consumer,United States,Oregon,West,Office Supplies,Labels,91.21,7,0.1,29.59
1784,US-2024-00736,09/11/2024,09/16/2024,Standard Class,CU-0142,Noah Garcia,Consumer,United States,Oregon,West,Furniture,Furnishings,144.33,4,0.3,-3.09
1785,US-2024-00737,05/25/2024,05/28/2024,Second Class,CU-0056,Priya Lee,Consumer,United States,Pennsylvania,East,Office Supplies,Labels,8.14,1,0.2,2.72
1786,US-2025-00738,05/28/2025,06/01/2025,Second Class,CU-0609,Priya Clark,Consumer,United States,Florida,South,Office Supplies,Storage,533.81,7,0.0,26.76
1787,US-2022-00739,12/20/2022,12/25/2022,Standard Class,CU-0216,Sara Garcia,Corporate,United States,New York,East,Office Supplies,Labels,69.01,5,0.0,31.6
1788,US-2022-00739,12/20/2022,12/25/2022,Standard Class,CU-0216,Sara Garcia,Corporate,United States,New York,East,Technology,Accessories,256.44,4,0.0,49.8
1789,US-2022-00739,12/20/2022,12/26/2022,Standard Class,CU-0216,Sara Garcia,Corporate,United States,New York,East,Technology,Machines,1735.01,3,0.0,11.91
1790,US-2025-00740,04/20/2025,04/25/2025,Standard Class,CU-0696,Olivia Davis,Corporate,United States,New York,East,Technology,Machines,1051.61,3,0.2,-77.68
1791,US-2022-00741,01/09/2022,01/13/2022,Second Class,CU-0602,Sara Patel,Consumer,United States,California,West,Office Supplies,Storage,510.99,5,0.0,22.8
1792,US-2022-00741,01/09/2022,01/12/2022,Second Class,CU-0602,Sara Patel,Consumer,United States,California,West,Furniture,Tables,2355.72,6,0.1,-217.42
1793,US-2022-00741,01/09/2022,01/12/2022,Second Class,CU-0602,Sara Patel,Consumer,United States,California,West,Furniture,Furnishings,121.7,2,0.2,11.1
1794,US-2022-00741,01/09/2022,01/12/2022,Second Class,CU-0602,Sara Patel,Consumer,United States,California,West,Furniture,Furnishings,241.78,5,0.0,36.02
1795,US-2024-00742,01/10/2024,01/15/2024,Standard Class,CU-0311,Noah Miller,Consumer,United States,Ohio,East,Office Supplies,Binders,100.1,5,0.0,25.97
1796,US-2024-00742,01/10/2024,01/16/2024,Standard Class,CU-0311,Noah Miller,Consumer,United States,Ohio,East,Technology,Machines,266.26,1,0.5,-72.22
1797,US-2024-00742,01/10/2024,01/15/2024,Standard Class,CU-0311,Noah Miller,Consumer,United States,Ohio,East,Office Supplies,Art,8.44,1,0.3,0.34
1798,US-2025-00743,02/02/2025,02/05/2025,Second Class,CU-0106,Olivia Davis,Home Office,United States,Washington,West,Technology,Copiers,559.42,1,0.3,133.84
1799,US-2025-00743,02/02/2025,02/05/2025,Second Class,CU-0106,Olivia Davis,Home Office,United States,Washington,West,Office Supplies,Binders,59.62,3,0.1,10.16
1800,US-2025-00743,02/02/2025,02/05/2025,Second Class,CU-0106,Olivia Davis,Home Office,United States,Washington,West,Technology,Accessories,282.08,7,0.3,32.16
1801,US-2024-00744,09/10/2024,09/15/2024,Standard Class,CU-0497,Maya Khan,Consumer,United States,Texas,Central,Technology,Machines,4038.72,7,0.1,102.88
1802,US-2024-00744,09/10/2024,09/16/2024,Standard Class,CU-0497,Maya Khan,Consumer,United States,Texas,Central,Technology,Phones,1394.61,4,0.0,246.84
1803,US-2024-00744,09/10/2024,09/15/2024,Standard Class,CU-0497,Maya Khan,Consumer,United States,Texas,Central,Technology,Phones,184.8,1,0.4,0.54
1804,US-2025-00745,02/19/2025,02/24/2025,Standard Class,CU-0278,John Garcia,Consumer,United States,Texas,Central,Technology,Accessories,311.8,7,0.0,71.59
1805,US-2025-00745,02/19/2025,02/24/2025,Standard Class,CU-0278,John Garcia,Consumer,United States,Texas,Central,Furniture,Furnishings,130.81,2,0.0,18.05
1806,US-2025-00745,02/19/2025,02/25/2025,Standard Class,CU-0278,John Garcia,Consumer,United States,Texas,Central,Office Supplies,Labels,44.63,7,0.5,6.0
1807,US-2022-00746,01/24/2022,01/27/2022,Second Class,CU-0423,Aarav Lee,Home Office,United States,Florida,South,Office Supplies,Storage,332.57,4,0.1,10.25
1808,US-2022-00746,01/24/2022,01/27/2022,Second Class,CU-0423,Aarav Lee,Home Office,United States,Florida,South,Office Supplies,Paper,19.9,2,0.4,3.58
1809,US-2022-00746,01/24/2022,01/28/2022,Second Class,CU-0423,Aarav Lee,Home Office,United States,Florida,South,Furniture,Tables,996.97,2,0.0,7.61
1810,US-2022-00746,01/24/2022,01/28/2022,Second Class,CU-0423,Aarav Lee,Home Office,United States,Florida,South,Furniture,Tables,1064.2,4,0.4,-245.33
1811,US-2025-00747,12/04/2025,12/07/2025,First Class,CU-0697,Sara Smith,Home Office,United States,Oregon,West,Office Supplies,Art,51.23,5,0.3,6.9
1812,US-2025-00747,12/04/2025,12/06/2025,First Class,CU-0697,Sara Smith,Home Office,United States,Oregon,West,Technology,Phones,393.29,2,0.2,34.92
1813,US-2025-00747,12/04/2025,12/07/2025,First Class,CU-0697,Sara Smith,Home Office,United States,Oregon,West,Furniture,Bookcases,593.06,4,0.5,-171.12
1814,US-2022-00748,09/22/2022,09/27/2022,Standard Class,CU-0034,Maya Wilson,Consumer,United States,Illinois,Central,Technology,Accessories,191.2,5,0.4,2.9
1815,US-2022-00748,09/22/2022,09/27/2022,Standard Class,CU-0034,Maya Wilson,Consumer,United States,Illinois,Central,Technology,Machines,512.26,2,0.4,-94.63
1816,US-2022-00748,09/22/2022,09/28/2022,Standard Class,CU-0034,Maya Wilson,Consumer,United States,Illinois,Central,Office Supplies,Binders,43.98,2,0.2,3.89
1817,US-2022-00748,09/22/2022,09/28/2022,Standard Class,CU-0034,Maya Wilson,Consumer,United States,Illinois,Central,Technology,Phones,1456.96,5,0.0,211.86
1818,US-2025-00749,10/21/2025,10/27/2025,Standard Class,CU-0358,John Davis,Corporate,United States,Oregon,West,Furniture,Tables,1051.96,4,0.3,-355.92
1819,US-2025-00749,10/21/2025,10/27/2025,Standard Class,CU-0358,John Davis,Corporate,United States,Oregon,West,Technology,Phones,993.02,3,0.0,206.69
1820,US-2023-00750,05/15/2023,05/16/2023,Same Day,CU-0645,Ethan Clark,Consumer,United States,California,West,Technology,Copiers,3673.48,6,0.4,326.06
1821,US-2023-00750,05/15/2023,05/16/2023,Same Day,CU-0645,Ethan Clark,Consumer,United States,California,West,Office Supplies,Art,84.48,7,0.3,7.29
1822,US-2023-00750,05/15/2023,05/16/2023,Same Day,CU-0645,Ethan Clark,Consumer,United States,California,West,Furniture,Furnishings,161.37,3,0.1,19.53
1823,US-2022-00751,04/26/2022,05/02/2022,Standard Class,CU-0584,Ravi Clark,Home Office,United States,Ohio,East,Furniture,Tables,2238.35,5,0.1,-310.26
1824,US-2022-00751,04/26/2022,05/02/2022,Standard Class,CU-0584,Ravi Clark,Home Office,United States,Ohio,East,Technology,Machines,2057.16,6,0.3,-352.84
1825,US-2022-00751,04/26/2022,05/01/2022,Standard Class,CU-0584,Ravi Clark,Home Office,United States,Ohio,East,Office Supplies,Paper,36.92,2,0.0,14.95
1826,US-2023-00752,07/06/2023,07/11/2023,Standard Class,CU-0100,Emma Brown,Consumer,United States,Georgia,South,Office Supplies,Art,91.94,6,0.0,22.36
1827,US-2023-00752,07/06/2023,07/11/2023,Standard Class,CU-0100,Emma Brown,Consumer,United States,Georgia,South,Office Supplies,Art,15.55,2,0.4,-0.19
1828,US-2023-00752,07/06/2023,07/11/2023,Standard Class,CU-0100,Emma Brown,Consumer,United States,Georgia,South,Office Supplies,Paper,28.25,2,0.4,5.17
1829,US-2023-00753,08/20/2023,08/25/2023,Standard Class,CU-0077,Noah Patel,Corporate,United States,Virginia,South,Office Supplies,Binders,62.34,3,0.3,5.44
1830,US-2023-00753,08/20/2023,08/26/2023,Standard Class,CU-0077,Noah Patel,Corporate,United States,Virginia,South,Furniture,Tables,2385.39,7,0.0,-285.9
1831,US-2023-00753,08/20/2023,08/26/2023,Standard Class,CU-0077,Noah Patel,Corporate,United States,Virginia,South,Office Supplies,Art,26.1,2,0.3,1.44
1832,US-2023-00753,08/20/2023,08/25/2023,Standard Class,CU-0077,Noah Patel,Corporate,United States,Virginia,South,Office Supplies,Storage,323.28,4,0.0,40.8
1833,US-2022-00754,06/08/2022,06/11/2022,Second Class,CU-0353,Emma Davis,Corporate,United States,Washington,West,Technology,Machines,1114.11,4,0.4,-82.11
1834,US-2022-00754,06/08/2022,06/11/2022,Second Class,CU-0353,Emma Davis,Corporate,United States,Washington,West,Furniture,Tables,995.79,6,0.5,-258.27
1835,US-2022-00754,06/08/2022,06/11/2022,Second Class,CU-0353,Emma Davis,Corporate,United States,Washington,West,Office Supplies,Art,79.43,5,0.0,18.25
1836,US-2022-00754,06/08/2022,06/11/2022,Second Class,CU-0353,Emma Davis,Corporate,United States,Washington,West,Technology,Accessories,74.21,2,0.2,9.22
1837,US-2022-00755,05/01/2022,05/01/2022,Same Day,CU-0535,Priya Lee,Consumer,United States,Washington,West,Furniture,Furnishings,278.95,7,0.2,29.4
1838,US-2022-00755,05/01/2022,05/02/2022,Same Day,CU-0535,Priya Lee,Consumer,United States,Washington,West,Furniture,Furnishings,241.38,4,0.2,30.37
1839,US-2023-00756,02/09/2023,02/15/2023,Standard Class,CU-0245,Zoe Davis,Consumer,United States,Pennsylvania,East,Office Supplies,Art,49.8,6,0.5,-5.09
1840,US-2023-00756,02/09/2023,02/15/2023,Standard Class,CU-0245,Zoe Davis,Consumer,United States,Pennsylvania,East,Office Supplies,Labels,38.77,4,0.1,13.64
1841,US-2022-00757,07/19/2022,07/22/2022,First Class,CU-0108,Maya Miller,Home Office,United States,New York,East,Office Supplies,Paper,46.45,4,0.5,8.35
1842,US-2022-00757,07/19/2022,07/21/2022,First Class,CU-0108,Maya Miller,Home Office,United States,New York,East,Technology,Machines,1892.13,3,0.0,-36.77
1843,US-2024-00758,10/21/2024,10/26/2024,Standard Class,CU-0305,Liam Clark,Corporate,United States,Michigan,Central,Office Supplies,Art,78.92,5,0.0,23.89
1844,US-2024-00758,10/21/2024,10/26/2024,Standard Class,CU-0305,Liam Clark,Corporate,United States,Michigan,Central,Office Supplies,Labels,90.63,7,0.0,38.65
1845,US-2025-00759,11/06/2025,11/11/2025,Standard Class,CU-0273,Aarav Patel,Corporate,United States,Pennsylvania,East,Technology,Phones,1795.68,5,0.0,227.91
1846,US-2024-00760,03/31/2024,04/05/2024,Standard Class,CU-0118,Aarav Brown,Corporate,United States,Michigan,Central,Office Supplies,Labels,42.19,5,0.2,11.57
1847,US-2024-00760,03/31/2024,04/05/2024,Standard Class,CU-0118,Aarav Brown,Corporate,United States,Michigan,Central,Furniture,Bookcases,1751.58,5,0.1,50.52
1848,US-2024-00760,03/31/2024,04/06/2024,Standard Class,CU-0118,Aarav Brown,Corporate,United States,Michigan,Central,Furniture,Bookcases,1125.88,3,0.0,-38.4
1849,US-2024-00760,03/31/2024,04/06/2024,Standard Class,CU-0118,Aarav Brown,Corporate,United States,Michigan,Central,Furniture,Bookcases,447.51,2,0.4,-89.29
1850,US-2022-00761,08/11/2022,08/16/2022,Standard Class,CU-0078,Ethan Smith,Home Office,United States,Oregon,West,Technology,Phones,511.05,2,0.1,120.84
1851,US-2022-00761,08/11/2022,08/17/2022,Standard Class,CU-0078,Ethan Smith,Home Office,United States,Oregon,West,Office Supplies,Art,38.6,3,0.0,7.41
1852,US-2022-00761,08/11/2022,08/16/2022,Standard Class,CU-0078,Ethan Smith,Home Office,United States,Oregon,West,Technology,Phones,1912.56,7,0.1,45.53
1853,US-2024-00762,06/07/2024,06/13/2024,Standard Class,CU-0689,Olivia Khan,Home Office,United States,Texas,Central,Furniture,Tables,1746.74,6,0.1,-194.41
1854,US-2024-00762,06/07/2024,06/12/2024,Standard Class,CU-0689,Olivia Khan,Home Office,United States,Texas,Central,Technology,Accessories,55.79,2,0.5,-1.7
1855,US-2024-00762,06/07/2024,06/13/2024,Standard Class,CU-0689,Olivia Khan,Home Office,United States,Texas,Central,Furniture,Bookcases,1253.66,5,0.0,7.16
1856,US-2024-00763,11/10/2024,11/11/2024,Same Day,CU-0206,Olivia Brown,Consumer,United States,Oregon,West,Furniture,Furnishings,79.79,2,0.3,-5.62
1857,US-2024-00763,11/10/2024,11/10/2024,Same Day,CU-0206,Olivia Brown,Consumer,United States,Oregon,West,Technology,Phones,959.28,4,0.1,58.54
1858,US-2024-00763,11/10/2024,11/10/2024,Same Day,CU-0206,Olivia Brown,Consumer,United States,Oregon,West,Furniture,Furnishings,343.39,6,0.1,32.77
1859,US-2024-00763,11/10/2024,11/11/2024,Same Day,CU-0206,Olivia Brown,Consumer,United States,Oregon,West,Technology,Copiers,4286.36,6,0.2,665.86
1860,US-2022-00764,03/20/2022,03/26/2022,Standard Class,CU-0107,Zoe Davis,Consumer,United States,Georgia,South,Office Supplies,Art,80.87,6,0.0,21.22
1861,US-2023-00765,10/15/2023,10/21/2023,Standard Class,CU-0629,Olivia Patel,Corporate,United States,Oregon,West,Technology,Copiers,1100.34,1,0.0,300.44
1862,US-2023-00765,10/15/2023,10/21/2023,Standard Class,CU-0629,Olivia Patel,Corporate,United States,Oregon,West,Furniture,Furnishings,34.07,1,0.3,-0.85
1863,US-2023-00765,10/15/2023,10/20/2023,Standard Class,CU-0629,Olivia Patel,Corporate,United States,Oregon,West,Technology,Phones,252.17,1,0.0,51.51
1864,US-2024-00766,07/05/2024,07/11/2024,Standard Class,CU-0194,Maya Smith,Home Office,United States,Pennsylvania,East,Technology,Phones,969.72,3,0.0,202.37
1865,US-2024-00766,07/05/2024,07/10/2024,Standard Class,CU-0194,Maya Smith,Home Office,United States,Pennsylvania,East,Office Supplies,Storage,671.98,6,0.0,69.54
1866,US-2024-00766,07/05/2024,07/11/2024,Standard Class,CU-0194,Maya Smith,Home Office,United States,Pennsylvania,East,Furniture,Chairs,1897.79,6,0.0,410.51
1867,US-2024-00766,07/05/2024,07/10/2024,Standard Class,CU-0194,Maya Smith,Home Office,United States,Pennsylvania,East,Technology,Accessories,161.25,4,0.0,37.59
1868,US-2022-00767,06/19/2022,06/25/2022,Standard Class,CU-0341,Aarav Smith,Home Office,United States,Texas,Central,Technology,Accessories,92.45,2,0.0,24.24
1869,US-2023-00768,01/10/2023,01/12/2023,First Class,CU-0396,Sara Patel,Corporate,United States,Illinois,Central,Furniture,Furnishings,133.69,4,0.5,-14.92
1870,US-2023-00768,01/10/2023,01/12/2023,First Class,CU-0396,Sara Patel,Corporate,United States,Illinois,Central,Office Supplies,Binders,65.05,3,0.1,9.84
1871,US-2023-00768,01/10/2023,01/12/2023,First Class,CU-0396,Sara Patel,Corporate,United States,Illinois,Central,Technology,Machines,289.69,1,0.3,-29.17
1872,US-2023-00768,01/10/2023,01/12/2023,First Class,CU-0396,Sara Patel,Corporate,United States,Illinois,Central,Office Supplies,Binders,22.82,1,0.1,1.77
1873,US-2025-00769,04/06/2025,04/11/2025,Standard Class,CU-0484,Maya Brown,Consumer,United States,Ohio,East,Technology,Phones,1199.78,6,0.2,42.16
1874,US-2024-00770,11/19/2024,11/22/2024,Second Class,CU-0357,Liam Smith,Home Office,United States,Ohio,East,Office Supplies,Art,65.13,7,0.3,7.27
1875,US-2025-00771,03/16/2025,03/21/2025,Standard Class,CU-0632,Ravi Patel,Home Office,United States,Ohio,East,Technology,Phones,1637.2,6,0.2,78.24
1876,US-2025-00771,03/16/2025,03/22/2025,Standard Class,CU-0632,Ravi Patel,Home Office,United States,Ohio,East,Technology,Machines,1476.16,3,0.2,-143.93
1877,US-2025-00771,03/16/2025,03/21/2025,Standard Class,CU-0632,Ravi Patel,Home Office,United States,Ohio,East,Technology,Accessories,161.41,4,0.2,22.76
1878,US-2025-00771,03/16/2025,03/22/2025,Standard Class,CU-0632,Ravi Patel,Home Office,United States,Ohio,East,Technology,Machines,812.33,2,0.0,41.63
1879,US-2024-00772,10/24/2024,10/27/2024,Second Class,CU-0594,Ravi Smith,Corporate,United States,Oregon,West,Technology,Accessories,232.74,5,0.1,56.07
1880,US-2024-00772,10/24/2024,10/27/2024,Second Class,CU-0594,Ravi Smith,Corporate,United States,Oregon,West,Technology,Machines,368.77,1,0.3,-54.59
1881,US-2022-00773,03/18/2022,03/23/2022,Standard Class,CU-0101,Liam Wilson,Consumer,United States,Michigan,Central,Furniture,Chairs,262.75,1,0.1,6.34
1882,US-2022-00773,03/18/2022,03/24/2022,Standard Class,CU-0101,Liam Wilson,Consumer,United States,Michigan,Central,Technology,Copiers,4699.71,7,0.3,1066.24
1883,US-2022-00773,03/18/2022,03/24/2022,Standard Class,CU-0101,Liam Wilson,Consumer,United States,Michigan,Central,Technology,Copiers,4727.87,7,0.2,841.38
1884,US-2022-00773,03/18/2022,03/23/2022,Standard Class,CU-0101,Liam Wilson,Consumer,United States,Michigan,Central,Furniture,Bookcases,177.81,1,0.5,-58.26
1885,US-2024-00774,10/09/2024,10/12/2024,Second Class,CU-0063,Maya Lee,Consumer,United States,Illinois,Central,Furniture,Bookcases,709.22,4,0.5,-168.0
1886,US-2022-00775,10/23/2022,10/29/2022,Standard Class,CU-0316,Maya Clark,Consumer,United States,Washington,West,Technology,Machines,2151.16,6,0.3,-292.49
1887,US-2023-00776,04/12/2023,04/18/2023,Standard Class,CU-0010,Priya Khan,Corporate,United States,Virginia,South,Office Supplies,Labels,37.77,3,0.0,12.81
1888,US-2023-00776,04/12/2023,04/18/2023,Standard Class,CU-0010,Priya Khan,Corporate,United States,Virginia,South,Technology,Machines,1099.7,3,0.4,-171.81
1889,US-2023-00776,04/12/2023,04/18/2023,Standard Class,CU-0010,Priya Khan,Corporate,United States,Virginia,South,Office Supplies,Labels,33.42,3,0.1,13.61
1890,US-2023-00777,06/14/2023,06/19/2023,Standard Class,CU-0596,John Patel,Consumer,United States,Ohio,East,Technology,Phones,1313.06,6,0.2,48.78
1891,US-2024-00778,07/22/2024,07/27/2024,Standard Class,CU-0248,Priya Miller,Consumer,United States,Texas,Central,Furniture,Tables,1896.05,7,0.2,-112.71
1892,US-2024-00778,07/22/2024,07/27/2024,Standard Class,CU-0248,Priya Miller,Consumer,United States,Texas,Central,Office Supplies,Labels,48.88,4,0.2,14.33
1893,US-2024-00779,04/25/2024,05/01/2024,Standard Class,CU-0561,Zoe Smith,Consumer,United States,Illinois,Central,Furniture,Bookcases,1347.77,7,0.3,-199.2
1894,US-2024-00779,04/25/2024,04/30/2024,Standard Class,CU-0561,Zoe Smith,Consumer,United States,Illinois,Central,Furniture,Tables,1331.71,3,0.0,-143.51
1895,US-2025-00780,10/02/2025,10/03/2025,Same Day,CU-0007,Ethan Garcia,Corporate,United States,Oregon,West,Furniture,Chairs,266.42,1,0.0,56.97
1896,US-2025-00780,10/02/2025,10/02/2025,Same Day,CU-0007,Ethan Garcia,Corporate,United States,Oregon,West,Technology,Phones,1590.65,7,0.4,-140.66
1897,US-2025-00780,10/02/2025,10/02/2025,Same Day,CU-0007,Ethan Garcia,Corporate,United States,Oregon,West,Office Supplies,Paper,149.97,6,0.0,56.5
1898,US-2025-00780,10/02/2025,10/02/2025,Same Day,CU-0007,Ethan Garcia,Corporate,United States,Oregon,West,Furniture,Bookcases,536.93,2,0.0,-32.32
1899,US-2023-00781,03/17/2023,03/21/2023,Second Class,CU-0546,Noah Patel,Corporate,United States,Texas,Central,Office Supplies,Binders,144.23,6,0.0,32.37
1900,US-2023-00782,06/19/2023,06/23/2023,Second Class,CU-0132,Olivia Davis,Home Office,United States,Pennsylvania,East,Technology,Copiers,2860.26,3,0.0,1080.48
1901,US-2023-00782,06/19/2023,06/23/2023,Second Class,CU-0132,Olivia Davis,Home Office,United States,Pennsylvania,East,Office Supplies,Binders,24.7,1,0.0,8.0
1902,US-2023-00782,06/19/2023,06/23/2023,Second Class,CU-0132,Olivia Davis,Home Office,United States,Pennsylvania,East,Office Supplies,Art,89.69,5,0.0,23.7
1903,US-2024-00783,10/19/2024,10/25/2024,Standard Class,CU-0655,Maya Wilson,Home Office,United States,Virginia,South,Furniture,Furnishings,197.25,5,0.4,-9.82
1904,US-2024-00783,10/19/2024,10/25/2024,Standard Class,CU-0655,Maya Wilson,Home Office,United States,Virginia,South,Technology,Machines,446.08,1,0.3,-21.34
1905,US-2024-00783,10/19/2024,10/24/2024,Standard Class,CU-0655,Maya Wilson,Home Office,United States,Virginia,South,Technology,Machines,447.52,1,0.2,-45.54
1906,US-2024-00783,10/19/2024,10/25/2024,Standard Class,CU-0655,Maya Wilson,Home Office,United States,Virginia,South,Office Supplies,Paper,20.83,1,0.0,7.51
1907,US-2022-00784,02/12/2022,02/12/2022,Same Day,CU-0628,Sara Patel,Home Office,United States,Texas,Central,Office Supplies,Storage,50.22,1,0.4,-4.08
1908,US-2022-00784,02/12/2022,02/12/2022,Same Day,CU-0628,Sara Patel,Home Office,United States,Texas,Central,Technology,Machines,1577.95,6,0.5,-372.53
1909,US-2022-00784,02/12/2022,02/12/2022,Same Day,CU-0628,Sara Patel,Home Office,United States,Texas,Central,Technology,Copiers,3262.44,6,0.4,403.37
1910,US-2022-00784,02/12/2022,02/12/2022,Same Day,CU-0628,Sara Patel,Home Office,United States,Texas,Central,Office Supplies,Art,18.72,2,0.4,-0.12
1911,US-2023-00785,11/28/2023,12/04/2023,Standard Class,CU-0425,Zoe Miller,Home Office,United States,Michigan,Central,Furniture,Tables,2474.28,6,0.1,-410.77
1912,US-2023-00785,11/28/2023,12/04/2023,Standard Class,CU-0425,Zoe Miller,Home Office,United States,Michigan,Central,Technology,Machines,2878.76,7,0.1,-185.05
1913,US-2022-00786,07/14/2022,07/19/2022,Standard Class,CU-0065,Olivia Lee,Home Office,United States,Virginia,South,Technology,Phones,1099.36,5,0.4,-106.93
1914,US-2022-00786,07/14/2022,07/20/2022,Standard Class,CU-0065,Olivia Lee,Home Office,United States,Virginia,South,Furniture,Tables,725.2,2,0.0,-111.48
1915,US-2024-00787,10/27/2024,11/02/2024,Standard Class,CU-0152,Aarav Khan,Corporate,United States,Florida,South,Technology,Accessories,162.64,5,0.4,-5.5
1916,US-2024-00787,10/27/2024,11/02/2024,Standard Class,CU-0152,Aarav Khan,Corporate,United States,Florida,South,Office Supplies,Labels,80.86,6,0.0,35.6
1917,US-2024-00788,05/03/2024,05/09/2024,Standard Class,CU-0630,Liam Smith,Corporate,United States,Michigan,Central,Technology,Machines,1815.43,4,0.0,58.42
1918,US-2023-00789,12/13/2023,12/16/2023,First Class,CU-0634,Liam Khan,Corporate,United States,Virginia,South,Furniture,Tables,2787.14,7,0.0,-352.94
1919,US-2023-00789,12/13/2023,12/16/2023,First Class,CU-0634,Liam Khan,Corporate,United States,Virginia,South,Technology,Accessories,41.46,1,0.1,6.45
1920,US-2023-00789,12/13/2023,12/15/2023,First Class,CU-0634,Liam Khan,Corporate,United States,Virginia,South,Office Supplies,Binders,161.3,7,0.2,13.48
1921,US-2024-00790,09/23/2024,09/28/2024,Standard Class,CU-0661,Olivia Miller,Consumer,United States,Oregon,West,Furniture,Bookcases,885.91,4,0.3,-134.63
1922,US-2023-00791,04/23/2023,04/28/2023,Standard Class,CU-0348,Ethan Garcia,Corporate,United States,California,West,Technology,Copiers,5711.93,5,0.0,1851.21
1923,US-2022-00792,08/11/2022,08/14/2022,Second Class,CU-0053,Maya Khan,Corporate,United States,Illinois,Central,Technology,Phones,854.56,4,0.2,34.11
1924,US-2023-00793,11/20/2023,11/25/2023,Standard Class,CU-0474,Emma Clark,Home Office,United States,Pennsylvania,East,Furniture,Bookcases,773.12,3,0.3,-86.61
1925,US-2023-00793,11/20/2023,11/25/2023,Standard Class,CU-0474,Emma Clark,Home Office,United States,Pennsylvania,East,Office Supplies,Binders,26.82,1,0.0,5.8
1926,US-2023-00793,11/20/2023,11/25/2023,Standard Class,CU-0474,Emma Clark,Home Office,United States,Pennsylvania,East,Office Supplies,Labels,32.39,3,0.0,12.36
1927,US-2023-00793,11/20/2023,11/26/2023,Standard Class,CU-0474,Emma Clark,Home Office,United States,Pennsylvania,East,Office Supplies,Binders,66.86,3,0.2,4.49
1928,US-2025-00794,09/20/2025,09/25/2025,Standard Class,CU-0287,Ravi Wilson,Home Office,United States,Florida,South,Office Supplies,Storage,151.39,2,0.1,-7.09
1929,US-2025-00794,09/20/2025,09/26/2025,Standard Class,CU-0287,Ravi Wilson,Home Office,United States,Florida,South,Furniture,Furnishings,234.05,4,0.0,28.23
1930,US-2025-00794,09/20/2025,09/26/2025,Standard Class,CU-0287,Ravi Wilson,Home Office,United States,Florida,South,Office Supplies,Paper,144.47,7,0.0,60.21
1931,US-2025-00795,10/16/2025,10/19/2025,Second Class,CU-0441,Maya Brown,Corporate,United States,California,West,Office Supplies,Art,58.03,3,0.0,19.87
1932,US-2025-00795,10/16/2025,10/19/2025,Second Class,CU-0441,Maya Brown,Corporate,United States,California,West,Technology,Phones,213.43,1,0.2,8.4
1933,US-2024-00796,07/18/2024,07/23/2024,Standard Class,CU-0063,Maya Lee,Consumer,United States,Pennsylvania,East,Office Supplies,Storage,74.68,1,0.3,3.33
1934,US-2025-00797,02/17/2025,02/20/2025,Second Class,CU-0561,Zoe Smith,Consumer,United States,Ohio,East,Technology,Machines,1415.65,4,0.3,-181.24
1935,US-2025-00797,02/17/2025,02/20/2025,Second Class,CU-0561,Zoe Smith,Consumer,United States,Ohio,East,Technology,Machines,2645.19,7,0.4,-611.41
1936,US-2025-00797,02/17/2025,02/20/2025,Second Class,CU-0561,Zoe Smith,Consumer,United States,Ohio,East,Technology,Machines,836.63,3,0.5,-245.08
1937,US-2025-00798,05/23/2025,05/29/2025,Standard Class,CU-0379,Olivia Smith,Home Office,United States,Michigan,Central,Technology,Copiers,3323.49,7,0.4,493.07
1938,US-2023-00799,11/28/2023,12/02/2023,Second Class,CU-0267,Sara Garcia,Consumer,United States,Pennsylvania,East,Technology,Machines,1421.23,3,0.2,-59.46
1939,US-2023-00799,11/28/2023,12/01/2023,Second Class,CU-0267,Sara Garcia,Consumer,United States,Pennsylvania,East,Office Supplies,Storage,202.36,4,0.4,-11.17
1940,US-2023-00799,11/28/2023,12/01/2023,Second Class,CU-0267,Sara Garcia,Consumer,United States,Pennsylvania,East,Technology,Accessories,174.65,6,0.5,-16.77
1941,US-2023-00799,11/28/2023,12/02/2023,Second Class,CU-0267,Sara Garcia,Consumer,United States,Pennsylvania,East,Furniture,Bookcases,845.0,5,0.3,-141.22
1942,US-2022-00800,01/23/2022,01/29/2022,Standard Class,CU-0343,Aarav Brown,Corporate,United States,Illinois,Central,Furniture,Bookcases,423.21,2,0.3,-58.08
1943,US-2022-00800,01/23/2022,01/29/2022,Standard Class,CU-0343,Aarav Brown,Corporate,United States,Illinois,Central,Technology,Accessories,282.29,7,0.1,57.64
1944,US-2022-00800,01/23/2022,01/28/2022,Standard Class,CU-0343,Aarav Brown,Corporate,United States,Illinois,Central,Technology,Accessories,56.63,1,0.0,15.75
1945,US-2022-00801,09/06/2022,09/09/2022,First Class,CU-0140,Maya Brown,Corporate,United States,Oregon,West,Furniture,Chairs,1179.23,7,0.3,-113.76
1946,US-2022-00801,09/06/2022,09/08/2022,First Class,CU-0140,Maya Brown,Corporate,United States,Oregon,West,Furniture,Chairs,511.19,2,0.0,69.57
1947,US-2023-00802,09/01/2023,09/03/2023,First Class,CU-0241,Maya Clark,Home Office,United States,Virginia,South,Office Supplies,Binders,193.11,7,0.0,48.28
1948,US-2023-00802,09/01/2023,09/04/2023,First Class,CU-0241,Maya Clark,Home Office,United States,Virginia,South,Furniture,Chairs,916.58,5,0.2,-93.4
1949,US-2025-00803,07/16/2025,07/21/2025,Standard Class,CU-0222,John Khan,Home Office,United States,Florida,South,Furniture,Chairs,1172.33,4,0.0,94.11
1950,US-2024-00804,12/25/2024,12/31/2024,Standard Class,CU-0449,John Clark,Home Office,United States,California,West,Technology,Phones,950.62,3,0.0,180.69
1951,US-2023-00805,05/04/2023,05/10/2023,Standard Class,CU-0527,Maya Miller,Consumer,United States,Virginia,South,Office Supplies,Storage,558.33,6,0.1,23.4
1952,US-2022-00806,11/09/2022,11/14/2022,Standard Class,CU-0580,Maya Smith,Consumer,United States,California,West,Office Supplies,Paper,40.74,2,0.1,14.95
1953,US-2022-00806,11/09/2022,11/15/2022,Standard Class,CU-0580,Maya Smith,Consumer,United States,California,West,Office Supplies,Storage,473.16,6,0.0,51.34
1954,US-2022-00806,11/09/2022,11/14/2022,Standard Class,CU-0580,Maya Smith,Consumer,United States,California,West,Technology,Accessories,82.48,3,0.4,-1.1
1955,US-2022-00806,11/09/2022,11/14/2022,Standard Class,CU-0580,Maya Smith,Consumer,United States,California,West,Technology,Phones,385.97,1,0.0,69.06
1956,US-2023-00807,09/29/2023,10/05/2023,Standard Class,CU-0652,Emma Clark,Corporate,United States,Texas,Central,Office Supplies,Paper,14.76,1,0.4,3.93
1957,US-2023-00807,09/29/2023,10/05/2023,Standard Class,CU-0652,Emma Clark,Corporate,United States,Texas,Central,Furniture,Chairs,1190.51,7,0.3,-67.98
1958,US-2023-00807,09/29/2023,10/05/2023,Standard Class,CU-0652,Emma Clark,Corporate,United States,Texas,Central,Technology,Phones,1083.38,5,0.2,-0.62
1959,US-2023-00807,09/29/2023,10/04/2023,Standard Class,CU-0652,Emma Clark,Corporate,United States,Texas,Central,Furniture,Bookcases,1049.29,6,0.4,-269.31
1960,US-2023-00808,01/02/2023,01/07/2023,Standard Class,CU-0639,Sara Khan,Consumer,United States,California,West,Furniture,Tables,3357.1,7,0.0,-176.1
1961,US-2023-00808,01/02/2023,01/08/2023,Standard Class,CU-0639,Sara Khan,Consumer,United States,California,West,Office Supplies,Paper,48.13,4,0.4,10.43
1962,US-2023-00808,01/02/2023,01/07/2023,Standard Class,CU-0639,Sara Khan,Consumer,United States,California,West,Office Supplies,Labels,59.27,6,0.2,19.48
1963,US-2024-00809,07/13/2024,07/18/2024,Standard Class,CU-0229,John Wilson,Corporate,United States,Pennsylvania,East,Office Supplies,Binders,57.39,2,0.0,13.89
1964,US-2024-00809,07/13/2024,07/19/2024,Standard Class,CU-0229,John Wilson,Corporate,United States,Pennsylvania,East,Technology,Phones,868.73,3,0.0,78.09
1965,US-2024-00809,07/13/2024,07/19/2024,Standard Class,CU-0229,John Wilson,Corporate,United States,Pennsylvania,East,Technology,Copiers,735.6,1,0.3,133.53
1966,US-2025-00810,12/20/2025,12/24/2025,Second Class,CU-0420,Noah Khan,Home Office,United States,Illinois,Central,Technology,Copiers,5047.54,6,0.0,1676.34
1967,US-2025-00810,12/20/2025,12/24/2025,Second Class,CU-0420,Noah Khan,Home Office,United States,Illinois,Central,Furniture,Tables,2243.68,7,0.0,-173.05
1968,US-2025-00810,12/20/2025,12/24/2025,Second Class,CU-0420,Noah Khan,Home Office,United States,Illinois,Central,Technology,Phones,323.78,1,0.0,38.4
1969,US-2025-00810,12/20/2025,12/23/2025,Second Class,CU-0420,Noah Khan,Home Office,United States,Illinois,Central,Furniture,Bookcases,1277.27,5,0.0,34.87
1970,US-2022-00811,11/11/2022,11/14/2022,First Class,CU-0207,Aarav Patel,Corporate,United States,Florida,South,Technology,Accessories,40.55,1,0.3,4.55
1971,US-2022-00811,11/11/2022,11/14/2022,First Class,CU-0207,Aarav Patel,Corporate,United States,Florida,South,Furniture,Furnishings,59.12,2,0.5,-10.68
1972,US-2022-00811,11/11/2022,11/14/2022,First Class,CU-0207,Aarav Patel,Corporate,United States,Florida,South,Technology,Accessories,159.75,3,0.0,35.68
1973,US-2022-00811,11/11/2022,11/14/2022,First Class,CU-0207,Aarav Patel,Corporate,United States,Florida,South,Furniture,Bookcases,846.35,5,0.5,-156.24
1974,US-2025-00812,10/25/2025,10/30/2025,Standard Class,CU-0113,Zoe Lee,Consumer,United States,Ohio,East,Office Supplies,Art,49.48,4,0.0,13.61
1975,US-2025-00812,10/25/2025,10/30/2025,Standard Class,CU-0113,Zoe Lee,Consumer,United States,Ohio,East,Office Supplies,Binders,158.38,5,0.0,34.66
1976,US-2025-00813,12/25/2025,12/27/2025,First Class,CU-0657,Ethan Patel,Home Office,United States,Texas,Central,Technology,Phones,854.16,4,0.2,2.69
1977,US-2025-00813,12/25/2025,12/28/2025,First Class,CU-0657,Ethan Patel,Home Office,United States,Texas,Central,Technology,Copiers,698.58,1,0.3,168.45
1978,US-2025-00814,12/16/2025,12/19/2025,First Class,CU-0103,Sara Khan,Consumer,United States,California,West,Office Supplies,Paper,10.06,1,0.4,2.24
1979,US-2025-00814,12/16/2025,12/18/2025,First Class,CU-0103,Sara Khan,Consumer,United States,California,West,Furniture,Bookcases,2231.88,6,0.0,11.65
1980,US-2024-00815,06/15/2024,06/19/2024,Second Class,CU-0461,Zoe Brown,Corporate,United States,Florida,South,Office Supplies,Binders,44.3,4,0.5,-5.1
1981,US-2024-00815,06/15/2024,06/18/2024,Second Class,CU-0461,Zoe Brown,Corporate,United States,Florida,South,Furniture,Furnishings,317.93,6,0.1,38.96
1982,US-2022-00816,10/26/2022,11/01/2022,Standard Class,CU-0126,Maya Davis,Home Office,United States,Illinois,Central,Furniture,Tables,1726.8,5,0.1,-286.24
1983,US-2022-00816,10/26/2022,11/01/2022,Standard Class,CU-0126,Maya Davis,Home Office,United States,Illinois,Central,Furniture,Furnishings,173.01,3,0.0,23.18
1984,US-2023-00817,10/24/2023,10/29/2023,Standard Class,CU-0534,Ravi Lee,Home Office,United States,Illinois,Central,Furniture,Chairs,1334.9,6,0.2,-25.25
1985,US-2023-00817,10/24/2023,10/29/2023,Standard Class,CU-0534,Ravi Lee,Home Office,United States,Illinois,Central,Office Supplies,Binders,146.25,6,0.0,21.65
1986,US-2023-00817,10/24/2023,10/29/2023,Standard Class,CU-0534,Ravi Lee,Home Office,United States,Illinois,Central,Office Supplies,Art,114.94,6,0.0,29.76
1987,US-2023-00817,10/24/2023,10/29/2023,Standard Class,CU-0534,Ravi Lee,Home Office,United States,Illinois,Central,Technology,Copiers,3443.5,5,0.2,843.55
1988,US-2022-00818,10/26/2022,10/29/2022,First Class,CU-0201,Olivia Davis,Home Office,United States,Florida,South,Furniture,Chairs,1472.66,7,0.2,-65.96
1989,US-2022-00818,10/26/2022,10/28/2022,First Class,CU-0201,Olivia Davis,Home Office,United States,Florida,South,Office Supplies,Art,8.09,1,0.5,-0.52
1990,US-2022-00818,10/26/2022,10/29/2022,First Class,CU-0201,Olivia Davis,Home Office,United States,Florida,South,Furniture,Bookcases,891.43,7,0.5,-202.69
1991,US-2025-00819,11/18/2025,11/24/2025,Standard Class,CU-0054,Priya Clark,Corporate,United States,Illinois,Central,Office Supplies,Paper,93.69,4,0.0,39.28
1992,US-2025-00819,11/18/2025,11/23/2025,Standard Class,CU-0054,Priya Clark,Corporate,United States,Illinois,Central,Office Supplies,Paper,46.15,4,0.4,3.8
1993,US-2024-00820,09/15/2024,09/17/2024,First Class,CU-0042,Emma Wilson,Corporate,United States,New York,East,Furniture,Bookcases,1245.1,4,0.0,47.01
1994,US-2024-00820,09/15/2024,09/17/2024,First Class,CU-0042,Emma Wilson,Corporate,United States,New York,East,Furniture,Tables,2147.97,6,0.1,-412.35
1995,US-2024-00820,09/15/2024,09/17/2024,First Class,CU-0042,Emma Wilson,Corporate,United States,New York,East,Technology,Copiers,6793.98,6,0.0,2299.77
1996,US-2023-00821,08/17/2023,08/23/2023,Standard Class,CU-0576,Priya Clark,Corporate,United States,Virginia,South,Technology,Copiers,1291.61,2,0.4,267.63
1997,US-2023-00821,08/17/2023,08/22/2023,Standard Class,CU-0576,Priya Clark,Corporate,United States,Virginia,South,Technology,Machines,2251.81,5,0.0,-46.36
1998,US-2023-00821,08/17/2023,08/23/2023,Standard Class,CU-0576,Priya Clark,Corporate,United States,Virginia,South,Technology,Phones,179.55,1,0.4,10.79
1999,US-2023-00821,08/17/2023,08/22/2023,Standard Class,CU-0576,Priya Clark,Corporate,United States,Virginia,South,Furniture,Furnishings,40.86,1,0.4,-3.27
2000,US-2022-00822,06/23/2022,06/29/2022,Standard Class,CU-0564,Maya Davis,Home Office,United States,Texas,Central,Technology,Machines,2493.05,5,0.0,28.11
2001,US-2022-00822,06/23/2022,06/29/2022,Standard Class,CU-0564,Maya Davis,Home Office,United States,Texas,Central,Technology,Phones,2004.91,6,0.0,141.88
2002,US-2023-00823,09/12/2023,09/15/2023,First Class,CU-0318,Sara Miller,Corporate,United States,New York,East,Office Supplies,Paper,49.74,2,0.0,16.71
2003,US-2024-00824,03/05/2024,03/08/2024,Second Class,CU-0165,Priya Miller,Consumer,United States,New York,East,Furniture,Tables,1944.4,6,0.2,-300.88
2004,US-2024-00824,03/05/2024,03/08/2024,Second Class,CU-0165,Priya Miller,Consumer,United States,New York,East,Office Supplies,Paper,71.99,6,0.4,18.81
2005,US-2024-00824,03/05/2024,03/09/2024,Second Class,CU-0165,Priya Miller,Consumer,United States,New York,East,Technology,Machines,2791.03,6,0.0,-11.19
2006,US-2024-00825,10/03/2024,10/09/2024,Standard Class,CU-0365,Ethan Lee,Consumer,United States,Pennsylvania,East,Furniture,Furnishings,294.22,6,0.2,28.54
2007,US-2024-00825,10/03/2024,10/08/2024,Standard Class,CU-0365,Ethan Lee,Consumer,United States,Pennsylvania,East,Furniture,Bookcases,295.1,1,0.0,31.3
2008,US-2025-00826,07/23/2025,07/29/2025,Standard Class,CU-0245,Zoe Davis,Consumer,United States,New York,East,Furniture,Furnishings,28.88,1,0.4,-2.43
2009,US-2025-00826,07/23/2025,07/29/2025,Standard Class,CU-0245,Zoe Davis,Consumer,United States,New York,East,Technology,Copiers,1908.23,5,0.5,246.58
2010,US-2025-00826,07/23/2025,07/29/2025,Standard Class,CU-0245,Zoe Davis,Consumer,United States,New York,East,Office Supplies,Paper,20.89,1,0.1,6.83
2011,US-2023-00827,10/23/2023,10/23/2023,Same Day,CU-0437,Liam Wilson,Corporate,United States,Washington,West,Furniture,Chairs,607.7,2,0.0,64.05
2012,US-2023-00827,10/23/2023,10/24/2023,Same Day,CU-0437,Liam Wilson,Corporate,United States,Washington,West,Office Supplies,Paper,110.61,6,0.0,48.13
2013,US-2023-00828,08/09/2023,08/11/2023,First Class,CU-0049,Zoe Wilson,Consumer,United States,Texas,Central,Furniture,Bookcases,2689.27,7,0.0,60.11
2014,US-2023-00828,08/09/2023,08/12/2023,First Class,CU-0049,Zoe Wilson,Consumer,United States,Texas,Central,Technology,Copiers,4478.5,6,0.0,1450.88
2015,US-2025-00829,07/21/2025,07/27/2025,Standard Class,CU-0103,Sara Khan,Consumer,United States,Illinois,Central,Furniture,Bookcases,1537.4,7,0.3,-68.27
2016,US-2025-00830,09/05/2025,09/11/2025,Standard Class,CU-0696,Olivia Davis,Corporate,United States,Georgia,South,Furniture,Furnishings,312.92,5,0.0,60.94
2017,US-2025-00830,09/05/2025,09/10/2025,Standard Class,CU-0696,Olivia Davis,Corporate,United States,Georgia,South,Furniture,Chairs,554.05,3,0.4,-111.01
2018,US-2025-00830,09/05/2025,09/10/2025,Standard Class,CU-0696,Olivia Davis,Corporate,United States,Georgia,South,Technology,Machines,1888.78,4,0.2,-202.34
2019,US-2025-00830,09/05/2025,09/11/2025,Standard Class,CU-0696,Olivia Davis,Corporate,United States,Georgia,South,Furniture,Chairs,532.47,4,0.4,-66.49
2020,US-2022-00831,02/21/2022,02/24/2022,Second Class,CU-0530,Aarav Wilson,Consumer,United States,Oregon,West,Furniture,Tables,844.27,3,0.4,-196.71
2021,US-2022-00831,02/21/2022,02/24/2022,Second Class,CU-0530,Aarav Wilson,Consumer,United States,Oregon,West,Technology,Copiers,906.88,1,0.0,290.71
2022,US-2025-00832,12/26/2025,12/29/2025,First Class,CU-0046,Sara Miller,Consumer,United States,Texas,Central,Office Supplies,Binders,93.54,7,0.5,-3.27
2023,US-2025-00832,12/26/2025,12/29/2025,First Class,CU-0046,Sara Miller,Consumer,United States,Texas,Central,Office Supplies,Storage,268.02,6,0.5,-54.29
2024,US-2025-00832,12/26/2025,12/29/2025,First Class,CU-0046,Sara Miller,Consumer,United States,Texas,Central,Furniture,Furnishings,335.73,5,0.0,27.19
2025,US-2024-00833,01/07/2024,01/12/2024,Standard Class,CU-0458,Liam Garcia,Corporate,United States,Ohio,East,Office Supplies,Binders,31.63,1,0.0,8.0
2026,US-2024-00833,01/07/2024,01/13/2024,Standard Class,CU-0458,Liam Garcia,Corporate,United States,Ohio,East,Furniture,Tables,1018.83,3,0.3,-252.31
2027,US-2024-00833,01/07/2024,01/12/2024,Standard Class,CU-0458,Liam Garcia,Corporate,United States,Ohio,East,Furniture,Bookcases,1262.42,6,0.3,-257.26
2028,US-2024-00833,01/07/2024,01/12/2024,Standard Class,CU-0458,Liam Garcia,Corporate,United States,Ohio,East,Furniture,Chairs,1055.23,4,0.0,157.91
2029,US-2025-00834,02/08/2025,02/11/2025,First Class,CU-0311,Noah Miller,Consumer,United States,New York,East,Office Supplies,Labels,43.52,4,0.1,15.28
2030,US-2025-00834,02/08/2025,02/11/2025,First Class,CU-0311,Noah Miller,Consumer,United States,New York,East,Furniture,Chairs,203.15,1,0.1,4.64
2031,US-2025-00834,02/08/2025,02/10/2025,First Class,CU-0311,Noah Miller,Consumer,United States,New York,East,Furniture,Tables,2674.88,6,0.0,-354.71
2032,US-2023-00835,11/13/2023,11/18/2023,Standard Class,CU-0489,Ethan Patel,Corporate,United States,Oregon,West,Furniture,Furnishings,248.41,4,0.0,18.62
2033,US-2023-00835,11/13/2023,11/19/2023,Standard Class,CU-0489,Ethan Patel,Corporate,United States,Oregon,West,Office Supplies,Labels,16.51,3,0.5,1.12
2034,US-2023-00835,11/13/2023,11/18/2023,Standard Class,CU-0489,Ethan Patel,Corporate,United States,Oregon,West,Furniture,Furnishings,264.6,5,0.0,61.28
2035,US-2023-00835,11/13/2023,11/18/2023,Standard Class,CU-0489,Ethan Patel,Corporate,United States,Oregon,West,Furniture,Bookcases,406.72,2,0.2,-35.55
2036,US-2025-00836,03/06/2025,03/12/2025,Standard Class,CU-0198,Ethan Brown,Home Office,United States,Oregon,West,Office Supplies,Art,23.63,3,0.5,1.67
2037,US-2023-00837,10/17/2023,10/19/2023,First Class,CU-0007,Ethan Garcia,Corporate,United States,Pennsylvania,East,Furniture,Bookcases,669.41,4,0.4,-147.45
2038,US-2025-00838,10/10/2025,10/15/2025,Standard Class,CU-0275,Maya Miller,Corporate,United States,Michigan,Central,Technology,Phones,1229.21,6,0.3,-10.11
2039,US-2025-00838,10/10/2025,10/15/2025,Standard Class,CU-0275,Maya Miller,Corporate,United States,Michigan,Central,Furniture,Furnishings,187.7,7,0.5,-32.04
2040,US-2025-00838,10/10/2025,10/16/2025,Standard Class,CU-0275,Maya Miller,Corporate,United States,Michigan,Central,Office Supplies,Art,32.32,4,0.5,0.17
2041,US-2022-00839,12/02/2022,12/08/2022,Standard Class,CU-0150,Zoe Khan,Consumer,United States,Georgia,South,Office Supplies,Labels,42.71,4,0.0,14.92
2042,US-2022-00839,12/02/2022,12/08/2022,Standard Class,CU-0150,Zoe Khan,Consumer,United States,Georgia,South,Technology,Copiers,2863.53,4,0.3,195.89
2043,US-2022-00839,12/02/2022,12/07/2022,Standard Class,CU-0150,Zoe Khan,Consumer,United States,Georgia,South,Furniture,Bookcases,340.38,1,0.0,-3.92
2044,US-2022-00839,12/02/2022,12/08/2022,Standard Class,CU-0150,Zoe Khan,Consumer,United States,Georgia,South,Office Supplies,Binders,83.69,7,0.5,-5.27
2045,US-2023-00840,03/12/2023,03/18/2023,Standard Class,CU-0451,Aarav Lee,Corporate,United States,Florida,South,Office Supplies,Labels,12.52,2,0.4,2.12
2046,US-2023-00840,03/12/2023,03/17/2023,Standard Class,CU-0451,Aarav Lee,Corporate,United States,Florida,South,Office Supplies,Binders,57.6,2,0.0,8.4
2047,US-2023-00840,03/12/2023,03/18/2023,Standard Class,CU-0451,Aarav Lee,Corporate,United States,Florida,South,Office Supplies,Art,30.88,5,0.5,-1.96
2048,US-2023-00840,03/12/2023,03/17/2023,Standard Class,CU-0451,Aarav Lee,Corporate,United States,Florida,South,Furniture,Furnishings,81.43,2,0.3,-1.95
2049,US-2025-00841,06/17/2025,06/23/2025,Standard Class,CU-0444,Liam Garcia,Home Office,United States,Georgia,South,Technology,Copiers,2100.52,3,0.3,309.23
2050,US-2025-00841,06/17/2025,06/22/2025,Standard Class,CU-0444,Liam Garcia,Home Office,United States,Georgia,South,Furniture,Bookcases,1528.78,5,0.2,-260.42
2051,US-2025-00841,06/17/2025,06/22/2025,Standard Class,CU-0444,Liam Garcia,Home Office,United States,Georgia,South,Furniture,Tables,1528.83,4,0.0,-299.29
2052,US-2025-00841,06/17/2025,06/22/2025,Standard Class,CU-0444,Liam Garcia,Home Office,United States,Georgia,South,Furniture,Chairs,1125.73,5,0.3,-93.09
2053,US-2025-00842,11/13/2025,11/17/2025,Second Class,CU-0667,Sara Brown,Home Office,United States,Michigan,Central,Office Supplies,Storage,202.94,2,0.0,18.42
2054,US-2025-00842,11/13/2025,11/17/2025,Second Class,CU-0667,Sara Brown,Home Office,United States,Michigan,Central,Furniture,Furnishings,131.62,4,0.4,-11.67
2055,US-2025-00842,11/13/2025,11/16/2025,Second Class,CU-0667,Sara Brown,Home Office,United States,Michigan,Central,Technology,Copiers,3927.68,7,0.5,323.05
2056,US-2025-00842,11/13/2025,11/16/2025,Second Class,CU-0667,Sara Brown,Home Office,United States,Michigan,Central,Office Supplies,Art,19.08,2,0.5,-0.67
2057,US-2024-00843,04/07/2024,04/10/2024,Second Class,CU-0223,Noah Wilson,Home Office,United States,Georgia,South,Furniture,Bookcases,1597.52,6,0.0,113.09
2058,US-2024-00843,04/07/2024,04/11/2024,Second Class,CU-0223,Noah Wilson,Home Office,United States,Georgia,South,Technology,Accessories,295.05,5,0.0,60.57
2059,US-2022-00844,02/02/2022,02/06/2022,Second Class,CU-0051,Ethan Brown,Home Office,United States,Georgia,South,Furniture,Bookcases,1128.63,3,0.0,-18.66
2060,US-2022-00844,02/02/2022,02/05/2022,Second Class,CU-0051,Ethan Brown,Home Office,United States,Georgia,South,Office Supplies,Art,27.69,2,0.1,4.34
2061,US-2022-00844,02/02/2022,02/05/2022,Second Class,CU-0051,Ethan Brown,Home Office,United States,Georgia,South,Furniture,Tables,2772.21,7,0.0,79.07
2062,US-2022-00844,02/02/2022,02/05/2022,Second Class,CU-0051,Ethan Brown,Home Office,United States,Georgia,South,Technology,Phones,257.37,1,0.0,21.06
2063,US-2025-00845,05/14/2025,05/17/2025,First Class,CU-0042,Emma Wilson,Corporate,United States,Florida,South,Technology,Accessories,166.1,6,0.5,-10.95
2064,US-2025-00845,05/14/2025,05/16/2025,First Class,CU-0042,Emma Wilson,Corporate,United States,Florida,South,Technology,Machines,2448.96,6,0.3,-172.81
2065,US-2025-00845,05/14/2025,05/16/2025,First Class,CU-0042,Emma Wilson,Corporate,United States,Florida,South,Office Supplies,Paper,30.32,2,0.1,12.72
2066,US-2024-00846,06/04/2024,06/09/2024,Standard Class,CU-0119,Zoe Clark,Consumer,United States,Florida,South,Technology,Copiers,1242.6,3,0.5,56.76
2067,US-2024-00846,06/04/2024,06/10/2024,Standard Class,CU-0119,Zoe Clark,Consumer,United States,Florida,South,Furniture,Bookcases,1675.85,5,0.0,15.1
2068,US-2022-00847,02/22/2022,02/24/2022,First Class,CU-0533,Olivia Davis,Home Office,United States,Illinois,Central,Technology,Phones,421.68,2,0.4,9.92
2069,US-2022-00847,02/22/2022,02/24/2022,First Class,CU-0533,Olivia Davis,Home Office,United States,Illinois,Central,Furniture,Tables,1020.04,4,0.3,-235.44
2070,US-2022-00847,02/22/2022,02/24/2022,First Class,CU-0533,Olivia Davis,Home Office,United States,Illinois,Central,Furniture,Tables,1552.42,7,0.4,-357.22
2071,US-2022-00847,02/22/2022,02/25/2022,First Class,CU-0533,Olivia Davis,Home Office,United States,Illinois,Central,Technology,Copiers,5333.5,6,0.2,1885.78
2072,US-2022-00848,05/25/2022,05/30/2022,Standard Class,CU-0046,Sara Miller,Consumer,United States,Michigan,Central,Office Supplies,Binders,113.24,5,0.0,32.68
2073,US-2022-00848,05/25/2022,05/31/2022,Standard Class,CU-0046,Sara Miller,Consumer,United States,Michigan,Central,Furniture,Tables,1821.26,4,0.0,-292.3
2074,US-2022-00849,09/12/2022,09/18/2022,Standard Class,CU-0227,Noah Clark,Home Office,United States,Illinois,Central,Technology,Machines,321.15,1,0.3,-50.74
2075,US-2022-00850,12/10/2022,12/15/2022,Standard Class,CU-0642,Emma Lee,Consumer,United States,New York,East,Technology,Phones,1442.23,5,0.1,176.5
2076,US-2022-00850,12/10/2022,12/15/2022,Standard Class,CU-0642,Emma Lee,Consumer,United States,New York,East,Technology,Phones,1231.05,4,0.0,226.94
2077,US-2022-00850,12/10/2022,12/16/2022,Standard Class,CU-0642,Emma Lee,Consumer,United States,New York,East,Furniture,Tables,533.4,3,0.5,-230.54
2078,US-2022-00850,12/10/2022,12/16/2022,Standard Class,CU-0642,Emma Lee,Consumer,United States,New York,East,Office Supplies,Labels,32.84,3,0.2,8.12
2079,US-2024-00851,08/28/2024,09/02/2024,Standard Class,CU-0232,Zoe Smith,Consumer,United States,Florida,South,Furniture,Chairs,1278.72,6,0.0,137.22
2080,US-2024-00851,08/28/2024,09/02/2024,Standard Class,CU-0232,Zoe Smith,Consumer,United States,Florida,South,Furniture,Tables,3567.56,7,0.0,-276.11
2081,US-2024-00851,08/28/2024,09/02/2024,Standard Class,CU-0232,Zoe Smith,Consumer,United States,Florida,South,Furniture,Chairs,836.9,3,0.0,68.0
2082,US-2023-00852,04/15/2023,04/20/2023,Standard Class,CU-0143,Ethan Wilson,Consumer,United States,Georgia,South,Technology,Machines,2602.42,5,0.0,40.6
2083,US-2023-00853,02/23/2023,03/01/2023,Standard Class,CU-0475,Olivia Miller,Consumer,United States,California,West,Technology,Copiers,1162.7,2,0.3,307.0
2084,US-2024-00854,10/23/2024,10/29/2024,Standard Class,CU-0037,Emma Davis,Consumer,United States,Florida,South,Office Supplies,Binders,89.88,4,0.2,15.5
2085,US-2024-00854,10/23/2024,10/29/2024,Standard Class,CU-0037,Emma Davis,Consumer,United States,Florida,South,Office Supplies,Paper,105.79,6,0.0,43.4
2086,US-2023-00855,07/30/2023,08/05/2023,Standard Class,CU-0426,Ravi Miller,Home Office,United States,Florida,South,Furniture,Bookcases,2721.54,7,0.0,93.89
2087,US-2023-00855,07/30/2023,08/04/2023,Standard Class,CU-0426,Ravi Miller,Home Office,United States,Florida,South,Technology,Machines,1165.26,3,0.3,-150.68
2088,US-2024-00856,02/01/2024,02/04/2024,Second Class,CU-0299,Ravi Miller,Corporate,United States,New York,East,Technology,Copiers,1462.37,3,0.5,109.01
2089,US-2024-00856,02/01/2024,02/04/2024,Second Class,CU-0299,Ravi Miller,Corporate,United States,New York,East,Furniture,Bookcases,468.21,3,0.4,-101.71
2090,US-2024-00856,02/01/2024,02/05/2024,Second Class,CU-0299,Ravi Miller,Corporate,United States,New York,East,Technology,Accessories,147.66,3,0.0,36.56
2091,US-2024-00856,02/01/2024,02/04/2024,Second Class,CU-0299,Ravi Miller,Corporate,United States,New York,East,Office Supplies,Paper,73.51,3,0.0,26.6
2092,US-2023-00857,08/31/2023,09/03/2023,First Class,CU-0678,John Smith,Home Office,United States,Illinois,Central,Furniture,Bookcases,1914.9,7,0.0,137.16
2093,US-2023-00857,08/31/2023,09/03/2023,First Class,CU-0678,John Smith,Home Office,United States,Illinois,Central,Technology,Copiers,595.57,1,0.4,98.22
2094,US-2023-00857,08/31/2023,09/02/2023,First Class,CU-0678,John Smith,Home Office,United States,Illinois,Central,Office Supplies,Binders,78.88,7,0.5,1.89
2095,US-2023-00858,10/31/2023,11/05/2023,Standard Class,CU-0110,Aarav Patel,Corporate,United States,Texas,Central,Technology,Machines,1281.52,6,0.5,-266.21
2096,US-2023-00858,10/31/2023,11/06/2023,Standard Class,CU-0110,Aarav Patel,Corporate,United States,Texas,Central,Furniture,Bookcases,360.55,1,0.0,25.37
2097,US-2023-00858,10/31/2023,11/05/2023,Standard Class,CU-0110,Aarav Patel,Corporate,United States,Texas,Central,Furniture,Tables,2630.57,7,0.0,-159.75
2098,US-2023-00858,10/31/2023,11/05/2023,Standard Class,CU-0110,Aarav Patel,Corporate,United States,Texas,Central,Furniture,Tables,2122.95,7,0.4,-605.65
2099,US-2022-00859,09/01/2022,09/04/2022,Second Class,CU-0695,Sara Miller,Consumer,United States,Michigan,Central,Furniture,Bookcases,323.19,1,0.1,-19.86
2100,US-2025-00860,10/25/2025,10/30/2025,Standard Class,CU-0518,Ethan Khan,Corporate,United States,Pennsylvania,East,Office Supplies,Labels,81.11,7,0.0,29.68
2101,US-2025-00860,10/25/2025,10/30/2025,Standard Class,CU-0518,Ethan Khan,Corporate,United States,Pennsylvania,East,Furniture,Bookcases,1348.74,7,0.4,-219.23
2102,US-2025-00861,12/09/2025,12/15/2025,Standard Class,CU-0696,Olivia Davis,Corporate,United States,Georgia,South,Office Supplies,Paper,31.63,2,0.3,7.11
2103,US-2025-00861,12/09/2025,12/15/2025,Standard Class,CU-0696,Olivia Davis,Corporate,United States,Georgia,South,Technology,Accessories,119.19,4,0.5,-2.35
2104,US-2025-00862,03/06/2025,03/09/2025,Second Class,CU-0030,Sara Davis,Home Office,United States,Illinois,Central,Furniture,Bookcases,930.15,6,0.5,-250.6
2105,US-2025-00862,03/06/2025,03/10/2025,Second Class,CU-0030,Sara Davis,Home Office,United States,Illinois,Central,Office Supplies,Paper,124.42,7,0.2,40.98
2106,US-2025-00862,03/06/2025,03/10/2025,Second Class,CU-0030,Sara Davis,Home Office,United States,Illinois,Central,Office Supplies,Paper,21.59,2,0.4,3.79
2107,US-2025-00862,03/06/2025,03/09/2025,Second Class,CU-0030,Sara Davis,Home Office,United States,Illinois,Central,Technology,Machines,2494.24,5,0.0,120.92
2108,US-2023-00863,12/12/2023,12/15/2023,First Class,CU-0166,Liam Patel,Corporate,United States,Texas,Central,Furniture,Chairs,315.31,3,0.5,-57.77
2109,US-2023-00863,12/12/2023,12/15/2023,First Class,CU-0166,Liam Patel,Corporate,United States,Texas,Central,Technology,Accessories,134.53,5,0.5,16.54
2110,US-2023-00863,12/12/2023,12/14/2023,First Class,CU-0166,Liam Patel,Corporate,United States,Texas,Central,Technology,Phones,1627.68,7,0.3,-108.1
2111,US-2025-00864,07/27/2025,07/29/2025,First Class,CU-0373,Zoe Khan,Home Office,United States,Ohio,East,Furniture,Furnishings,122.37,4,0.4,-15.75
2112,US-2022-00865,01/10/2022,01/15/2022,Standard Class,CU-0125,Liam Lee,Home Office,United States,New York,East,Furniture,Chairs,263.14,1,0.1,7.74
2113,US-2022-00865,01/10/2022,01/16/2022,Standard Class,CU-0125,Liam Lee,Home Office,United States,New York,East,Furniture,Chairs,1000.47,6,0.4,-213.8
2114,US-2022-00865,01/10/2022,01/15/2022,Standard Class,CU-0125,Liam Lee,Home Office,United States,New York,East,Technology,Accessories,239.71,4,0.0,47.31
2115,US-2022-00865,01/10/2022,01/16/2022,Standard Class,CU-0125,Liam Lee,Home Office,United States,New York,East,Office Supplies,Art,32.14,3,0.2,7.28
2116,US-2025-00866,11/06/2025,11/10/2025,Second Class,CU-0426,Ravi Miller,Home Office,United States,New York,East,Office Supplies,Labels,42.26,7,0.5,6.09
2117,US-2025-00867,01/18/2025,01/21/2025,Second Class,CU-0406,Maya Khan,Home Office,United States,Michigan,Central,Technology,Copiers,6364.07,7,0.2,1830.52
2118,US-2023-00868,03/17/2023,03/22/2023,Standard Class,CU-0386,Olivia Patel,Home Office,United States,Virginia,South,Furniture,Chairs,832.2,4,0.0,90.95
2119,US-2023-00868,03/17/2023,03/23/2023,Standard Class,CU-0386,Olivia Patel,Home Office,United States,Virginia,South,Furniture,Chairs,580.55,2,0.0,62.74
2120,US-2023-00868,03/17/2023,03/22/2023,Standard Class,CU-0386,Olivia Patel,Home Office,United States,Virginia,South,Office Supplies,Art,44.84,3,0.0,11.43
2121,US-2024-00869,04/15/2024,04/20/2024,Standard Class,CU-0482,Emma Patel,Consumer,United States,California,West,Furniture,Chairs,462.05,3,0.3,-74.31
2122,US-2024-00869,04/15/2024,04/21/2024,Standard Class,CU-0482,Emma Patel,Consumer,United States,California,West,Furniture,Chairs,617.64,2,0.0,142.96
2123,US-2024-00869,04/15/2024,04/20/2024,Standard Class,CU-0482,Emma Patel,Consumer,United States,California,West,Office Supplies,Art,17.8,1,0.0,5.49
2124,US-2024-00869,04/15/2024,04/20/2024,Standard Class,CU-0482,Emma Patel,Consumer,United States,California,West,Technology,Machines,2638.45,6,0.0,203.09
2125,US-2025-00870,12/01/2025,12/07/2025,Standard Class,CU-0361,Zoe Clark,Home Office,United States,New York,East,Furniture,Bookcases,444.64,2,0.2,-89.66
2126,US-2025-00870,12/01/2025,12/07/2025,Standard Class,CU-0361,Zoe Clark,Home Office,United States,New York,East,Office Supplies,Binders,39.93,2,0.3,-1.02
2127,US-2025-00870,12/01/2025,12/06/2025,Standard Class,CU-0361,Zoe Clark,Home Office,United States,New York,East,Furniture,Furnishings,259.48,6,0.3,-6.78
2128,US-2025-00871,08/14/2025,08/19/2025,Standard Class,CU-0547,John Brown,Home Office,United States,Texas,Central,Office Supplies,Art,10.95,1,0.4,0.19
2129,US-2025-00871,08/14/2025,08/20/2025,Standard Class,CU-0547,John Brown,Home Office,United States,Texas,Central,Office Supplies,Paper,78.2,7,0.5,5.65
2130,US-2024-00872,01/09/2024,01/14/2024,Standard Class,CU-0441,Maya Brown,Corporate,United States,Virginia,South,Technology,Phones,1286.62,7,0.4,-38.23
2131,US-2024-00872,01/09/2024,01/15/2024,Standard Class,CU-0441,Maya Brown,Corporate,United States,Virginia,South,Technology,Copiers,1911.04,4,0.5,306.71
2132,US-2024-00872,01/09/2024,01/14/2024,Standard Class,CU-0441,Maya Brown,Corporate,United States,Virginia,South,Furniture,Chairs,1999.79,7,0.1,179.8
2133,US-2024-00872,01/09/2024,01/14/2024,Standard Class,CU-0441,Maya Brown,Corporate,United States,Virginia,South,Furniture,Tables,657.97,2,0.2,-118.08
2134,US-2023-00873,04/02/2023,04/06/2023,Second Class,CU-0206,Olivia Brown,Consumer,United States,Illinois,Central,Furniture,Tables,1936.46,5,0.0,-66.32
2135,US-2023-00873,04/02/2023,04/06/2023,Second Class,CU-0206,Olivia Brown,Consumer,United States,Illinois,Central,Office Supplies,Paper,74.3,5,0.3,25.5
2136,US-2023-00873,04/02/2023,04/05/2023,Second Class,CU-0206,Olivia Brown,Consumer,United States,Illinois,Central,Furniture,Tables,1465.68,3,0.0,-225.75
2137,US-2023-00874,08/07/2023,08/12/2023,Standard Class,CU-0180,Maya Khan,Consumer,United States,Georgia,South,Furniture,Furnishings,331.66,6,0.2,39.57
2138,US-2023-00874,08/07/2023,08/13/2023,Standard Class,CU-0180,Maya Khan,Consumer,United States,Georgia,South,Furniture,Tables,1631.95,5,0.2,-299.46
2139,US-2023-00874,08/07/2023,08/13/2023,Standard Class,CU-0180,Maya Khan,Consumer,United States,Georgia,South,Furniture,Bookcases,970.64,5,0.3,-162.14
2140,US-2023-00875,07/26/2023,07/31/2023,Standard Class,CU-0444,Liam Garcia,Home Office,United States,California,West,Technology,Machines,342.92,1,0.2,-37.63
2141,US-2023-00875,07/26/2023,08/01/2023,Standard Class,CU-0444,Liam Garcia,Home Office,United States,California,West,Furniture,Chairs,238.53,1,0.0,39.29
2142,US-2023-00875,07/26/2023,08/01/2023,Standard Class,CU-0444,Liam Garcia,Home Office,United States,California,West,Office Supplies,Binders,141.07,7,0.3,10.06
2143,US-2024-00876,01/24/2024,01/27/2024,First Class,CU-0557,Noah Davis,Home Office,United States,Virginia,South,Technology,Accessories,60.16,2,0.5,0.08
2144,US-2024-00876,01/24/2024,01/27/2024,First Class,CU-0557,Noah Davis,Home Office,United States,Virginia,South,Furniture,Chairs,762.87,6,0.4,-52.52
2145,US-2024-00876,01/24/2024,01/27/2024,First Class,CU-0557,Noah Davis,Home Office,United States,Virginia,South,Office Supplies,Art,15.09,1,0.0,5.04
2146,US-2022-00877,03/03/2022,03/06/2022,Second Class,CU-0693,Emma Garcia,Consumer,United States,Ohio,East,Office Supplies,Art,108.32,6,0.0,27.31
2147,US-2022-00877,03/03/2022,03/07/2022,Second Class,CU-0693,Emma Garcia,Consumer,United States,Ohio,East,Office Supplies,Labels,13.19,1,0.0,3.88
2148,US-2022-00877,03/03/2022,03/06/2022,Second Class,CU-0693,Emma Garcia,Consumer,United States,Ohio,East,Office Supplies,Art,23.21,3,0.4,2.2
2149,US-2022-00877,03/03/2022,03/06/2022,Second Class,CU-0693,Emma Garcia,Consumer,United States,Ohio,East,Technology,Accessories,83.68,2,0.2,11.38
2150,US-2024-00878,12/04/2024,12/10/2024,Standard Class,CU-0254,Ravi Patel,Corporate,United States,Texas,Central,Technology,Machines,1581.05,3,0.0,6.53
2151,US-2022-00879,10/03/2022,10/09/2022,Standard Class,CU-0582,Aarav Brown,Home Office,United States,Washington,West,Furniture,Bookcases,298.55,1,0.1,-8.29
2152,US-2025-00880,04/07/2025,04/12/2025,Standard Class,CU-0638,Ethan Smith,Home Office,United States,Washington,West,Technology,Copiers,6693.31,7,0.0,2144.57
2153,US-2025-00880,04/07/2025,04/13/2025,Standard Class,CU-0638,Ethan Smith,Home Office,United States,Washington,West,Technology,Accessories,59.52,1,0.0,17.59
2154,US-2022-00881,10/12/2022,10/18/2022,Standard Class,CU-0292,Maya Miller,Corporate,United States,Ohio,East,Furniture,Bookcases,777.28,4,0.5,-220.49
2155,US-2022-00881,10/12/2022,10/18/2022,Standard Class,CU-0292,Maya Miller,Corporate,United States,Ohio,East,Furniture,Bookcases,2355.49,7,0.1,43.0
2156,US-2022-00882,11/10/2022,11/15/2022,Standard Class,CU-0120,Ethan Smith,Home Office,United States,Ohio,East,Office Supplies,Labels,27.2,3,0.3,4.44
2157,US-2022-00882,11/10/2022,11/16/2022,Standard Class,CU-0120,Ethan Smith,Home Office,United States,Ohio,East,Office Supplies,Art,110.72,7,0.0,29.62
2158,US-2023-00883,08/25/2023,08/31/2023,Standard Class,CU-0379,Olivia Smith,Home Office,United States,Ohio,East,Office Supplies,Art,14.53,2,0.4,-0.64
2159,US-2023-00883,08/25/2023,08/31/2023,Standard Class,CU-0379,Olivia Smith,Home Office,United States,Ohio,East,Technology,Accessories,208.28,5,0.0,43.96
2160,US-2022-00884,01/03/2022,01/09/2022,Standard Class,CU-0668,Aarav Lee,Corporate,United States,Michigan,Central,Office Supplies,Art,119.04,7,0.0,27.37
2161,US-2022-00884,01/03/2022,01/09/2022,Standard Class,CU-0668,Aarav Lee,Corporate,United States,Michigan,Central,Office Supplies,Paper,55.33,3,0.2,13.94
2162,US-2024-00885,03/19/2024,03/23/2024,Second Class,CU-0036,Priya Davis,Corporate,United States,Michigan,Central,Office Supplies,Storage,441.35,4,0.0,78.69
2163,US-2024-00885,03/19/2024,03/23/2024,Second Class,CU-0036,Priya Davis,Corporate,United States,Michigan,Central,Technology,Machines,2331.13,6,0.2,-232.44
2164,US-2022-00886,01/22/2022,01/25/2022,First Class,CU-0041,Emma Miller,Corporate,United States,Ohio,East,Furniture,Furnishings,429.64,7,0.0,74.16
2165,US-2022-00886,01/22/2022,01/25/2022,First Class,CU-0041,Emma Miller,Corporate,United States,Ohio,East,Technology,Machines,1825.03,6,0.5,-450.18
2166,US-2022-00886,01/22/2022,01/24/2022,First Class,CU-0041,Emma Miller,Corporate,United States,Ohio,East,Furniture,Chairs,440.98,3,0.5,-93.43
2167,US-2024-00887,05/18/2024,05/24/2024,Standard Class,CU-0144,Ravi Smith,Home Office,United States,Michigan,Central,Technology,Copiers,5732.79,7,0.1,1392.61
2168,US-2024-00887,05/18/2024,05/23/2024,Standard Class,CU-0144,Ravi Smith,Home Office,United States,Michigan,Central,Furniture,Furnishings,72.6,1,0.0,10.26
2169,US-2024-00887,05/18/2024,05/23/2024,Standard Class,CU-0144,Ravi Smith,Home Office,United States,Michigan,Central,Office Supplies,Labels,29.02,2,0.0,13.22
2170,US-2025-00888,02/20/2025,02/26/2025,Standard Class,CU-0681,Sara Wilson,Home Office,United States,Ohio,East,Furniture,Chairs,1726.2,6,0.0,170.66
2171,US-2023-00889,11/28/2023,12/01/2023,First Class,CU-0042,Emma Wilson,Corporate,United States,Oregon,West,Furniture,Chairs,1200.52,6,0.0,231.36
2172,US-2023-00889,11/28/2023,11/30/2023,First Class,CU-0042,Emma Wilson,Corporate,United States,Oregon,West,Technology,Accessories,230.56,5,0.0,53.22
2173,US-2023-00889,11/28/2023,12/01/2023,First Class,CU-0042,Emma Wilson,Corporate,United States,Oregon,West,Furniture,Tables,870.94,4,0.5,-285.81
2174,US-2025-00890,11/12/2025,11/15/2025,First Class,CU-0170,John Brown,Consumer,United States,California,West,Technology,Copiers,7256.78,7,0.1,2080.7
2175,US-2025-00890,11/12/2025,11/15/2025,First Class,CU-0170,John Brown,Consumer,United States,California,West,Furniture,Tables,1432.4,6,0.5,-475.65
2176,US-2023-00891,08/31/2023,09/06/2023,Standard Class,CU-0640,Emma Garcia,Corporate,United States,Pennsylvania,East,Furniture,Furnishings,69.05,1,0.0,11.75
2177,US-2023-00891,08/31/2023,09/06/2023,Standard Class,CU-0640,Emma Garcia,Corporate,United States,Pennsylvania,East,Office Supplies,Paper,78.81,4,0.0,38.79
2178,US-2024-00892,01/27/2024,02/02/2024,Standard Class,CU-0512,John Wilson,Consumer,United States,Oregon,West,Technology,Phones,436.26,2,0.3,22.49
2179,US-2024-00892,01/27/2024,02/01/2024,Standard Class,CU-0512,John Wilson,Consumer,United States,Oregon,West,Technology,Machines,571.43,2,0.4,-129.55
2180,US-2024-00893,03/16/2024,03/19/2024,First Class,CU-0359,Emma Patel,Home Office,United States,Virginia,South,Technology,Machines,234.54,1,0.5,-66.39
2181,US-2024-00893,03/16/2024,03/19/2024,First Class,CU-0359,Emma Patel,Home Office,United States,Virginia,South,Office Supplies,Binders,21.41,1,0.1,2.63
2182,US-2024-00893,03/16/2024,03/18/2024,First Class,CU-0359,Emma Patel,Home Office,United States,Virginia,South,Office Supplies,Labels,23.96,2,0.0,9.3
2183,US-2023-00894,07/04/2023,07/09/2023,Standard Class,CU-0169,Sara Garcia,Corporate,United States,Oregon,West,Technology,Phones,1271.04,4,0.1,25.4
2184,US-2024-00895,05/23/2024,05/26/2024,Second Class,CU-0256,Priya Miller,Corporate,United States,Georgia,South,Office Supplies,Art,12.18,1,0.3,2.1
2185,US-2024-00895,05/23/2024,05/26/2024,Second Class,CU-0256,Priya Miller,Corporate,United States,Georgia,South,Office Supplies,Art,29.92,4,0.5,2.02
2186,US-2024-00895,05/23/2024,05/27/2024,Second Class,CU-0256,Priya Miller,Corporate,United States,Georgia,South,Technology,Accessories,245.18,5,0.1,36.53
2187,US-2024-00895,05/23/2024,05/26/2024,Second Class,CU-0256,Priya Miller,Corporate,United States,Georgia,South,Office Supplies,Art,46.72,3,0.1,8.89
2188,US-2022-00896,03/26/2022,04/01/2022,Standard Class,CU-0060,Maya Clark,Corporate,United States,Pennsylvania,East,Office Supplies,Paper,63.34,5,0.5,8.59
2189,US-2022-00896,03/26/2022,04/01/2022,Standard Class,CU-0060,Maya Clark,Corporate,United States,Pennsylvania,East,Office Supplies,Paper,23.93,1,0.0,10.38
2190,US-2024-00897,02/12/2024,02/15/2024,First Class,CU-0677,Noah Lee,Corporate,United States,Washington,West,Office Supplies,Labels,29.56,2,0.0,11.66
2191,US-2022-00898,11/21/2022,11/21/2022,Same Day,CU-0121,Ethan Wilson,Consumer,United States,New York,East,Furniture,Tables,1676.67,4,0.0,-80.7
2192,US-2022-00898,11/21/2022,11/22/2022,Same Day,CU-0121,Ethan Wilson,Consumer,United States,New York,East,Furniture,Bookcases,1022.7,7,0.4,-218.17
2193,US-2022-00898,11/21/2022,11/21/2022,Same Day,CU-0121,Ethan Wilson,Consumer,United States,New York,East,Technology,Accessories,84.67,2,0.1,13.33
2194,US-2024-00899,07/24/2024,07/29/2024,Standard Class,CU-0345,Ravi Lee,Consumer,United States,Virginia,South,Office Supplies,Labels,20.41,3,0.4,4.24
2195,US-2024-00899,07/24/2024,07/29/2024,Standard Class,CU-0345,Ravi Lee,Consumer,United States,Virginia,South,Technology,Copiers,2925.87,4,0.3,284.09
2196,US-2023-00900,11/20/2023,11/24/2023,Second Class,CU-0683,Emma Khan,Home Office,United States,California,West,Office Supplies,Binders,56.09,2,0.0,10.82
2197,US-2023-00900,11/20/2023,11/23/2023,Second Class,CU-0683,Emma Khan,Home Office,United States,California,West,Technology,Machines,491.47,2,0.5,-127.51
2198,US-2025-00901,03/18/2025,03/21/2025,First Class,CU-0393,Sara Patel,Consumer,United States,Pennsylvania,East,Technology,Phones,1082.15,6,0.4,-122.55
2199,US-2025-00901,03/18/2025,03/20/2025,First Class,CU-0393,Sara Patel,Consumer,United States,Pennsylvania,East,Technology,Accessories,382.06,6,0.0,50.01
2200,US-2024-00902,02/16/2024,02/22/2024,Standard Class,CU-0492,John Clark,Consumer,United States,Florida,South,Office Supplies,Art,57.88,6,0.4,7.03
2201,US-2024-00902,02/16/2024,02/21/2024,Standard Class,CU-0492,John Clark,Consumer,United States,Florida,South,Furniture,Tables,1418.3,4,0.2,-163.69
2202,US-2024-00902,02/16/2024,02/21/2024,Standard Class,CU-0492,John Clark,Consumer,United States,Florida,South,Office Supplies,Labels,29.01,4,0.5,3.89
2203,US-2024-00902,02/16/2024,02/21/2024,Standard Class,CU-0492,John Clark,Consumer,United States,Florida,South,Furniture,Tables,1170.22,3,0.2,-167.69
2204,US-2025-00903,09/06/2025,09/11/2025,Standard Class,CU-0383,Noah Davis,Home Office,United States,California,West,Technology,Copiers,3288.26,3,0.0,1226.14
2205,US-2025-00903,09/06/2025,09/12/2025,Standard Class,CU-0383,Noah Davis,Home Office,United States,California,West,Technology,Accessories,437.58,7,0.0,120.28
2206,US-2022-00904,12/08/2022,12/14/2022,Standard Class,CU-0220,Olivia Smith,Consumer,United States,Oregon,West,Office Supplies,Art,116.91,7,0.1,22.15
2207,US-2022-00904,12/08/2022,12/14/2022,Standard Class,CU-0220,Olivia Smith,Consumer,United States,Oregon,West,Furniture,Chairs,147.35,1,0.5,-19.74
2208,US-2022-00904,12/08/2022,12/13/2022,Standard Class,CU-0220,Olivia Smith,Consumer,United States,Oregon,West,Furniture,Chairs,795.02,6,0.5,-132.29
2209,US-2024-00905,06/28/2024,06/30/2024,First Class,CU-0227,Noah Clark,Home Office,United States,New York,East,Office Supplies,Labels,58.09,6,0.0,27.35
2210,US-2023-00906,01/05/2023,01/11/2023,Standard Class,CU-0597,Emma Davis,Corporate,United States,Oregon,West,Technology,Machines,288.86,1,0.4,-104.63
2211,US-2023-00906,01/05/2023,01/10/2023,Standard Class,CU-0597,Emma Davis,Corporate,United States,Oregon,West,Technology,Machines,818.31,3,0.4,-115.04
2212,US-2023-00906,01/05/2023,01/11/2023,Standard Class,CU-0597,Emma Davis,Corporate,United States,Oregon,West,Furniture,Tables,1425.17,4,0.3,-353.25
2213,US-2025-00907,10/26/2025,11/01/2025,Standard Class,CU-0007,Ethan Garcia,Corporate,United States,New York,East,Technology,Machines,964.42,2,0.0,-35.49
2214,US-2025-00907,10/26/2025,11/01/2025,Standard Class,CU-0007,Ethan Garcia,Corporate,United States,New York,East,Furniture,Tables,288.77,1,0.1,-11.47
2215,US-2025-00907,10/26/2025,10/31/2025,Standard Class,CU-0007,Ethan Garcia,Corporate,United States,New York,East,Furniture,Chairs,1338.77,7,0.4,12.79
2216,US-2024-00908,10/07/2024,10/13/2024,Standard Class,CU-0290,Ethan Garcia,Consumer,United States,Michigan,Central,Office Supplies,Storage,135.84,2,0.1,15.52
2217,US-2024-00908,10/07/2024,10/13/2024,Standard Class,CU-0290,Ethan Garcia,Consumer,United States,Michigan,Central,Technology,Machines,1283.46,3,0.3,-140.44
2218,US-2025-00909,08/27/2025,08/28/2025,Same Day,CU-0661,Olivia Miller,Consumer,United States,Georgia,South,Furniture,Tables,1946.23,6,0.3,-411.96
2219,US-2025-00909,08/27/2025,08/27/2025,Same Day,CU-0661,Olivia Miller,Consumer,United States,Georgia,South,Office Supplies,Art,46.14,3,0.0,14.88
2220,US-2025-00909,08/27/2025,08/27/2025,Same Day,CU-0661,Olivia Miller,Consumer,United States,Georgia,South,Furniture,Bookcases,2238.9,7,0.0,131.49
2221,US-2025-00909,08/27/2025,08/28/2025,Same Day,CU-0661,Olivia Miller,Consumer,United States,Georgia,South,Furniture,Tables,1065.07,3,0.1,-161.53
2222,US-2023-00910,07/23/2023,07/28/2023,Standard Class,CU-0419,Olivia Smith,Consumer,United States,Ohio,East,Technology,Accessories,29.47,1,0.4,1.56
2223,US-2023-00911,12/30/2023,01/02/2024,Second Class,CU-0671,Emma Lee,Consumer,United States,Georgia,South,Furniture,Tables,1740.09,7,0.4,-452.07
2224,US-2023-00911,12/30/2023,01/02/2024,Second Class,CU-0671,Emma Lee,Consumer,United States,Georgia,South,Technology,Accessories,246.44,5,0.0,66.84
2225,US-2023-00911,12/30/2023,01/02/2024,Second Class,CU-0671,Emma Lee,Consumer,United States,Georgia,South,Technology,Phones,1379.63,4,0.1,-45.59
2226,US-2023-00912,05/07/2023,05/12/2023,Standard Class,CU-0504,Ravi Lee,Consumer,United States,Georgia,South,Office Supplies,Labels,66.51,5,0.1,27.19
2227,US-2024-00913,12/07/2024,12/13/2024,Standard Class,CU-0446,Zoe Miller,Consumer,United States,California,West,Technology,Machines,916.37,2,0.0,-29.96
2228,US-2024-00913,12/07/2024,12/13/2024,Standard Class,CU-0446,Zoe Miller,Consumer,United States,California,West,Office Supplies,Binders,83.2,4,0.0,16.42
2229,US-2024-00913,12/07/2024,12/13/2024,Standard Class,CU-0446,Zoe Miller,Consumer,United States,California,West,Technology,Machines,1520.65,3,0.0,82.01
2230,US-2024-00913,12/07/2024,12/13/2024,Standard Class,CU-0446,Zoe Miller,Consumer,United States,California,West,Office Supplies,Storage,268.15,3,0.0,25.31
2231,US-2022-00914,01/17/2022,01/19/2022,First Class,CU-0220,Olivia Smith,Consumer,United States,Virginia,South,Furniture,Chairs,1175.44,5,0.2,-50.42
2232,US-2022-00914,01/17/2022,01/20/2022,First Class,CU-0220,Olivia Smith,Consumer,United States,Virginia,South,Technology,Copiers,3769.84,6,0.2,908.34
2233,US-2022-00914,01/17/2022,01/19/2022,First Class,CU-0220,Olivia Smith,Consumer,United States,Virginia,South,Office Supplies,Storage,554.08,7,0.0,82.02
2234,US-2022-00914,01/17/2022,01/20/2022,First Class,CU-0220,Olivia Smith,Consumer,United States,Virginia,South,Office Supplies,Storage,213.88,2,0.0,25.27
2235,US-2025-00915,11/05/2025,11/08/2025,Second Class,CU-0654,John Wilson,Home Office,United States,Michigan,Central,Office Supplies,Labels,72.34,7,0.0,24.86
2236,US-2025-00915,11/05/2025,11/09/2025,Second Class,CU-0654,John Wilson,Home Office,United States,Michigan,Central,Technology,Accessories,27.7,1,0.5,-2.76
2237,US-2025-00915,11/05/2025,11/08/2025,Second Class,CU-0654,John Wilson,Home Office,United States,Michigan,Central,Office Supplies,Labels,33.23,3,0.2,10.53
2238,US-2025-00915,11/05/2025,11/09/2025,Second Class,CU-0654,John Wilson,Home Office,United States,Michigan,Central,Office Supplies,Art,43.23,3,0.1,5.25
2239,US-2022-00916,03/17/2022,03/23/2022,Standard Class,CU-0462,Ethan Lee,Consumer,United States,Michigan,Central,Office Supplies,Labels,98.18,7,0.0,41.08
2240,US-2022-00916,03/17/2022,03/22/2022,Standard Class,CU-0462,Ethan Lee,Consumer,United States,Michigan,Central,Furniture,Furnishings,138.85,2,0.0,24.16
2241,US-2025-00917,04/21/2025,04/23/2025,First Class,CU-0629,Olivia Patel,Corporate,United States,Ohio,East,Technology,Machines,1172.0,3,0.3,-82.25
2242,US-2022-00918,03/18/2022,03/24/2022,Standard Class,CU-0244,Olivia Davis,Corporate,United States,California,West,Technology,Machines,329.91,1,0.4,-28.44
2243,US-2022-00918,03/18/2022,03/24/2022,Standard Class,CU-0244,Olivia Davis,Corporate,United States,California,West,Office Supplies,Storage,81.39,2,0.5,-18.1
2244,US-2022-00918,03/18/2022,03/23/2022,Standard Class,CU-0244,Olivia Davis,Corporate,United States,California,West,Office Supplies,Paper,76.23,7,0.4,7.63
2245,US-2022-00918,03/18/2022,03/24/2022,Standard Class,CU-0244,Olivia Davis,Corporate,United States,California,West,Office Supplies,Binders,34.98,2,0.3,0.2
2246,US-2024-00919,10/03/2024,10/09/2024,Standard Class,CU-0343,Aarav Brown,Corporate,United States,Florida,South,Technology,Machines,1834.5,6,0.3,-75.53
2247,US-2024-00919,10/03/2024,10/08/2024,Standard Class,CU-0343,Aarav Brown,Corporate,United States,Florida,South,Technology,Accessories,112.25,2,0.0,30.66
2248,US-2024-00919,10/03/2024,10/08/2024,Standard Class,CU-0343,Aarav Brown,Corporate,United States,Florida,South,Furniture,Bookcases,1016.81,5,0.3,-175.86
2249,US-2024-00919,10/03/2024,10/09/2024,Standard Class,CU-0343,Aarav Brown,Corporate,United States,Florida,South,Office Supplies,Binders,179.55,6,0.0,41.67
2250,US-2024-00920,02/20/2024,02/25/2024,Standard Class,CU-0401,Ethan Garcia,Home Office,United States,Ohio,East,Furniture,Chairs,543.08,2,0.0,70.37
2251,US-2024-00920,02/20/2024,02/26/2024,Standard Class,CU-0401,Ethan Garcia,Home Office,United States,Ohio,East,Technology,Copiers,3047.1,3,0.0,1127.76
2252,US-2024-00920,02/20/2024,02/25/2024,Standard Class,CU-0401,Ethan Garcia,Home Office,United States,Ohio,East,Office Supplies,Storage,64.81,1,0.2,-4.93
2253,US-2022-00921,12/08/2022,12/13/2022,Standard Class,CU-0229,John Wilson,Corporate,United States,Florida,South,Furniture,Chairs,719.15,3,0.2,13.92
2254,US-2022-00921,12/08/2022,12/13/2022,Standard Class,CU-0229,John Wilson,Corporate,United States,Florida,South,Technology,Phones,1117.65,6,0.4,-109.08
2255,US-2025-00922,05/30/2025,06/03/2025,Second Class,CU-0491,Ethan Miller,Corporate,United States,New York,East,Office Supplies,Binders,181.19,6,0.0,46.86
2256,US-2025-00922,05/30/2025,06/03/2025,Second Class,CU-0491,Ethan Miller,Corporate,United States,New York,East,Technology,Phones,1862.76,5,0.0,247.78
2257,US-2025-00922,05/30/2025,06/02/2025,Second Class,CU-0491,Ethan Miller,Corporate,United States,New York,East,Office Supplies,Art,38.99,2,0.0,7.85
2258,US-2025-00923,08/21/2025,08/26/2025,Standard Class,CU-0169,Sara Garcia,Corporate,United States,Washington,West,Technology,Machines,2332.44,6,0.3,-327.42
2259,US-2025-00923,08/21/2025,08/27/2025,Standard Class,CU-0169,Sara Garcia,Corporate,United States,Washington,West,Furniture,Bookcases,1892.95,5,0.0,82.52
2260,US-2025-00923,08/21/2025,08/26/2025,Standard Class,CU-0169,Sara Garcia,Corporate,United States,Washington,West,Furniture,Bookcases,1875.96,7,0.2,-82.81
2261,US-2025-00923,08/21/2025,08/27/2025,Standard Class,CU-0169,Sara Garcia,Corporate,United States,Washington,West,Office Supplies,Paper,16.89,1,0.0,7.97
2262,US-2023-00924,03/12/2023,03/15/2023,First Class,CU-0211,Ravi Lee,Corporate,United States,Texas,Central,Technology,Copiers,4009.04,5,0.3,930.38
2263,US-2024-00925,07/28/2024,08/03/2024,Standard Class,CU-0108,Maya Miller,Home Office,United States,California,West,Office Supplies,Paper,50.26,2,0.0,22.15
2264,US-2024-00925,07/28/2024,08/02/2024,Standard Class,CU-0108,Maya Miller,Home Office,United States,California,West,Office Supplies,Labels,55.15,6,0.4,9.01
2265,US-2024-00925,07/28/2024,08/02/2024,Standard Class,CU-0108,Maya Miller,Home Office,United States,California,West,Technology,Machines,3100.02,5,0.0,220.56
2266,US-2024-00926,11/20/2024,11/25/2024,Standard Class,CU-0352,Zoe Smith,Home Office,United States,Texas,Central,Furniture,Furnishings,148.82,3,0.0,17.06
2267,US-2024-00926,11/20/2024,11/25/2024,Standard Class,CU-0352,Zoe Smith,Home Office,United States,Texas,Central,Office Supplies,Art,102.32,6,0.0,18.73
2268,US-2022-00927,08/02/2022,08/04/2022,First Class,CU-0466,Olivia Miller,Corporate,United States,Pennsylvania,East,Technology,Machines,1250.9,3,0.3,-183.42
2269,US-2022-00927,08/02/2022,08/05/2022,First Class,CU-0466,Olivia Miller,Corporate,United States,Pennsylvania,East,Office Supplies,Paper,18.69,2,0.5,0.84
2270,US-2022-00927,08/02/2022,08/04/2022,First Class,CU-0466,Olivia Miller,Corporate,United States,Pennsylvania,East,Office Supplies,Paper,36.82,2,0.0,10.97
2271,US-2022-00928,11/23/2022,11/28/2022,Standard Class,CU-0260,Maya Brown,Home Office,United States,Michigan,Central,Technology,Accessories,178.31,3,0.0,51.6
2272,US-2024-00929,08/16/2024,08/19/2024,Second Class,CU-0326,John Smith,Corporate,United States,Georgia,South,Furniture,Tables,404.0,1,0.1,-64.47
2273,US-2024-00929,08/16/2024,08/19/2024,Second Class,CU-0326,John Smith,Corporate,United States,Georgia,South,Technology,Copiers,6791.75,6,0.0,2531.44
2274,US-2024-00930,07/06/2024,07/12/2024,Standard Class,CU-0139,Aarav Miller,Home Office,United States,Florida,South,Technology,Machines,3704.19,6,0.0,-96.76
2275,US-2024-00930,07/06/2024,07/11/2024,Standard Class,CU-0139,Aarav Miller,Home Office,United States,Florida,South,Technology,Machines,3673.59,6,0.0,24.16
2276,US-2024-00930,07/06/2024,07/11/2024,Standard Class,CU-0139,Aarav Miller,Home Office,United States,Florida,South,Technology,Copiers,5076.69,7,0.0,1694.79
2277,US-2025-00931,11/29/2025,12/04/2025,Standard Class,CU-0202,Maya Wilson,Corporate,United States,Ohio,East,Office Supplies,Art,60.2,5,0.2,11.62
2278,US-2025-00931,11/29/2025,12/04/2025,Standard Class,CU-0202,Maya Wilson,Corporate,United States,Ohio,East,Technology,Copiers,2439.84,3,0.3,801.24
2279,US-2022-00932,09/30/2022,10/04/2022,Second Class,CU-0452,Ethan Brown,Corporate,United States,Virginia,South,Technology,Accessories,271.86,6,0.0,57.59
2280,US-2022-00932,09/30/2022,10/04/2022,Second Class,CU-0452,Ethan Brown,Corporate,United States,Virginia,South,Technology,Machines,561.3,2,0.5,-142.8
2281,US-2022-00932,09/30/2022,10/03/2022,Second Class,CU-0452,Ethan Brown,Corporate,United States,Virginia,South,Furniture,Tables,2431.33,7,0.3,-751.35
2282,US-2024-00933,08/10/2024,08/12/2024,First Class,CU-0304,Maya Davis,Consumer,United States,Texas,Central,Furniture,Tables,730.97,3,0.5,-248.14
2283,US-2024-00934,05/23/2024,05/26/2024,Second Class,CU-0469,John Patel,Corporate,United States,Oregon,West,Technology,Phones,898.52,7,0.5,-72.29
2284,US-2024-00934,05/23/2024,05/26/2024,Second Class,CU-0469,John Patel,Corporate,United States,Oregon,West,Office Supplies,Labels,26.95,2,0.0,11.25
2285,US-2022-00935,10/04/2022,10/09/2022,Standard Class,CU-0359,Emma Patel,Home Office,United States,California,West,Furniture,Furnishings,308.46,6,0.0,40.51
2286,US-2022-00935,10/04/2022,10/09/2022,Standard Class,CU-0359,Emma Patel,Home Office,United States,California,West,Office Supplies,Binders,72.2,3,0.1,14.87
2287,US-2022-00936,05/10/2022,05/15/2022,Standard Class,CU-0608,Priya Lee,Home Office,United States,Illinois,Central,Technology,Copiers,1996.03,3,0.4,398.52
2288,US-2022-00936,05/10/2022,05/15/2022,Standard Class,CU-0608,Priya Lee,Home Office,United States,Illinois,Central,Technology,Accessories,113.42,3,0.4,-0.09
2289,US-2022-00936,05/10/2022,05/16/2022,Standard Class,CU-0608,Priya Lee,Home Office,United States,Illinois,Central,Furniture,Furnishings,148.34,4,0.5,-7.73
2290,US-2024-00937,11/26/2024,11/30/2024,Second Class,CU-0212,Liam Patel,Home Office,United States,Oregon,West,Furniture,Chairs,1915.85,7,0.1,116.49
2291,US-2024-00937,11/26/2024,11/29/2024,Second Class,CU-0212,Liam Patel,Home Office,United States,Oregon,West,Technology,Phones,1641.42,5,0.0,312.85
2292,US-2024-00937,11/26/2024,11/30/2024,Second Class,CU-0212,Liam Patel,Home Office,United States,Oregon,West,Office Supplies,Binders,96.67,4,0.0,23.2
2293,US-2024-00937,11/26/2024,11/30/2024,Second Class,CU-0212,Liam Patel,Home Office,United States,Oregon,West,Technology,Machines,1100.83,2,0.0,-6.83
2294,US-2022-00938,09/13/2022,09/19/2022,Standard Class,CU-0462,Ethan Lee,Consumer,United States,Texas,Central,Technology,Machines,386.73,1,0.2,-52.2
2295,US-2022-00938,09/13/2022,09/19/2022,Standard Class,CU-0462,Ethan Lee,Consumer,United States,Texas,Central,Furniture,Bookcases,331.84,1,0.0,-7.04
2296,US-2022-00938,09/13/2022,09/18/2022,Standard Class,CU-0462,Ethan Lee,Consumer,United States,Texas,Central,Office Supplies,Storage,114.72,1,0.0,26.69
2297,US-2022-00938,09/13/2022,09/18/2022,Standard Class,CU-0462,Ethan Lee,Consumer,United States,Texas,Central,Technology,Phones,1094.43,6,0.3,-56.91
2298,US-2023-00939,02/05/2023,02/10/2023,Standard Class,CU-0061,Zoe Patel,Corporate,United States,Michigan,Central,Office Supplies,Art,26.6,2,0.2,3.27
2299,US-2023-00939,02/05/2023,02/10/2023,Standard Class,CU-0061,Zoe Patel,Corporate,United States,Michigan,Central,Office Supplies,Art,76.17,7,0.4,-1.77
2300,US-2023-00939,02/05/2023,02/11/2023,Standard Class,CU-0061,Zoe Patel,Corporate,United States,Michigan,Central,Office Supplies,Labels,74.86,5,0.0,30.61
2301,US-2023-00940,06/17/2023,06/20/2023,First Class,CU-0459,Ethan Clark,Home Office,United States,Georgia,South,Furniture,Tables,1989.65,4,0.0,-90.43
2302,US-2023-00940,06/17/2023,06/19/2023,First Class,CU-0459,Ethan Clark,Home Office,United States,Georgia,South,Office Supplies,Labels,51.86,4,0.0,23.86
2303,US-2023-00940,06/17/2023,06/20/2023,First Class,CU-0459,Ethan Clark,Home Office,United States,Georgia,South,Technology,Machines,2640.01,7,0.1,-198.76
2304,US-2023-00940,06/17/2023,06/19/2023,First Class,CU-0459,Ethan Clark,Home Office,United States,Georgia,South,Furniture,Bookcases,623.3,2,0.1,-51.93
2305,US-2025-00941,02/26/2025,03/02/2025,Second Class,CU-0582,Aarav Brown,Home Office,United States,Florida,South,Furniture,Tables,1348.67,7,0.4,-548.24
2306,US-2025-00941,02/26/2025,03/01/2025,Second Class,CU-0582,Aarav Brown,Home Office,United States,Florida,South,Technology,Copiers,4347.03,4,0.0,1584.35
2307,US-2025-00942,06/15/2025,06/20/2025,Standard Class,CU-0024,Emma Davis,Consumer,United States,Florida,South,Furniture,Furnishings,142.78,4,0.5,-10.05
2308,US-2025-00942,06/15/2025,06/20/2025,Standard Class,CU-0024,Emma Davis,Consumer,United States,Florida,South,Office Supplies,Art,70.31,5,0.1,17.56
2309,US-2025-00943,12/15/2025,12/19/2025,Second Class,CU-0422,Priya Brown,Consumer,United States,New York,East,Furniture,Chairs,275.82,1,0.0,25.93
2310,US-2025-00943,12/15/2025,12/18/2025,Second Class,CU-0422,Priya Brown,Consumer,United States,New York,East,Furniture,Chairs,816.33,3,0.0,54.13
2311,US-2025-00943,12/15/2025,12/18/2025,Second Class,CU-0422,Priya Brown,Consumer,United States,New York,East,Furniture,Bookcases,1692.71,7,0.0,-81.79
2312,US-2024-00944,02/21/2024,02/26/2024,Standard Class,CU-0532,Aarav Davis,Consumer,United States,Oregon,West,Office Supplies,Labels,10.48,1,0.2,2.86
2313,US-2022-00945,12/18/2022,12/20/2022,First Class,CU-0337,Ravi Khan,Consumer,United States,Ohio,East,Furniture,Tables,997.49,4,0.5,-293.33
2314,US-2024-00946,08/17/2024,08/20/2024,First Class,CU-0612,Aarav Garcia,Consumer,United States,California,West,Office Supplies,Binders,60.25,5,0.5,-5.55
2315,US-2024-00946,08/17/2024,08/20/2024,First Class,CU-0612,Aarav Garcia,Consumer,United States,California,West,Office Supplies,Binders,176.29,7,0.0,45.99
2316,US-2024-00946,08/17/2024,08/19/2024,First Class,CU-0612,Aarav Garcia,Consumer,United States,California,West,Furniture,Chairs,226.2,2,0.5,-20.82
2317,US-2023-00947,09/11/2023,09/15/2023,Second Class,CU-0097,Noah Garcia,Home Office,United States,Georgia,South,Technology,Machines,981.78,2,0.2,40.03
2318,US-2023-00947,09/11/2023,09/14/2023,Second Class,CU-0097,Noah Garcia,Home Office,United States,Georgia,South,Furniture,Chairs,1036.24,5,0.1,-38.23
2319,US-2023-00947,09/11/2023,09/14/2023,Second Class,CU-0097,Noah Garcia,Home Office,United States,Georgia,South,Technology,Phones,630.69,3,0.2,25.8
2320,US-2023-00947,09/11/2023,09/15/2023,Second Class,CU-0097,Noah Garcia,Home Office,United States,Georgia,South,Office Supplies,Storage,230.84,4,0.2,-9.01
2321,US-2024-00948,03/17/2024,03/22/2024,Standard Class,CU-0406,Maya Khan,Home Office,United States,Georgia,South,Furniture,Tables,459.67,2,0.5,-113.65
2322,US-2024-00948,03/17/2024,03/23/2024,Standard Class,CU-0406,Maya Khan,Home Office,United States,Georgia,South,Furniture,Bookcases,1449.43,6,0.0,-4.22
2323,US-2024-00948,03/17/2024,03/22/2024,Standard Class,CU-0406,Maya Khan,Home Office,United States,Georgia,South,Furniture,Chairs,625.2,3,0.3,-22.21
2324,US-2024-00948,03/17/2024,03/23/2024,Standard Class,CU-0406,Maya Khan,Home Office,United States,Georgia,South,Technology,Accessories,154.31,6,0.5,5.53
2325,US-2024-00949,08/01/2024,08/06/2024,Standard Class,CU-0121,Ethan Wilson,Consumer,United States,Ohio,East,Technology,Phones,128.33,1,0.5,-20.41
2326,US-2024-00949,08/01/2024,08/07/2024,Standard Class,CU-0121,Ethan Wilson,Consumer,United States,Ohio,East,Office Supplies,Labels,24.03,2,0.0,7.92
2327,US-2023-00950,05/24/2023,05/29/2023,Standard Class,CU-0530,Aarav Wilson,Consumer,United States,Michigan,Central,Furniture,Tables,2242.51,5,0.0,-157.2
2328,US-2023-00950,05/24/2023,05/29/2023,Standard Class,CU-0530,Aarav Wilson,Consumer,United States,Michigan,Central,Office Supplies,Paper,24.46,3,0.5,2.68
2329,US-2023-00950,05/24/2023,05/30/2023,Standard Class,CU-0530,Aarav Wilson,Consumer,United States,Michigan,Central,Furniture,Chairs,1359.96,5,0.1,-61.2
2330,US-2025-00951,01/29/2025,02/04/2025,Standard Class,CU-0121,Ethan Wilson,Consumer,United States,New York,East,Furniture,Bookcases,1117.77,6,0.4,-145.8
2331,US-2023-00952,08/29/2023,09/01/2023,First Class,CU-0310,Sara Garcia,Corporate,United States,New York,East,Office Supplies,Binders,125.11,4,0.0,26.51
2332,US-2022-00953,03/27/2022,04/01/2022,Standard Class,CU-0528,John Khan,Corporate,United States,Florida,South,Furniture,Furnishings,404.87,6,0.0,50.59
2333,US-2023-00954,10/07/2023,10/09/2023,First Class,CU-0176,Sara Clark,Consumer,United States,Washington,West,Furniture,Tables,1320.72,4,0.3,-309.05
2334,US-2023-00954,10/07/2023,10/09/2023,First Class,CU-0176,Sara Clark,Consumer,United States,Washington,West,Furniture,Furnishings,212.64,6,0.4,-24.18
2335,US-2023-00955,11/28/2023,12/04/2023,Standard Class,CU-0614,Noah Garcia,Consumer,United States,Texas,Central,Furniture,Furnishings,77.3,1,0.0,15.47
2336,US-2023-00955,11/28/2023,12/03/2023,Standard Class,CU-0614,Noah Garcia,Consumer,United States,Texas,Central,Technology,Machines,1757.09,6,0.4,-244.62
2337,US-2024-00956,12/18/2024,12/20/2024,First Class,CU-0348,Ethan Garcia,Corporate,United States,Illinois,Central,Technology,Phones,2467.17,7,0.0,234.43
2338,US-2024-00956,12/18/2024,12/21/2024,First Class,CU-0348,Ethan Garcia,Corporate,United States,Illinois,Central,Technology,Accessories,182.88,5,0.1,42.19
2339,US-2024-00957,12/31/2024,01/03/2025,First Class,CU-0450,Ravi Davis,Corporate,United States,Virginia,South,Technology,Phones,933.37,3,0.0,162.13
2340,US-2024-00957,12/31/2024,01/02/2025,First Class,CU-0450,Ravi Davis,Corporate,United States,Virginia,South,Furniture,Chairs,890.77,4,0.0,102.43
2341,US-2024-00957,12/31/2024,01/02/2025,First Class,CU-0450,Ravi Davis,Corporate,United States,Virginia,South,Technology,Phones,642.48,5,0.5,-59.09
2342,US-2022-00958,12/05/2022,12/10/2022,Standard Class,CU-0244,Olivia Davis,Corporate,United States,Florida,South,Technology,Copiers,1594.42,4,0.5,99.11
2343,US-2022-00958,12/05/2022,12/10/2022,Standard Class,CU-0244,Olivia Davis,Corporate,United States,Florida,South,Office Supplies,Storage,551.23,6,0.0,69.27
2344,US-2022-00958,12/05/2022,12/11/2022,Standard Class,CU-0244,Olivia Davis,Corporate,United States,Florida,South,Technology,Phones,915.97,6,0.5,-119.94
2345,US-2023-00959,03/15/2023,03/21/2023,Standard Class,CU-0606,Maya Brown,Consumer,United States,New York,East,Technology,Phones,2474.25,7,0.0,253.99
2346,US-2023-00959,03/15/2023,03/20/2023,Standard Class,CU-0606,Maya Brown,Consumer,United States,New York,East,Office Supplies,Art,62.58,5,0.1,13.23
2347,US-2023-00959,03/15/2023,03/20/2023,Standard Class,CU-0606,Maya Brown,Consumer,United States,New York,East,Office Supplies,Paper,101.62,7,0.3,19.22
2348,US-2023-00959,03/15/2023,03/21/2023,Standard Class,CU-0606,Maya Brown,Consumer,United States,New York,East,Technology,Machines,1447.85,6,0.4,-247.28
2349,US-2023-00960,07/26/2023,07/28/2023,First Class,CU-0641,Liam Khan,Home Office,United States,Virginia,South,Furniture,Chairs,211.15,1,0.2,0.47
2350,US-2023-00960,07/26/2023,07/29/2023,First Class,CU-0641,Liam Khan,Home Office,United States,Virginia,South,Furniture,Bookcases,508.35,3,0.5,-93.67
2351,US-2022-00961,11/02/2022,11/08/2022,Standard Class,CU-0593,Sara Patel,Consumer,United States,Georgia,South,Technology,Copiers,7567.16,7,0.0,2670.69
2352,US-2025-00962,08/29/2025,08/30/2025,Same Day,CU-0080,Emma Lee,Corporate,United States,New York,East,Office Supplies,Labels,25.24,2,0.0,8.11
2353,US-2025-00962,08/29/2025,08/30/2025,Same Day,CU-0080,Emma Lee,Corporate,United States,New York,East,Technology,Machines,2597.56,7,0.1,-107.26
2354,US-2025-00962,08/29/2025,08/30/2025,Same Day,CU-0080,Emma Lee,Corporate,United States,New York,East,Technology,Machines,1112.44,2,0.0,33.52
2355,US-2022-00963,05/03/2022,05/06/2022,Second Class,CU-0395,Ravi Garcia,Corporate,United States,Michigan,Central,Furniture,Furnishings,96.6,3,0.5,-11.06
2356,US-2022-00963,05/03/2022,05/06/2022,Second Class,CU-0395,Ravi Garcia,Corporate,United States,Michigan,Central,Office Supplies,Paper,145.72,6,0.0,56.44
2357,US-2022-00963,05/03/2022,05/07/2022,Second Class,CU-0395,Ravi Garcia,Corporate,United States,Michigan,Central,Furniture,Chairs,960.26,4,0.0,166.92
2358,US-2024-00964,08/31/2024,08/31/2024,Same Day,CU-0557,Noah Davis,Home Office,United States,Illinois,Central,Technology,Machines,3036.45,5,0.0,78.61
2359,US-2024-00964,08/31/2024,08/31/2024,Same Day,CU-0557,Noah Davis,Home Office,United States,Illinois,Central,Furniture,Tables,1875.03,4,0.0,-251.57
2360,US-2024-00964,08/31/2024,08/31/2024,Same Day,CU-0557,Noah Davis,Home Office,United States,Illinois,Central,Office Supplies,Paper,36.76,4,0.5,8.79
2361,US-2024-00964,08/31/2024,09/01/2024,Same Day,CU-0557,Noah Davis,Home Office,United States,Illinois,Central,Technology,Phones,1032.77,7,0.5,-118.35
2362,US-2022-00965,02/19/2022,02/21/2022,First Class,CU-0612,Aarav Garcia,Consumer,United States,Texas,Central,Technology,Accessories,151.38,3,0.0,46.65
2363,US-2022-00966,07/31/2022,08/05/2022,Standard Class,CU-0194,Maya Smith,Home Office,United States,Georgia,South,Office Supplies,Labels,64.27,6,0.0,28.71
2364,US-2022-00966,07/31/2022,08/06/2022,Standard Class,CU-0194,Maya Smith,Home Office,United States,Georgia,South,Technology,Copiers,754.48,1,0.3,119.85
2365,US-2022-00967,12/04/2022,12/10/2022,Standard Class,CU-0396,Sara Patel,Corporate,United States,Texas,Central,Technology,Accessories,129.63,3,0.2,24.36
2366,US-2022-00968,11/21/2022,11/27/2022,Standard Class,CU-0315,Ethan Garcia,Consumer,United States,Pennsylvania,East,Technology,Accessories,301.06,7,0.1,73.32
2367,US-2023-00969,02/01/2023,02/06/2023,Standard Class,CU-0687,Liam Garcia,Home Office,United States,Oregon,West,Office Supplies,Art,43.18,6,0.5,-1.21
2368,US-2023-00969,02/01/2023,02/06/2023,Standard Class,CU-0687,Liam Garcia,Home Office,United States,Oregon,West,Furniture,Chairs,1503.43,7,0.0,103.19
2369,US-2023-00969,02/01/2023,02/06/2023,Standard Class,CU-0687,Liam Garcia,Home Office,United States,Oregon,West,Office Supplies,Paper,71.82,4,0.0,30.24
2370,US-2023-00970,11/19/2023,11/24/2023,Standard Class,CU-0076,Sara Wilson,Corporate,United States,Ohio,East,Technology,Copiers,1981.3,3,0.4,276.13
2371,US-2023-00970,11/19/2023,11/24/2023,Standard Class,CU-0076,Sara Wilson,Corporate,United States,Ohio,East,Technology,Accessories,32.85,1,0.2,2.1
2372,US-2023-00970,11/19/2023,11/25/2023,Standard Class,CU-0076,Sara Wilson,Corporate,United States,Ohio,East,Office Supplies,Binders,89.68,6,0.5,0.71
2373,US-2024-00971,04/05/2024,04/07/2024,First Class,CU-0325,Emma Garcia,Consumer,United States,New York,East,Furniture,Furnishings,100.2,2,0.0,12.04
2374,US-2024-00971,04/05/2024,04/07/2024,First Class,CU-0325,Emma Garcia,Consumer,United States,New York,East,Technology,Accessories,197.39,6,0.4,-6.71
2375,US-2024-00971,04/05/2024,04/07/2024,First Class,CU-0325,Emma Garcia,Consumer,United States,New York,East,Furniture,Tables,875.94,2,0.0,-0.44
2376,US-2025-00972,05/10/2025,05/15/2025,Standard Class,CU-0438,Liam Davis,Home Office,United States,Michigan,Central,Technology,Accessories,245.96,5,0.2,34.43
2377,US-2025-00972,05/10/2025,05/15/2025,Standard Class,CU-0438,Liam Davis,Home Office,United States,Michigan,Central,Office Supplies,Art,66.21,6,0.2,8.41
2378,US-2025-00972,05/10/2025,05/16/2025,Standard Class,CU-0438,Liam Davis,Home Office,United States,Michigan,Central,Furniture,Tables,1628.62,4,0.0,-130.53
2379,US-2025-00972,05/10/2025,05/16/2025,Standard Class,CU-0438,Liam Davis,Home Office,United States,Michigan,Central,Office Supplies,Storage,224.83,4,0.3,-6.7
2380,US-2024-00973,01/02/2024,01/08/2024,Standard Class,CU-0301,Aarav Smith,Consumer,United States,Texas,Central,Technology,Copiers,1402.7,3,0.4,169.17
2381,US-2024-00973,01/02/2024,01/07/2024,Standard Class,CU-0301,Aarav Smith,Consumer,United States,Texas,Central,Technology,Phones,315.93,2,0.5,-27.41
2382,US-2024-00974,06/16/2024,06/19/2024,Second Class,CU-0473,Olivia Garcia,Home Office,United States,Washington,West,Furniture,Bookcases,1800.69,5,0.0,-52.61
2383,US-2023-00975,11/28/2023,12/01/2023,First Class,CU-0625,Olivia Clark,Corporate,United States,Oregon,West,Furniture,Tables,1720.16,5,0.0,-170.18
2384,US-2023-00975,11/28/2023,11/30/2023,First Class,CU-0625,Olivia Clark,Corporate,United States,Oregon,West,Technology,Machines,2300.7,5,0.0,166.56
2385,US-2023-00975,11/28/2023,11/30/2023,First Class,CU-0625,Olivia Clark,Corporate,United States,Oregon,West,Technology,Phones,323.58,2,0.4,-37.84
2386,US-2023-00975,11/28/2023,11/30/2023,First Class,CU-0625,Olivia Clark,Corporate,United States,Oregon,West,Furniture,Furnishings,250.39,4,0.0,31.8
2387,US-2022-00976,01/28/2022,02/02/2022,Standard Class,CU-0308,Noah Garcia,Consumer,United States,Pennsylvania,East,Furniture,Chairs,575.56,4,0.4,-42.25
2388,US-2024-00977,09/17/2024,09/23/2024,Standard Class,CU-0685,Liam Clark,Home Office,United States,Michigan,Central,Furniture,Furnishings,147.89,4,0.5,-23.9
2389,US-2024-00977,09/17/2024,09/22/2024,Standard Class,CU-0685,Liam Clark,Home Office,United States,Michigan,Central,Furniture,Bookcases,2535.74,7,0.0,179.06
2390,US-2024-00977,09/17/2024,09/23/2024,Standard Class,CU-0685,Liam Clark,Home Office,United States,Michigan,Central,Office Supplies,Labels,44.24,7,0.4,8.59
2391,US-2024-00977,09/17/2024,09/23/2024,Standard Class,CU-0685,Liam Clark,Home Office,United States,Michigan,Central,Technology,Machines,581.26,1,0.0,27.79
2392,US-2024-00978,09/21/2024,09/26/2024,Standard Class,CU-0132,Olivia Davis,Home Office,United States,Texas,Central,Furniture,Chairs,1055.25,7,0.3,-94.67
2393,US-2024-00978,09/21/2024,09/26/2024,Standard Class,CU-0132,Olivia Davis,Home Office,United States,Texas,Central,Technology,Phones,956.7,5,0.3,-22.12
2394,US-2024-00978,09/21/2024,09/27/2024,Standard Class,CU-0132,Olivia Davis,Home Office,United States,Texas,Central,Technology,Copiers,4248.48,5,0.0,1298.24
2395,US-2024-00979,02/02/2024,02/07/2024,Standard Class,CU-0256,Priya Miller,Corporate,United States,Ohio,East,Office Supplies,Storage,269.01,6,0.4,-48.57
2396,US-2024-00979,02/02/2024,02/08/2024,Standard Class,CU-0256,Priya Miller,Corporate,United States,Ohio,East,Technology,Copiers,3974.05,4,0.0,1272.24
2397,US-2024-00979,02/02/2024,02/07/2024,Standard Class,CU-0256,Priya Miller,Corporate,United States,Ohio,East,Technology,Machines,843.92,3,0.4,-126.21
2398,US-2024-00979,02/02/2024,02/07/2024,Standard Class,CU-0256,Priya Miller,Corporate,United States,Ohio,East,Technology,Accessories,171.0,4,0.3,14.11
2399,US-2024-00980,04/05/2024,04/08/2024,Second Class,CU-0014,Olivia Patel,Home Office,United States,Oregon,West,Office Supplies,Paper,79.99,4,0.2,17.36
2400,US-2025-00981,11/30/2025,12/06/2025,Standard Class,CU-0539,Aarav Patel,Home Office,United States,Michigan,Central,Office Supplies,Labels,10.93,1,0.1,3.03
2401,US-2023-00982,02/13/2023,02/16/2023,First Class,CU-0036,Priya Davis,Corporate,United States,Oregon,West,Furniture,Bookcases,1373.91,6,0.1,-44.26
2402,US-2023-00982,02/13/2023,02/16/2023,First Class,CU-0036,Priya Davis,Corporate,United States,Oregon,West,Furniture,Furnishings,141.77,5,0.5,-4.67
2403,US-2023-00982,02/13/2023,02/16/2023,First Class,CU-0036,Priya Davis,Corporate,United States,Oregon,West,Technology,Copiers,782.42,1,0.3,141.69
2404,US-2025-00983,03/25/2025,03/31/2025,Standard Class,CU-0490,Liam Davis,Consumer,United States,Michigan,Central,Furniture,Furnishings,148.85,6,0.5,-23.46
2405,US-2025-00983,03/25/2025,03/30/2025,Standard Class,CU-0490,Liam Davis,Consumer,United States,Michigan,Central,Technology,Accessories,134.05,3,0.3,14.16
2406,US-2022-00984,06/08/2022,06/10/2022,First Class,CU-0193,Zoe Khan,Home Office,United States,Oregon,West,Furniture,Bookcases,1367.55,5,0.0,140.45
2407,US-2022-00984,06/08/2022,06/11/2022,First Class,CU-0193,Zoe Khan,Home Office,United States,Oregon,West,Furniture,Chairs,517.44,2,0.0,77.95
2408,US-2022-00984,06/08/2022,06/11/2022,First Class,CU-0193,Zoe Khan,Home Office,United States,Oregon,West,Office Supplies,Paper,50.53,2,0.0,19.95
2409,US-2025-00985,03/28/2025,04/03/2025,Standard Class,CU-0673,Liam Davis,Home Office,United States,Florida,South,Office Supplies,Binders,57.18,2,0.0,13.16
2410,US-2024-00986,04/09/2024,04/15/2024,Standard Class,CU-0169,Sara Garcia,Corporate,United States,Texas,Central,Furniture,Chairs,2027.77,7,0.0,491.62
2411,US-2024-00986,04/09/2024,04/14/2024,Standard Class,CU-0169,Sara Garcia,Corporate,United States,Texas,Central,Office Supplies,Paper,94.0,6,0.1,25.99
2412,US-2023-00987,04/28/2023,05/03/2023,Standard Class,CU-0087,John Khan,Home Office,United States,Oregon,West,Office Supplies,Storage,232.54,4,0.2,-3.85
2413,US-2023-00987,04/28/2023,05/04/2023,Standard Class,CU-0087,John Khan,Home Office,United States,Oregon,West,Technology,Accessories,245.4,6,0.0,55.95
2414,US-2023-00987,04/28/2023,05/03/2023,Standard Class,CU-0087,John Khan,Home Office,United States,Oregon,West,Technology,Copiers,4097.46,6,0.4,319.1
2415,US-2023-00988,07/12/2023,07/12/2023,Same Day,CU-0333,Noah Lee,Home Office,United States,New York,East,Technology,Copiers,3012.88,7,0.5,384.4
2416,US-2023-00988,07/12/2023,07/13/2023,Same Day,CU-0333,Noah Lee,Home Office,United States,New York,East,Furniture,Tables,2449.71,7,0.1,-496.63
2417,US-2023-00988,07/12/2023,07/12/2023,Same Day,CU-0333,Noah Lee,Home Office,United States,New York,East,Office Supplies,Labels,33.58,3,0.0,13.84
2418,US-2025-00989,07/18/2025,07/20/2025,First Class,CU-0178,Maya Patel,Consumer,United States,Oregon,West,Technology,Machines,2432.59,5,0.0,179.18
2419,US-2024-00990,09/10/2024,09/15/2024,Standard Class,CU-0133,Aarav Patel,Consumer,United States,Michigan,Central,Furniture,Furnishings,124.35,5,0.5,-9.83
2420,US-2024-00990,09/10/2024,09/15/2024,Standard Class,CU-0133,Aarav Patel,Consumer,United States,Michigan,Central,Furniture,Chairs,364.61,2,0.2,-13.75
2421,US-2024-00990,09/10/2024,09/16/2024,Standard Class,CU-0133,Aarav Patel,Consumer,United States,Michigan,Central,Office Supplies,Labels,30.59,3,0.2,9.32
2422,US-2024-00990,09/10/2024,09/15/2024,Standard Class,CU-0133,Aarav Patel,Consumer,United States,Michigan,Central,Technology,Accessories,47.53,1,0.0,9.94
2423,US-2022-00991,02/19/2022,02/24/2022,Standard Class,CU-0411,Priya Davis,Home Office,United States,Florida,South,Technology,Accessories,55.2,1,0.0,14.73
2424,US-2022-00991,02/19/2022,02/24/2022,Standard Class,CU-0411,Priya Davis,Home Office,United States,Florida,South,Office Supplies,Art,12.45,2,0.5,-0.07
2425,US-2022-00991,02/19/2022,02/24/2022,Standard Class,CU-0411,Priya Davis,Home Office,United States,Florida,South,Furniture,Furnishings,347.7,5,0.0,24.03
2426,US-2024-00992,10/16/2024,10/17/2024,Same Day,CU-0110,Aarav Patel,Corporate,United States,Georgia,South,Office Supplies,Binders,77.72,7,0.5,-6.0
2427,US-2024-00992,10/16/2024,10/17/2024,Same Day,CU-0110,Aarav Patel,Corporate,United States,Georgia,South,Office Supplies,Art,51.28,4,0.0,9.95
2428,US-2024-00993,05/28/2024,06/03/2024,Standard Class,CU-0616,Olivia Garcia,Corporate,United States,Virginia,South,Office Supplies,Paper,17.37,1,0.2,4.08
2429,US-2024-00993,05/28/2024,06/02/2024,Standard Class,CU-0616,Olivia Garcia,Corporate,United States,Virginia,South,Technology,Copiers,700.26,1,0.3,128.19
2430,US-2023-00994,04/30/2023,05/06/2023,Standard Class,CU-0445,Emma Wilson,Corporate,United States,Michigan,Central,Technology,Accessories,188.58,4,0.0,52.85
2431,US-2022-00995,06/15/2022,06/19/2022,Second Class,CU-0067,Liam Clark,Corporate,United States,Virginia,South,Furniture,Bookcases,980.97,4,0.0,-31.69
2432,US-2022-00995,06/15/2022,06/19/2022,Second Class,CU-0067,Liam Clark,Corporate,United States,Virginia,South,Office Supplies,Paper,105.43,5,0.0,39.34
2433,US-2025-00996,03/17/2025,03/22/2025,Standard Class,CU-0528,John Khan,Corporate,United States,Washington,West,Technology,Copiers,4350.85,6,0.3,794.98
2434,US-2025-00996,03/17/2025,03/23/2025,Standard Class,CU-0528,John Khan,Corporate,United States,Washington,West,Office Supplies,Labels,61.58,5,0.1,13.91
2435,US-2025-00996,03/17/2025,03/22/2025,Standard Class,CU-0528,John Khan,Corporate,United States,Washington,West,Furniture,Chairs,517.44,5,0.5,-54.17
2436,US-2025-00997,08/11/2025,08/16/2025,Standard Class,CU-0037,Emma Davis,Consumer,United States,Illinois,Central,Technology,Machines,2785.55,6,0.2,-404.82
2437,US-2025-00997,08/11/2025,08/16/2025,Standard Class,CU-0037,Emma Davis,Consumer,United States,Illinois,Central,Furniture,Bookcases,382.77,2,0.5,-97.29
2438,US-2025-00997,08/11/2025,08/16/2025,Standard Class,CU-0037,Emma Davis,Consumer,United States,Illinois,Central,Office Supplies,Storage,214.71,5,0.5,-45.35
2439,US-2025-00997,08/11/2025,08/16/2025,Standard Class,CU-0037,Emma Davis,Consumer,United States,Illinois,Central,Office Supplies,Paper,67.06,4,0.0,20.42
2440,US-2022-00998,09/25/2022,09/29/2022,Second Class,CU-0076,Sara Wilson,Corporate,United States,Oregon,West,Furniture,Bookcases,547.21,3,0.3,-96.42
2441,US-2022-00998,09/25/2022,09/29/2022,Second Class,CU-0076,Sara Wilson,Corporate,United States,Oregon,West,Office Supplies,Binders,72.32,3,0.1,11.06
2442,US-2022-00998,09/25/2022,09/29/2022,Second Class,CU-0076,Sara Wilson,Corporate,United States,Oregon,West,Furniture,Furnishings,58.48,1,0.0,9.82
2443,US-2023-00999,07/03/2023,07/06/2023,Second Class,CU-0195,Maya Smith,Corporate,United States,Texas,Central,Furniture,Bookcases,607.23,4,0.5,-149.66
2444,US-2023-00999,07/03/2023,07/06/2023,Second Class,CU-0195,Maya Smith,Corporate,United States,Texas,Central,Technology,Phones,1298.59,4,0.0,171.92
2445,US-2023-00999,07/03/2023,07/07/2023,Second Class,CU-0195,Maya Smith,Corporate,United States,Texas,Central,Office Supplies,Art,16.58,1,0.0,3.19
2446,US-2023-00999,07/03/2023,07/06/2023,Second Class,CU-0195,Maya Smith,Corporate,United States,Texas,Central,Technology,Phones,1899.13,7,0.0,261.47
2447,US-2023-01000,08/18/2023,08/23/2023,Standard Class,CU-0208,Emma Patel,Corporate,United States,Pennsylvania,East,Office Supplies,Storage,442.84,6,0.2,-16.58
2448,US-2023-01000,08/18/2023,08/23/2023,Standard Class,CU-0208,Emma Patel,Corporate,United States,Pennsylvania,East,Furniture,Bookcases,1593.25,5,0.0,41.01
2449,US-2023-01000,08/18/2023,08/23/2023,Standard Class,CU-0208,Emma Patel,Corporate,United States,Pennsylvania,East,Technology,Machines,882.58,2,0.3,-65.3
2450,US-2023-01001,09/21/2023,09/27/2023,Standard Class,CU-0099,Noah Khan,Home Office,United States,New York,East,Office Supplies,Paper,38.49,4,0.4,6.63
2451,US-2024-01002,01/02/2024,01/08/2024,Standard Class,CU-0181,Ravi Smith,Consumer,United States,Florida,South,Technology,Copiers,3182.76,5,0.4,229.02
2452,US-2024-01002,01/02/2024,01/08/2024,Standard Class,CU-0181,Ravi Smith,Consumer,United States,Florida,South,Furniture,Tables,1825.77,5,0.0,-90.98
2453,US-2024-01002,01/02/2024,01/07/2024,Standard Class,CU-0181,Ravi Smith,Consumer,United States,Florida,South,Office Supplies,Art,15.41,1,0.2,1.9
2454,US-2024-01003,07/26/2024,07/30/2024,Second Class,CU-0110,Aarav Patel,Corporate,United States,Washington,West,Office Supplies,Labels,77.42,7,0.0,30.22
2455,US-2024-01003,07/26/2024,07/29/2024,Second Class,CU-0110,Aarav Patel,Corporate,United States,Washington,West,Furniture,Furnishings,320.32,5,0.0,56.15
2456,US-2024-01003,07/26/2024,07/29/2024,Second Class,CU-0110,Aarav Patel,Corporate,United States,Washington,West,Office Supplies,Labels,27.14,4,0.3,7.97
2457,US-2024-01003,07/26/2024,07/30/2024,Second Class,CU-0110,Aarav Patel,Corporate,United States,Washington,West,Office Supplies,Binders,61.06,3,0.0,13.41
2458,US-2024-01004,05/14/2024,05/19/2024,Standard Class,CU-0197,Ethan Wilson,Home Office,United States,Virginia,South,Furniture,Chairs,737.6,7,0.5,-155.5
2459,US-2024-01004,05/14/2024,05/20/2024,Standard Class,CU-0197,Ethan Wilson,Home Office,United States,Virginia,South,Furniture,Furnishings,223.59,5,0.4,-12.61
2460,US-2024-01004,05/14/2024,05/20/2024,Standard Class,CU-0197,Ethan Wilson,Home Office,United States,Virginia,South,Furniture,Tables,1544.71,5,0.1,-165.25
2461,US-2024-01004,05/14/2024,05/19/2024,Standard Class,CU-0197,Ethan Wilson,Home Office,United States,Virginia,South,Technology,Accessories,254.91,6,0.3,38.97
2462,US-2024-01005,05/30/2024,06/05/2024,Standard Class,CU-0051,Ethan Brown,Home Office,United States,Georgia,South,Office Supplies,Labels,54.38,5,0.1,14.99
2463,US-2024-01005,05/30/2024,06/05/2024,Standard Class,CU-0051,Ethan Brown,Home Office,United States,Georgia,South,Office Supplies,Art,38.25,3,0.0,4.88
2464,US-2024-01006,06/14/2024,06/19/2024,Standard Class,CU-0471,Aarav Khan,Consumer,United States,Oregon,West,Technology,Machines,3820.23,6,0.0,-55.31
2465,US-2024-01007,01/30/2024,01/31/2024,Same Day,CU-0464,Ethan Lee,Corporate,United States,Oregon,West,Office Supplies,Paper,56.66,4,0.2,14.28
2466,US-2024-01007,01/30/2024,01/30/2024,Same Day,CU-0464,Ethan Lee,Corporate,United States,Oregon,West,Technology,Machines,1702.61,7,0.5,-598.42
2467,US-2023-01008,12/23/2023,12/26/2023,Second Class,CU-0445,Emma Wilson,Corporate,United States,Michigan,Central,Technology,Copiers,3773.54,5,0.0,1194.72
2468,US-2023-01008,12/23/2023,12/26/2023,Second Class,CU-0445,Emma Wilson,Corporate,United States,Michigan,Central,Technology,Accessories,176.0,4,0.1,41.54
2469,US-2023-01008,12/23/2023,12/27/2023,Second Class,CU-0445,Emma Wilson,Corporate,United States,Michigan,Central,Furniture,Tables,1924.91,5,0.1,-275.78
2470,US-2023-01009,02/08/2023,02/14/2023,Standard Class,CU-0357,Liam Smith,Home Office,United States,California,West,Furniture,Tables,2334.15,5,0.1,-334.2
2471,US-2023-01009,02/08/2023,02/14/2023,Standard Class,CU-0357,Liam Smith,Home Office,United States,California,West,Office Supplies,Labels,26.01,3,0.1,10.61
2472,US-2023-01009,02/08/2023,02/14/2023,Standard Class,CU-0357,Liam Smith,Home Office,United States,California,West,Furniture,Bookcases,1535.19,4,0.0,83.69
2473,US-2022-01010,06/23/2022,06/28/2022,Standard Class,CU-0321,Maya Garcia,Home Office,United States,New York,East,Furniture,Furnishings,117.77,2,0.1,9.93
2474,US-2022-01010,06/23/2022,06/28/2022,Standard Class,CU-0321,Maya Garcia,Home Office,United States,New York,East,Office Supplies,Binders,90.77,4,0.0,20.74
2475,US-2022-01010,06/23/2022,06/28/2022,Standard Class,CU-0321,Maya Garcia,Home Office,United States,New York,East,Office Supplies,Labels,62.6,6,0.1,19.14
2476,US-2022-01010,06/23/2022,06/28/2022,Standard Class,CU-0321,Maya Garcia,Home Office,United States,New York,East,Technology,Accessories,444.73,7,0.0,115.0
2477,US-2025-01011,04/05/2025,04/09/2025,Second Class,CU-0481,Priya Khan,Home Office,United States,New York,East,Furniture,Chairs,1419.88,7,0.3,-114.87
2478,US-2024-01012,03/06/2024,03/08/2024,First Class,CU-0692,Liam Miller,Corporate,United States,Virginia,South,Technology,Phones,248.2,1,0.0,40.26
2479,US-2024-01012,03/06/2024,03/08/2024,First Class,CU-0692,Liam Miller,Corporate,United States,Virginia,South,Furniture,Bookcases,1010.71,7,0.5,-286.78
2480,US-2024-01012,03/06/2024,03/08/2024,First Class,CU-0692,Liam Miller,Corporate,United States,Virginia,South,Technology,Accessories,141.32,4,0.3,17.09
2481,US-2022-01013,07/22/2022,07/27/2022,Standard Class,CU-0541,Sara Smith,Home Office,United States,Texas,Central,Office Supplies,Art,39.88,3,0.2,5.47
2482,US-2023-01014,07/09/2023,07/12/2023,Second Class,CU-0503,Ethan Garcia,Home Office,United States,Florida,South,Office Supplies,Art,115.68,7,0.0,38.68
2483,US-2022-01015,10/11/2022,10/13/2022,First Class,CU-0092,Zoe Garcia,Corporate,United States,Oregon,West,Technology,Machines,2202.06,4,0.0,-83.76
2484,US-2024-01016,05/19/2024,05/24/2024,Standard Class,CU-0651,Ethan Miller,Consumer,United States,California,West,Furniture,Chairs,1557.32,7,0.3,-114.6
2485,US-2022-01017,09/21/2022,09/22/2022,Same Day,CU-0564,Maya Davis,Home Office,United States,Illinois,Central,Technology,Machines,2534.89,6,0.0,-79.62
2486,US-2022-01017,09/21/2022,09/22/2022,Same Day,CU-0564,Maya Davis,Home Office,United States,Illinois,Central,Furniture,Tables,446.68,1,0.1,-81.86
2487,US-2024-01018,08/12/2024,08/18/2024,Standard Class,CU-0115,Olivia Khan,Home Office,United States,Washington,West,Technology,Accessories,188.65,3,0.0,28.23
2488,US-2024-01018,08/12/2024,08/18/2024,Standard Class,CU-0115,Olivia Khan,Home Office,United States,Washington,West,Furniture,Bookcases,1346.98,5,0.3,-173.75
2489,US-2025-01019,10/08/2025,10/12/2025,Second Class,CU-0694,Maya Wilson,Consumer,United States,Georgia,South,Furniture,Furnishings,169.94,3,0.0,34.47
2490,US-2023-01020,04/13/2023,04/19/2023,Standard Class,CU-0431,John Wilson,Corporate,United States,Ohio,East,Technology,Machines,292.05,1,0.4,-68.8
2491,US-2023-01020,04/13/2023,04/18/2023,Standard Class,CU-0431,John Wilson,Corporate,United States,Ohio,East,Office Supplies,Art,21.38,2,0.4,-0.11
2492,US-2023-01020,04/13/2023,04/18/2023,Standard Class,CU-0431,John Wilson,Corporate,United States,Ohio,East,Furniture,Chairs,261.36,1,0.0,15.13
2493,US-2025-01021,01/11/2025,01/13/2025,First Class,CU-0589,Noah Clark,Corporate,United States,Oregon,West,Furniture,Furnishings,212.0,4,0.0,42.55
2494,US-2025-01021,01/11/2025,01/13/2025,First Class,CU-0589,Noah Clark,Corporate,United States,Oregon,West,Technology,Machines,3909.04,7,0.0,81.47
2495,US-2025-01022,10/21/2025,10/27/2025,Standard Class,CU-0165,Priya Miller,Consumer,United States,California,West,Technology,Phones,1124.49,3,0.0,115.87
2496,US-2025-01022,10/21/2025,10/27/2025,Standard Class,CU-0165,Priya Miller,Consumer,United States,California,West,Furniture,Tables,2220.9,5,0.0,-82.55
2497,US-2025-01022,10/21/2025,10/27/2025,Standard Class,CU-0165,Priya Miller,Consumer,United States,California,West,Technology,Copiers,3564.99,4,0.0,1227.53
2498,US-2025-01022,10/21/2025,10/26/2025,Standard Class,CU-0165,Priya Miller,Consumer,United States,California,West,Office Supplies,Storage,115.0,1,0.0,11.35
2499,US-2022-01023,05/30/2022,06/02/2022,Second Class,CU-0632,Ravi Patel,Home Office,United States,Washington,West,Furniture,Bookcases,1010.28,3,0.0,-45.14
2500,US-2022-01023,05/30/2022,06/02/2022,Second Class,CU-0632,Ravi Patel,Home Office,United States,Washington,West,Technology,Phones,1356.85,5,0.0,219.29
2501,US-2022-01024,12/27/2022,01/01/2023,Standard Class,CU-0298,Ravi Khan,Home Office,United States,Florida,South,Technology,Copiers,1478.61,2,0.1,423.77
2502,US-2022-01024,12/27/2022,01/01/2023,Standard Class,CU-0298,Ravi Khan,Home Office,United States,Florida,South,Technology,Phones,1270.0,5,0.1,119.18
2503,US-2022-01024,12/27/2022,01/01/2023,Standard Class,CU-0298,Ravi Khan,Home Office,United States,Florida,South,Office Supplies,Storage,250.06,5,0.5,-23.07
2504,US-2025-01025,03/15/2025,03/21/2025,Standard Class,CU-0296,Ravi Smith,Consumer,United States,Michigan,Central,Furniture,Bookcases,398.5,2,0.3,-76.64
2505,US-2023-01026,10/27/2023,11/02/2023,Standard Class,CU-0347,Emma Wilson,Home Office,United States,Texas,Central,Furniture,Furnishings,150.83,6,0.5,-19.68
2506,US-2023-01026,10/27/2023,11/01/2023,Standard Class,CU-0347,Emma Wilson,Home Office,United States,Texas,Central,Furniture,Chairs,737.17,5,0.3,-60.29
2507,US-2023-01026,10/27/2023,11/02/2023,Standard Class,CU-0347,Emma Wilson,Home Office,United States,Texas,Central,Technology,Copiers,6863.64,7,0.0,2826.43
2508,US-2022-01027,11/01/2022,11/06/2022,Standard Class,CU-0504,Ravi Lee,Consumer,United States,Georgia,South,Office Supplies,Storage,245.03,5,0.5,-26.64
2509,US-2024-01028,12/29/2024,01/04/2025,Standard Class,CU-0368,Emma Clark,Consumer,United States,Ohio,East,Technology,Phones,1515.25,6,0.0,158.33
2510,US-2024-01028,12/29/2024,01/04/2025,Standard Class,CU-0368,Emma Clark,Consumer,United States,Ohio,East,Technology,Accessories,63.87,2,0.4,-2.29
2511,US-2024-01028,12/29/2024,01/04/2025,Standard Class,CU-0368,Emma Clark,Consumer,United States,Ohio,East,Office Supplies,Storage,208.65,2,0.0,23.36
2512,US-2022-01029,11/03/2022,11/06/2022,Second Class,CU-0499,Liam Garcia,Corporate,United States,Oregon,West,Office Supplies,Labels,52.36,7,0.3,17.23
2513,US-2022-01029,11/03/2022,11/07/2022,Second Class,CU-0499,Liam Garcia,Corporate,United States,Oregon,West,Office Supplies,Art,136.21,7,0.0,47.77
2514,US-2022-01029,11/03/2022,11/07/2022,Second Class,CU-0499,Liam Garcia,Corporate,United States,Oregon,West,Technology,Copiers,943.68,2,0.5,38.44
2515,US-2022-01030,06/10/2022,06/12/2022,First Class,CU-0532,Aarav Davis,Consumer,United States,New York,East,Technology,Phones,1370.91,6,0.2,-19.95
2516,US-2022-01030,06/10/2022,06/12/2022,First Class,CU-0532,Aarav Davis,Consumer,United States,New York,East,Technology,Copiers,3222.78,4,0.0,1281.46
2517,US-2025-01031,04/09/2025,04/14/2025,Standard Class,CU-0444,Liam Garcia,Home Office,United States,Georgia,South,Technology,Copiers,6258.9,6,0.0,2383.42
2518,US-2024-01032,03/25/2024,03/25/2024,Same Day,CU-0498,Emma Smith,Consumer,United States,Illinois,Central,Technology,Accessories,213.03,6,0.4,6.0
2519,US-2024-01032,03/25/2024,03/25/2024,Same Day,CU-0498,Emma Smith,Consumer,United States,Illinois,Central,Technology,Phones,1317.24,4,0.0,131.17
2520,US-2025-01033,10/16/2025,10/21/2025,Standard Class,CU-0314,Noah Miller,Corporate,United States,California,West,Office Supplies,Binders,110.73,6,0.1,11.45
2521,US-2025-01033,10/16/2025,10/21/2025,Standard Class,CU-0314,Noah Miller,Corporate,United States,California,West,Furniture,Chairs,1303.34,5,0.0,211.98
2522,US-2025-01033,10/16/2025,10/21/2025,Standard Class,CU-0314,Noah Miller,Corporate,United States,California,West,Furniture,Chairs,1455.05,7,0.0,164.75
2523,US-2025-01033,10/16/2025,10/22/2025,Standard Class,CU-0314,Noah Miller,Corporate,United States,California,West,Technology,Phones,1237.12,7,0.5,-173.26
2524,US-2024-01034,09/29/2024,10/04/2024,Standard Class,CU-0005,Ravi Davis,Home Office,United States,Washington,West,Furniture,Furnishings,186.3,7,0.5,-29.53
2525,US-2024-01034,09/29/2024,10/04/2024,Standard Class,CU-0005,Ravi Davis,Home Office,United States,Washington,West,Office Supplies,Paper,79.74,4,0.0,31.03
2526,US-2024-01034,09/29/2024,10/04/2024,Standard Class,CU-0005,Ravi Davis,Home Office,United States,Washington,West,Technology,Machines,2592.28,5,0.0,314.97
2527,US-2023-01035,11/23/2023,11/29/2023,Standard Class,CU-0428,Ravi Lee,Home Office,United States,New York,East,Technology,Copiers,5515.89,7,0.3,1147.24
2528,US-2025-01036,10/11/2025,10/17/2025,Standard Class,CU-0553,Ethan Wilson,Home Office,United States,Ohio,East,Office Supplies,Binders,38.95,2,0.4,-0.51
2529,US-2025-01036,10/11/2025,10/16/2025,Standard Class,CU-0553,Ethan Wilson,Home Office,United States,Ohio,East,Office Supplies,Paper,102.08,4,0.0,39.52
2530,US-2025-01036,10/11/2025,10/16/2025,Standard Class,CU-0553,Ethan Wilson,Home Office,United States,Ohio,East,Office Supplies,Art,111.76,6,0.0,26.9
2531,US-2025-01036,10/11/2025,10/17/2025,Standard Class,CU-0553,Ethan Wilson,Home Office,United States,Ohio,East,Technology,Accessories,122.02,5,0.4,1.91
2532,US-2022-01037,10/18/2022,10/20/2022,First Class,CU-0444,Liam Garcia,Home Office,United States,Ohio,East,Technology,Phones,398.84,3,0.5,-59.58
2533,US-2022-01037,10/18/2022,10/21/2022,First Class,CU-0444,Liam Garcia,Home Office,United States,Ohio,East,Office Supplies,Labels,18.69,2,0.4,2.2
2534,US-2022-01037,10/18/2022,10/21/2022,First Class,CU-0444,Liam Garcia,Home Office,United States,Ohio,East,Technology,Phones,1349.46,5,0.0,287.63
2535,US-2022-01038,12/02/2022,12/07/2022,Standard Class,CU-0367,Aarav Garcia,Corporate,United States,Oregon,West,Office Supplies,Storage,546.57,5,0.0,50.49
2536,US-2022-01038,12/02/2022,12/07/2022,Standard Class,CU-0367,Aarav Garcia,Corporate,United States,Oregon,West,Technology,Machines,3116.72,7,0.0,-300.05
2537,US-2025-01039,07/31/2025,08/06/2025,Standard Class,CU-0099,Noah Khan,Home Office,United States,Texas,Central,Office Supplies,Art,41.82,6,0.5,-0.24
2538,US-2025-01039,07/31/2025,08/06/2025,Standard Class,CU-0099,Noah Khan,Home Office,United States,Texas,Central,Technology,Phones,602.19,2,0.0,123.72
2539,US-2024-01040,12/20/2024,12/26/2024,Standard Class,CU-0072,Emma Davis,Consumer,United States,Texas,Central,Furniture,Furnishings,52.98,1,0.3,-3.68
2540,US-2024-01040,12/20/2024,12/26/2024,Standard Class,CU-0072,Emma Davis,Consumer,United States,Texas,Central,Furniture,Furnishings,41.72,1,0.2,-0.25
2541,US-2024-01040,12/20/2024,12/26/2024,Standard Class,CU-0072,Emma Davis,Consumer,United States,Texas,Central,Technology,Machines,887.68,2,0.0,-0.16
2542,US-2025-01041,12/15/2025,12/20/2025,Standard Class,CU-0116,Sara Clark,Home Office,United States,Georgia,South,Furniture,Bookcases,1947.08,7,0.0,-48.16
2543,US-2025-01041,12/15/2025,12/21/2025,Standard Class,CU-0116,Sara Clark,Home Office,United States,Georgia,South,Furniture,Bookcases,915.94,4,0.2,-147.98
2544,US-2023-01042,03/13/2023,03/19/2023,Standard Class,CU-0373,Zoe Khan,Home Office,United States,Michigan,Central,Office Supplies,Storage,52.58,1,0.5,-12.37
2545,US-2023-01042,03/13/2023,03/19/2023,Standard Class,CU-0373,Zoe Khan,Home Office,United States,Michigan,Central,Office Supplies,Binders,121.11,6,0.3,7.74
2546,US-2023-01042,03/13/2023,03/18/2023,Standard Class,CU-0373,Zoe Khan,Home Office,United States,Michigan,Central,Office Supplies,Art,48.86,5,0.4,1.22
2547,US-2024-01043,07/31/2024,08/05/2024,Standard Class,CU-0361,Zoe Clark,Home Office,United States,Oregon,West,Office Supplies,Binders,174.61,7,0.2,23.64
2548,US-2024-01043,07/31/2024,08/05/2024,Standard Class,CU-0361,Zoe Clark,Home Office,United States,Oregon,West,Technology,Phones,1840.04,5,0.0,346.88
2549,US-2024-01043,07/31/2024,08/05/2024,Standard Class,CU-0361,Zoe Clark,Home Office,United States,Oregon,West,Technology,Copiers,988.11,1,0.1,150.03
2550,US-2024-01043,07/31/2024,08/05/2024,Standard Class,CU-0361,Zoe Clark,Home Office,United States,Oregon,West,Technology,Machines,1343.27,5,0.5,-411.45
2551,US-2022-01044,01/22/2022,01/28/2022,Standard Class,CU-0326,John Smith,Corporate,United States,Ohio,East,Technology,Phones,179.01,1,0.4,-6.88
2552,US-2022-01044,01/22/2022,01/27/2022,Standard Class,CU-0326,John Smith,Corporate,United States,Ohio,East,Technology,Copiers,3007.27,4,0.0,1094.75
2553,US-2024-01045,09/29/2024,10/02/2024,First Class,CU-0434,Aarav Davis,Corporate,United States,New York,East,Technology,Accessories,31.1,1,0.5,-1.55
2554,US-2024-01045,09/29/2024,10/02/2024,First Class,CU-0434,Aarav Davis,Corporate,United States,New York,East,Office Supplies,Labels,23.68,3,0.3,4.82
2555,US-2025-01046,04/08/2025,04/08/2025,Same Day,CU-0048,John Brown,Corporate,United States,Georgia,South,Furniture,Chairs,564.49,2,0.0,56.35
2556,US-2025-01046,04/08/2025,04/08/2025,Same Day,CU-0048,John Brown,Corporate,United States,Georgia,South,Furniture,Furnishings,479.57,7,0.0,34.71
2557,US-2025-01046,04/08/2025,04/09/2025,Same Day,CU-0048,John Brown,Corporate,United States,Georgia,South,Office Supplies,Labels,61.86,6,0.1,27.44
2558,US-2025-01046,04/08/2025,04/08/2025,Same Day,CU-0048,John Brown,Corporate,United States,Georgia,South,Technology,Machines,2112.39,4,0.0,64.05
2559,US-2024-01047,01/30/2024,02/04/2024,Standard Class,CU-0239,Zoe Davis,Corporate,United States,Texas,Central,Office Supplies,Storage,218.79,4,0.4,-31.68
2560,US-2024-01047,01/30/2024,02/05/2024,Standard Class,CU-0239,Zoe Davis,Corporate,United States,Texas,Central,Furniture,Chairs,1253.82,5,0.0,202.29
2561,US-2024-01047,01/30/2024,02/05/2024,Standard Class,CU-0239,Zoe Davis,Corporate,United States,Texas,Central,Office Supplies,Binders,55.69,3,0.4,-0.68
2562,US-2024-01047,01/30/2024,02/04/2024,Standard Class,CU-0239,Zoe Davis,Corporate,United States,Texas,Central,Office Supplies,Storage,115.2,2,0.5,-15.4
2563,US-2025-01048,01/14/2025,01/19/2025,Standard Class,CU-0411,Priya Davis,Home Office,United States,Virginia,South,Office Supplies,Labels,55.27,5,0.2,13.89
2564,US-2025-01048,01/14/2025,01/19/2025,Standard Class,CU-0411,Priya Davis,Home Office,United States,Virginia,South,Office Supplies,Art,101.45,6,0.0,38.27
2565,US-2025-01048,01/14/2025,01/19/2025,Standard Class,CU-0411,Priya Davis,Home Office,United States,Virginia,South,Furniture,Chairs,209.69,1,0.2,-3.91
2566,US-2025-01048,01/14/2025,01/20/2025,Standard Class,CU-0411,Priya Davis,Home Office,United States,Virginia,South,Furniture,Chairs,139.4,1,0.4,-19.74
2567,US-2025-01049,01/16/2025,01/21/2025,Standard Class,CU-0546,Noah Patel,Corporate,United States,Virginia,South,Furniture,Tables,2941.19,7,0.0,-264.12
2568,US-2025-01049,01/16/2025,01/21/2025,Standard Class,CU-0546,Noah Patel,Corporate,United States,Virginia,South,Office Supplies,Art,14.4,1,0.0,4.82
2569,US-2025-01049,01/16/2025,01/22/2025,Standard Class,CU-0546,Noah Patel,Corporate,United States,Virginia,South,Furniture,Chairs,969.91,4,0.2,20.48
2570,US-2025-01049,01/16/2025,01/22/2025,Standard Class,CU-0546,Noah Patel,Corporate,United States,Virginia,South,Furniture,Chairs,1308.06,5,0.0,127.01
2571,US-2024-01050,11/04/2024,11/09/2024,Standard Class,CU-0374,Emma Smith,Consumer,United States,Pennsylvania,East,Furniture,Bookcases,1513.67,4,0.0,-50.04
2572,US-2024-01050,11/04/2024,11/09/2024,Standard Class,CU-0374,Emma Smith,Consumer,United States,Pennsylvania,East,Technology,Accessories,153.43,4,0.2,19.86
2573,US-2024-01050,11/04/2024,11/09/2024,Standard Class,CU-0374,Emma Smith,Consumer,United States,Pennsylvania,East,Technology,Copiers,902.85,1,0.0,355.91
2574,US-2024-01050,11/04/2024,11/10/2024,Standard Class,CU-0374,Emma Smith,Consumer,United States,Pennsylvania,East,Office Supplies,Labels,85.04,7,0.1,32.08
2575,US-2024-01051,02/21/2024,02/27/2024,Standard Class,CU-0116,Sara Clark,Home Office,United States,New York,East,Office Supplies,Paper,67.53,7,0.5,0.97
2576,US-2022-01052,05/19/2022,05/25/2022,Standard Class,CU-0322,John Clark,Corporate,United States,Illinois,Central,Office Supplies,Binders,65.32,5,0.5,-4.69
2577,US-2022-01052,05/19/2022,05/24/2022,Standard Class,CU-0322,John Clark,Corporate,United States,Illinois,Central,Furniture,Tables,516.35,1,0.0,-50.3
2578,US-2022-01052,05/19/2022,05/25/2022,Standard Class,CU-0322,John Clark,Corporate,United States,Illinois,Central,Office Supplies,Paper,107.3,5,0.0,45.11
2579,US-2025-01053,10/15/2025,10/20/2025,Standard Class,CU-0195,Maya Smith,Corporate,United States,Virginia,South,Office Supplies,Binders,71.4,3,0.0,15.82
2580,US-2022-01054,07/19/2022,07/23/2022,Second Class,CU-0334,Noah Wilson,Home Office,United States,California,West,Office Supplies,Paper,104.34,7,0.3,16.75
2581,US-2022-01054,07/19/2022,07/23/2022,Second Class,CU-0334,Noah Wilson,Home Office,United States,California,West,Furniture,Bookcases,1527.09,5,0.0,210.17
2582,US-2022-01054,07/19/2022,07/23/2022,Second Class,CU-0334,Noah Wilson,Home Office,United States,California,West,Technology,Machines,1561.07,5,0.4,-294.52
2583,US-2022-01054,07/19/2022,07/22/2022,Second Class,CU-0334,Noah Wilson,Home Office,United States,California,West,Technology,Accessories,86.23,2,0.0,20.36
2584,US-2025-01055,01/08/2025,01/11/2025,First Class,CU-0605,Ravi Garcia,Home Office,United States,Washington,West,Office Supplies,Binders,25.97,1,0.1,3.45
2585,US-2025-01055,01/08/2025,01/11/2025,First Class,CU-0605,Ravi Garcia,Home Office,United States,Washington,West,Office Supplies,Storage,179.04,3,0.3,-19.25
2586,US-2025-01055,01/08/2025,01/10/2025,First Class,CU-0605,Ravi Garcia,Home Office,United States,Washington,West,Office Supplies,Labels,22.61,3,0.3,5.7
2587,US-2025-01055,01/08/2025,01/11/2025,First Class,CU-0605,Ravi Garcia,Home Office,United States,Washington,West,Furniture,Chairs,235.19,1,0.0,-0.86
2588,US-2024-01056,03/02/2024,03/08/2024,Standard Class,CU-0144,Ravi Smith,Home Office,United States,Georgia,South,Technology,Phones,2244.16,6,0.0,258.75
2589,US-2024-01056,03/02/2024,03/08/2024,Standard Class,CU-0144,Ravi Smith,Home Office,United States,Georgia,South,Office Supplies,Paper,149.8,6,0.0,63.25
2590,US-2024-01056,03/02/2024,03/08/2024,Standard Class,CU-0144,Ravi Smith,Home Office,United States,Georgia,South,Furniture,Furnishings,247.77,6,0.4,-0.9
2591,US-2024-01056,03/02/2024,03/07/2024,Standard Class,CU-0144,Ravi Smith,Home Office,United States,Georgia,South,Technology,Accessories,207.71,7,0.4,-12.54
2592,US-2025-01057,10/15/2025,10/17/2025,First Class,CU-0562,Priya Lee,Corporate,United States,Michigan,Central,Technology,Accessories,175.6,3,0.0,39.71
2593,US-2025-01057,10/15/2025,10/18/2025,First Class,CU-0562,Priya Lee,Corporate,United States,Michigan,Central,Technology,Accessories,181.81,4,0.0,54.67
2594,US-2025-01057,10/15/2025,10/17/2025,First Class,CU-0562,Priya Lee,Corporate,United States,Michigan,Central,Office Supplies,Art,62.01,4,0.2,8.67
2595,US-2025-01057,10/15/2025,10/18/2025,First Class,CU-0562,Priya Lee,Corporate,United States,Michigan,Central,Office Supplies,Art,9.67,1,0.4,0.64
2596,US-2023-01058,06/28/2023,07/01/2023,Second Class,CU-0179,Noah Patel,Corporate,United States,Oregon,West,Technology,Accessories,85.45,2,0.3,6.77
2597,US-2023-01059,02/07/2023,02/10/2023,Second Class,CU-0511,Maya Smith,Home Office,United States,Illinois,Central,Furniture,Furnishings,103.14,2,0.2,6.16
2598,US-2023-01059,02/07/2023,02/10/2023,Second Class,CU-0511,Maya Smith,Home Office,United States,Illinois,Central,Office Supplies,Binders,86.4,6,0.4,-6.72
2599,US-2023-01059,02/07/2023,02/10/2023,Second Class,CU-0511,Maya Smith,Home Office,United States,Illinois,Central,Office Supplies,Storage,481.08,5,0.0,34.24
2600,US-2023-01059,02/07/2023,02/11/2023,Second Class,CU-0511,Maya Smith,Home Office,United States,Illinois,Central,Office Supplies,Labels,12.69,2,0.4,2.95
2601,US-2023-01060,12/05/2023,12/11/2023,Standard Class,CU-0181,Ravi Smith,Consumer,United States,Michigan,Central,Technology,Phones,1178.81,6,0.2,63.85
2602,US-2025-01061,03/26/2025,04/01/2025,Standard Class,CU-0343,Aarav Brown,Corporate,United States,Florida,South,Technology,Accessories,335.01,6,0.1,97.1
2603,US-2025-01061,03/26/2025,04/01/2025,Standard Class,CU-0343,Aarav Brown,Corporate,United States,Florida,South,Technology,Copiers,3146.64,4,0.1,886.57
2604,US-2022-01062,08/24/2022,08/30/2022,Standard Class,CU-0348,Ethan Garcia,Corporate,United States,New York,East,Furniture,Tables,1463.54,4,0.0,-94.44
2605,US-2022-01062,08/24/2022,08/29/2022,Standard Class,CU-0348,Ethan Garcia,Corporate,United States,New York,East,Office Supplies,Labels,58.62,4,0.0,27.23
2606,US-2022-01062,08/24/2022,08/30/2022,Standard Class,CU-0348,Ethan Garcia,Corporate,United States,New York,East,Office Supplies,Art,24.22,2,0.0,4.7
2607,US-2022-01062,08/24/2022,08/29/2022,Standard Class,CU-0348,Ethan Garcia,Corporate,United States,New York,East,Office Supplies,Binders,39.54,3,0.5,-1.04
2608,US-2022-01063,08/20/2022,08/25/2022,Standard Class,CU-0032,Liam Wilson,Consumer,United States,Michigan,Central,Office Supplies,Art,48.75,4,0.3,5.01
2609,US-2022-01063,08/20/2022,08/25/2022,Standard Class,CU-0032,Liam Wilson,Consumer,United States,Michigan,Central,Technology,Accessories,61.94,3,0.5,-6.89
2610,US-2022-01063,08/20/2022,08/25/2022,Standard Class,CU-0032,Liam Wilson,Consumer,United States,Michigan,Central,Office Supplies,Binders,35.69,2,0.4,-0.28
2611,US-2022-01063,08/20/2022,08/26/2022,Standard Class,CU-0032,Liam Wilson,Consumer,United States,Michigan,Central,Technology,Accessories,285.31,7,0.0,106.64
2612,US-2022-01064,08/31/2022,09/03/2022,First Class,CU-0558,Noah Brown,Home Office,United States,Georgia,South,Technology,Accessories,123.14,3,0.1,9.85
2613,US-2022-01064,08/31/2022,09/03/2022,First Class,CU-0558,Noah Brown,Home Office,United States,Georgia,South,Office Supplies,Paper,32.0,3,0.4,7.71
2614,US-2022-01064,08/31/2022,09/02/2022,First Class,CU-0558,Noah Brown,Home Office,United States,Georgia,South,Furniture,Bookcases,362.91,2,0.3,-52.56
2615,US-2022-01065,03/01/2022,03/06/2022,Standard Class,CU-0077,Noah Patel,Corporate,United States,Oregon,West,Furniture,Chairs,1475.69,6,0.0,263.78
2616,US-2022-01065,03/01/2022,03/07/2022,Standard Class,CU-0077,Noah Patel,Corporate,United States,Oregon,West,Office Supplies,Art,17.63,2,0.4,0.46
2617,US-2025-01066,07/08/2025,07/12/2025,Second Class,CU-0224,Maya Clark,Corporate,United States,Texas,Central,Furniture,Tables,1281.66,4,0.3,-309.75
2618,US-2025-01066,07/08/2025,07/11/2025,Second Class,CU-0224,Maya Clark,Corporate,United States,Texas,Central,Technology,Copiers,1927.64,2,0.0,632.92
2619,US-2025-01066,07/08/2025,07/12/2025,Second Class,CU-0224,Maya Clark,Corporate,United States,Texas,Central,Technology,Phones,791.19,3,0.0,121.75
2620,US-2025-01066,07/08/2025,07/12/2025,Second Class,CU-0224,Maya Clark,Corporate,United States,Texas,Central,Office Supplies,Binders,77.42,3,0.2,9.32
2621,US-2022-01067,12/09/2022,12/14/2022,Standard Class,CU-0292,Maya Miller,Corporate,United States,Georgia,South,Office Supplies,Binders,126.05,5,0.1,13.35
2622,US-2025-01068,09/18/2025,09/18/2025,Same Day,CU-0203,Sara Khan,Home Office,United States,Virginia,South,Furniture,Bookcases,1520.46,6,0.3,-104.84
2623,US-2025-01068,09/18/2025,09/18/2025,Same Day,CU-0203,Sara Khan,Home Office,United States,Virginia,South,Technology,Machines,2007.48,4,0.0,58.21
2624,US-2025-01068,09/18/2025,09/18/2025,Same Day,CU-0203,Sara Khan,Home Office,United States,Virginia,South,Office Supplies,Binders,32.3,1,0.0,6.77
2625,US-2025-01068,09/18/2025,09/18/2025,Same Day,CU-0203,Sara Khan,Home Office,United States,Virginia,South,Furniture,Bookcases,720.34,4,0.3,-120.53
2626,US-2023-01069,12/22/2023,12/24/2023,First Class,CU-0500,Priya Garcia,Home Office,United States,Texas,Central,Technology,Phones,1653.75,7,0.2,35.36
2627,US-2023-01069,12/22/2023,12/24/2023,First Class,CU-0500,Priya Garcia,Home Office,United States,Texas,Central,Technology,Machines,932.33,3,0.5,-244.66
2628,US-2023-01069,12/22/2023,12/25/2023,First Class,CU-0500,Priya Garcia,Home Office,United States,Texas,Central,Furniture,Bookcases,1173.54,5,0.2,-80.62
2629,US-2023-01069,12/22/2023,12/25/2023,First Class,CU-0500,Priya Garcia,Home Office,United States,Texas,Central,Technology,Machines,2945.74,7,0.1,-226.79
2630,US-2024-01070,10/28/2024,11/02/2024,Standard Class,CU-0111,Noah Lee,Consumer,United States,Michigan,Central,Furniture,Bookcases,1702.43,7,0.2,-230.43
2631,US-2025-01071,03/06/2025,03/11/2025,Standard Class,CU-0550,Olivia Clark,Home Office,United States,Oregon,West,Furniture,Furnishings,33.82,1,0.5,-4.95
2632,US-2025-01071,03/06/2025,03/11/2025,Standard Class,CU-0550,Olivia Clark,Home Office,United States,Oregon,West,Office Supplies,Paper,57.84,4,0.3,16.53
2633,US-2022-01072,08/28/2022,09/02/2022,Standard Class,CU-0697,Sara Smith,Home Office,United States,Ohio,East,Technology,Phones,1472.96,7,0.2,45.02
2634,US-2022-01072,08/28/2022,09/03/2022,Standard Class,CU-0697,Sara Smith,Home Office,United States,Ohio,East,Office Supplies,Binders,68.28,3,0.0,15.4
2635,US-2023-01073,02/15/2023,02/21/2023,Standard Class,CU-0111,Noah Lee,Consumer,United States,Michigan,Central,Technology,Machines,866.72,2,0.3,-45.67
2636,US-2023-01073,02/15/2023,02/21/2023,Standard Class,CU-0111,Noah Lee,Consumer,United States,Michigan,Central,Office Supplies,Storage,91.27,1,0.1,5.05
2637,US-2023-01073,02/15/2023,02/21/2023,Standard Class,CU-0111,Noah Lee,Consumer,United States,Michigan,Central,Technology,Machines,1603.67,5,0.5,-453.23
2638,US-2025-01074,01/14/2025,01/16/2025,First Class,CU-0508,Ravi Patel,Consumer,United States,Illinois,Central,Office Supplies,Art,8.18,1,0.5,0.03
2639,US-2025-01074,01/14/2025,01/16/2025,First Class,CU-0508,Ravi Patel,Consumer,United States,Illinois,Central,Technology,Copiers,3880.16,4,0.0,1305.56
2640,US-2025-01074,01/14/2025,01/16/2025,First Class,CU-0508,Ravi Patel,Consumer,United States,Illinois,Central,Office Supplies,Art,82.67,5,0.0,20.85
2641,US-2022-01075,09/05/2022,09/07/2022,First Class,CU-0369,Sara Patel,Consumer,United States,Georgia,South,Technology,Accessories,230.36,6,0.2,25.6
2642,US-2022-01075,09/05/2022,09/08/2022,First Class,CU-0369,Sara Patel,Consumer,United States,Georgia,South,Furniture,Furnishings,217.6,6,0.3,2.73
2643,US-2022-01075,09/05/2022,09/08/2022,First Class,CU-0369,Sara Patel,Consumer,United States,Georgia,South,Furniture,Bookcases,2393.9,7,0.1,-64.09
2644,US-2023-01076,06/14/2023,06/18/2023,Second Class,CU-0345,Ravi Lee,Consumer,United States,Oregon,West,Office Supplies,Art,49.16,4,0.0,14.09
2645,US-2023-01076,06/14/2023,06/17/2023,Second Class,CU-0345,Ravi Lee,Consumer,United States,Oregon,West,Office Supplies,Binders,88.0,5,0.2,12.59
2646,US-2023-01076,06/14/2023,06/17/2023,Second Class,CU-0345,Ravi Lee,Consumer,United States,Oregon,West,Office Supplies,Binders,29.3,1,0.0,6.73
2647,US-2023-01076,06/14/2023,06/18/2023,Second Class,CU-0345,Ravi Lee,Consumer,United States,Oregon,West,Office Supplies,Storage,438.66,6,0.2,-11.57
2648,US-2024-01077,04/15/2024,04/21/2024,Standard Class,CU-0399,Noah Miller,Home Office,United States,Texas,Central,Furniture,Tables,2216.24,6,0.1,-465.71
2649,US-2024-01077,04/15/2024,04/21/2024,Standard Class,CU-0399,Noah Miller,Home Office,United States,Texas,Central,Technology,Machines,627.18,1,0.0,37.57
2650,US-2024-01078,02/06/2024,02/09/2024,First Class,CU-0462,Ethan Lee,Consumer,United States,Washington,West,Technology,Machines,3251.77,6,0.0,58.7
2651,US-2022-01079,02/10/2022,02/13/2022,First Class,CU-0613,Zoe Lee,Consumer,United States,New York,East,Office Supplies,Art,29.23,3,0.5,-1.38
2652,US-2022-01079,02/10/2022,02/12/2022,First Class,CU-0613,Zoe Lee,Consumer,United States,New York,East,Technology,Phones,1129.98,5,0.3,-0.87
2653,US-2025-01080,01/18/2025,01/22/2025,Second Class,CU-0486,Aarav Clark,Corporate,United States,Illinois,Central,Office Supplies,Binders,90.9,5,0.4,9.88
2654,US-2025-01080,01/18/2025,01/22/2025,Second Class,CU-0486,Aarav Clark,Corporate,United States,Illinois,Central,Office Supplies,Binders,65.66,3,0.1,10.42
2655,US-2022-01081,06/07/2022,06/10/2022,Second Class,CU-0282,Aarav Smith,Consumer,United States,Florida,South,Technology,Accessories,83.46,2,0.1,13.06
2656,US-2022-01081,06/07/2022,06/10/2022,Second Class,CU-0282,Aarav Smith,Consumer,United States,Florida,South,Office Supplies,Storage,427.66,5,0.2,12.77
2657,US-2022-01081,06/07/2022,06/10/2022,Second Class,CU-0282,Aarav Smith,Consumer,United States,Florida,South,Office Supplies,Art,89.71,6,0.0,21.46
2658,US-2022-01081,06/07/2022,06/11/2022,Second Class,CU-0282,Aarav Smith,Consumer,United States,Florida,South,Office Supplies,Binders,36.23,2,0.4,0.24
2659,US-2022-01082,05/11/2022,05/17/2022,Standard Class,CU-0453,Liam Patel,Consumer,United States,California,West,Furniture,Tables,1303.98,3,0.0,-117.21
2660,US-2022-01082,05/11/2022,05/17/2022,Standard Class,CU-0453,Liam Patel,Consumer,United States,California,West,Technology,Copiers,4180.68,5,0.1,1447.48
2661,US-2022-01082,05/11/2022,05/16/2022,Standard Class,CU-0453,Liam Patel,Consumer,United States,California,West,Office Supplies,Binders,56.75,2,0.0,14.96
2662,US-2022-01082,05/11/2022,05/17/2022,Standard Class,CU-0453,Liam Patel,Consumer,United States,California,West,Office Supplies,Binders,24.57,2,0.4,0.12
2663,US-2023-01083,11/25/2023,11/28/2023,Second Class,CU-0374,Emma Smith,Consumer,United States,Florida,South,Technology,Machines,357.95,1,0.4,-51.01
2664,US-2023-01084,03/05/2023,03/11/2023,Standard Class,CU-0251,Zoe Patel,Consumer,United States,Texas,Central,Technology,Accessories,389.52,6,0.0,117.83
2665,US-2022-01085,07/17/2022,07/22/2022,Standard Class,CU-0094,Aarav Brown,Corporate,United States,Texas,Central,Technology,Machines,899.47,2,0.0,21.35
2666,US-2022-01085,07/17/2022,07/22/2022,Standard Class,CU-0094,Aarav Brown,Corporate,United States,Texas,Central,Technology,Accessories,104.52,2,0.1,30.12
2667,US-2022-01085,07/17/2022,07/22/2022,Standard Class,CU-0094,Aarav Brown,Corporate,United States,Texas,Central,Office Supplies,Binders,88.29,6,0.5,-3.63
2668,US-2025-01086,05/31/2025,06/06/2025,Standard Class,CU-0098,Sara Clark,Consumer,United States,Texas,Central,Furniture,Bookcases,1632.09,5,0.1,119.94
2669,US-2025-01087,11/29/2025,12/04/2025,Standard Class,CU-0697,Sara Smith,Home Office,United States,Michigan,Central,Furniture,Tables,598.95,2,0.4,-240.65
2670,US-2025-01087,11/29/2025,12/04/2025,Standard Class,CU-0697,Sara Smith,Home Office,United States,Michigan,Central,Furniture,Bookcases,1328.07,5,0.2,-135.47
2671,US-2025-01087,11/29/2025,12/05/2025,Standard Class,CU-0697,Sara Smith,Home Office,United States,Michigan,Central,Office Supplies,Labels,54.58,6,0.1,16.25
2672,US-2025-01087,11/29/2025,12/05/2025,Standard Class,CU-0697,Sara Smith,Home Office,United States,Michigan,Central,Office Supplies,Paper,64.44,5,0.5,12.03
2673,US-2025-01088,08/23/2025,08/28/2025,Standard Class,CU-0229,John Wilson,Corporate,United States,New York,East,Furniture,Furnishings,218.4,6,0.5,-23.32
2674,US-2024-01089,07/12/2024,07/18/2024,Standard Class,CU-0568,John Miller,Consumer,United States,California,West,Furniture,Furnishings,106.4,4,0.5,-8.84
2675,US-2023-01090,04/01/2023,04/05/2023,Second Class,CU-0314,Noah Miller,Corporate,United States,Virginia,South,Office Supplies,Paper,99.68,5,0.0,38.85
2676,US-2023-01090,04/01/2023,04/04/2023,Second Class,CU-0314,Noah Miller,Corporate,United States,Virginia,South,Technology,Accessories,392.53,7,0.1,116.24
2677,US-2023-01090,04/01/2023,04/05/2023,Second Class,CU-0314,Noah Miller,Corporate,United States,Virginia,South,Office Supplies,Binders,43.08,3,0.3,1.59
2678,US-2025-01091,10/18/2025,10/24/2025,Standard Class,CU-0587,Noah Khan,Corporate,United States,Florida,South,Office Supplies,Binders,98.19,4,0.1,12.45
2679,US-2023-01092,11/10/2023,11/16/2023,Standard Class,CU-0417,Sara Clark,Consumer,United States,Illinois,Central,Technology,Accessories,39.65,1,0.3,4.17
2680,US-2023-01092,11/10/2023,11/15/2023,Standard Class,CU-0417,Sara Clark,Consumer,United States,Illinois,Central,Furniture,Chairs,1648.7,7,0.2,36.56
2681,US-2023-01092,11/10/2023,11/16/2023,Standard Class,CU-0417,Sara Clark,Consumer,United States,Illinois,Central,Furniture,Bookcases,517.8,2,0.0,55.72
2682,US-2024-01093,01/12/2024,01/18/2024,Standard Class,CU-0259,Ethan Clark,Corporate,United States,Oregon,West,Furniture,Bookcases,853.88,3,0.0,6.4
2683,US-2024-01093,01/12/2024,01/17/2024,Standard Class,CU-0259,Ethan Clark,Corporate,United States,Oregon,West,Technology,Phones,1458.65,5,0.2,39.55
2684,US-2024-01093,01/12/2024,01/18/2024,Standard Class,CU-0259,Ethan Clark,Corporate,United States,Oregon,West,Technology,Accessories,226.53,4,0.0,34.85
2685,US-2024-01093,01/12/2024,01/17/2024,Standard Class,CU-0259,Ethan Clark,Corporate,United States,Oregon,West,Furniture,Tables,335.84,1,0.3,-84.52
2686,US-2022-01094,01/19/2022,01/25/2022,Standard Class,CU-0639,Sara Khan,Consumer,United States,California,West,Technology,Machines,1234.97,6,0.5,-336.55
2687,US-2022-01094,01/19/2022,01/25/2022,Standard Class,CU-0639,Sara Khan,Consumer,United States,California,West,Office Supplies,Paper,23.54,2,0.5,2.56
2688,US-2022-01094,01/19/2022,01/25/2022,Standard Class,CU-0639,Sara Khan,Consumer,United States,California,West,Furniture,Furnishings,184.9,6,0.5,-23.6
2689,US-2024-01095,05/10/2024,05/10/2024,Same Day,CU-0028,Emma Patel,Home Office,United States,Ohio,East,Furniture,Furnishings,208.46,7,0.5,-24.89
2690,US-2024-01095,05/10/2024,05/10/2024,Same Day,CU-0028,Emma Patel,Home Office,United States,Ohio,East,Technology,Accessories,114.67,2,0.0,19.63
2691,US-2024-01095,05/10/2024,05/10/2024,Same Day,CU-0028,Emma Patel,Home Office,United States,Ohio,East,Furniture,Bookcases,1591.02,6,0.3,-145.74
2692,US-2024-01095,05/10/2024,05/10/2024,Same Day,CU-0028,Emma Patel,Home Office,United States,Ohio,East,Technology,Machines,261.32,1,0.4,-65.46
2693,US-2025-01096,07/09/2025,07/15/2025,Standard Class,CU-0314,Noah Miller,Corporate,United States,Pennsylvania,East,Technology,Phones,663.71,5,0.5,-28.35
2694,US-2025-01096,07/09/2025,07/15/2025,Standard Class,CU-0314,Noah Miller,Corporate,United States,Pennsylvania,East,Furniture,Tables,562.35,2,0.3,-165.53
2695,US-2025-01097,10/11/2025,10/17/2025,Standard Class,CU-0554,Sara Miller,Corporate,United States,Michigan,Central,Technology,Accessories,106.21,3,0.3,7.91
2696,US-2024-01098,02/17/2024,02/23/2024,Standard Class,CU-0263,Aarav Miller,Corporate,United States,Georgia,South,Office Supplies,Storage,342.77,5,0.1,20.25
2697,US-2024-01098,02/17/2024,02/22/2024,Standard Class,CU-0263,Aarav Miller,Corporate,United States,Georgia,South,Technology,Phones,259.24,1,0.3,16.72
2698,US-2024-01098,02/17/2024,02/22/2024,Standard Class,CU-0263,Aarav Miller,Corporate,United States,Georgia,South,Office Supplies,Storage,808.96,7,0.0,102.49
2699,US-2024-01098,02/17/2024,02/23/2024,Standard Class,CU-0263,Aarav Miller,Corporate,United States,Georgia,South,Furniture,Furnishings,543.52,7,0.0,83.4
2700,US-2025-01099,06/29/2025,07/05/2025,Standard Class,CU-0409,Emma Clark,Consumer,United States,Oregon,West,Technology,Copiers,5248.74,5,0.0,1763.06
2701,US-2025-01099,06/29/2025,07/04/2025,Standard Class,CU-0409,Emma Clark,Consumer,United States,Oregon,West,Furniture,Bookcases,1817.54,6,0.0,60.6
2702,US-2024-01100,05/27/2024,06/02/2024,Standard Class,CU-0547,John Brown,Home Office,United States,Illinois,Central,Office Supplies,Art,99.23,7,0.0,32.06
2703,US-2025-01101,11/15/2025,11/20/2025,Standard Class,CU-0493,Emma Lee,Consumer,United States,Pennsylvania,East,Technology,Phones,458.04,2,0.4,-21.75
2704,US-2022-01102,01/17/2022,01/22/2022,Standard Class,CU-0645,Ethan Clark,Consumer,United States,Pennsylvania,East,Office Supplies,Labels,14.85,2,0.5,2.15
2705,US-2022-01102,01/17/2022,01/22/2022,Standard Class,CU-0645,Ethan Clark,Consumer,United States,Pennsylvania,East,Furniture,Chairs,860.63,6,0.5,-102.69
2706,US-2022-01102,01/17/2022,01/23/2022,Standard Class,CU-0645,Ethan Clark,Consumer,United States,Pennsylvania,East,Office Supplies,Paper,20.65,2,0.4,5.23
2707,US-2022-01102,01/17/2022,01/22/2022,Standard Class,CU-0645,Ethan Clark,Consumer,United States,Pennsylvania,East,Office Supplies,Art,29.51,4,0.5,-0.64
2708,US-2024-01103,03/12/2024,03/18/2024,Standard Class,CU-0003,Maya Miller,Consumer,United States,Georgia,South,Technology,Machines,1005.65,2,0.1,28.76
2709,US-2024-01103,03/12/2024,03/17/2024,Standard Class,CU-0003,Maya Miller,Consumer,United States,Georgia,South,Technology,Machines,1287.53,5,0.4,-199.14
2710,US-2024-01103,03/12/2024,03/17/2024,Standard Class,CU-0003,Maya Miller,Consumer,United States,Georgia,South,Office Supplies,Binders,80.18,4,0.3,7.37
2711,US-2024-01103,03/12/2024,03/18/2024,Standard Class,CU-0003,Maya Miller,Consumer,United States,Georgia,South,Furniture,Furnishings,141.06,3,0.2,8.14
2712,US-2025-01104,01/13/2025,01/15/2025,First Class,CU-0509,Olivia Smith,Consumer,United States,New York,East,Furniture,Bookcases,773.52,4,0.4,-141.03
2713,US-2025-01104,01/13/2025,01/16/2025,First Class,CU-0509,Olivia Smith,Consumer,United States,New York,East,Office Supplies,Binders,45.58,3,0.3,1.86
2714,US-2025-01104,01/13/2025,01/16/2025,First Class,CU-0509,Olivia Smith,Consumer,United States,New York,East,Furniture,Furnishings,158.13,3,0.0,16.76
2715,US-2025-01104,01/13/2025,01/15/2025,First Class,CU-0509,Olivia Smith,Consumer,United States,New York,East,Office Supplies,Paper,9.97,1,0.5,1.19
2716,US-2022-01105,04/11/2022,04/17/2022,Standard Class,CU-0155,Ravi Garcia,Consumer,United States,Illinois,Central,Office Supplies,Labels,44.91,3,0.0,18.9
2717,US-2025-01106,03/02/2025,03/07/2025,Standard Class,CU-0391,Olivia Miller,Corporate,United States,Michigan,Central,Office Supplies,Storage,51.8,1,0.4,-3.22
2718,US-2025-01106,03/02/2025,03/07/2025,Standard Class,CU-0391,Olivia Miller,Corporate,United States,Michigan,Central,Office Supplies,Art,77.45,6,0.1,14.38
2719,US-2025-01106,03/02/2025,03/07/2025,Standard Class,CU-0391,Olivia Miller,Corporate,United States,Michigan,Central,Furniture,Bookcases,764.15,3,0.1,1.53
2720,US-2025-01106,03/02/2025,03/08/2025,Standard Class,CU-0391,Olivia Miller,Corporate,United States,Michigan,Central,Technology,Accessories,267.79,6,0.0,46.48
2721,US-2024-01107,08/29/2024,09/03/2024,Standard Class,CU-0522,Zoe Khan,Corporate,United States,Georgia,South,Technology,Phones,1145.86,4,0.0,104.1
2722,US-2024-01107,08/29/2024,09/04/2024,Standard Class,CU-0522,Zoe Khan,Corporate,United States,Georgia,South,Furniture,Bookcases,179.79,1,0.3,-15.58
2723,US-2024-01107,08/29/2024,09/03/2024,Standard Class,CU-0522,Zoe Khan,Corporate,United States,Georgia,South,Furniture,Bookcases,260.95,1,0.0,23.91
2724,US-2024-01108,11/09/2024,11/09/2024,Same Day,CU-0444,Liam Garcia,Home Office,United States,Oregon,West,Furniture,Chairs,1291.57,5,0.0,215.52
2725,US-2024-01108,11/09/2024,11/09/2024,Same Day,CU-0444,Liam Garcia,Home Office,United States,Oregon,West,Technology,Accessories,227.63,5,0.2,12.98
2726,US-2024-01108,11/09/2024,11/10/2024,Same Day,CU-0444,Liam Garcia,Home Office,United States,Oregon,West,Furniture,Chairs,877.27,5,0.4,-108.62
2727,US-2022-01109,11/30/2022,12/04/2022,Second Class,CU-0198,Ethan Brown,Home Office,United States,Oregon,West,Furniture,Chairs,509.33,4,0.5,-104.41
2728,US-2023-01110,11/26/2023,12/01/2023,Standard Class,CU-0261,Ethan Miller,Consumer,United States,Georgia,South,Furniture,Tables,2163.42,7,0.4,-708.05
2729,US-2024-01111,05/04/2024,05/07/2024,Second Class,CU-0122,Ethan Patel,Corporate,United States,Georgia,South,Office Supplies,Binders,77.96,4,0.3,5.81
2730,US-2024-01112,11/17/2024,11/22/2024,Standard Class,CU-0008,Liam Patel,Home Office,United States,Oregon,West,Office Supplies,Paper,32.52,2,0.0,13.41
2731,US-2024-01112,11/17/2024,11/23/2024,Standard Class,CU-0008,Liam Patel,Home Office,United States,Oregon,West,Furniture,Bookcases,154.32,1,0.5,-36.45
2732,US-2023-01113,04/09/2023,04/11/2023,First Class,CU-0296,Ravi Smith,Consumer,United States,Georgia,South,Furniture,Bookcases,1618.44,6,0.0,69.15
2733,US-2023-01113,04/09/2023,04/11/2023,First Class,CU-0296,Ravi Smith,Consumer,United States,Georgia,South,Office Supplies,Paper,162.44,7,0.0,64.42
2734,US-2023-01113,04/09/2023,04/12/2023,First Class,CU-0296,Ravi Smith,Consumer,United States,Georgia,South,Technology,Machines,566.85,2,0.3,-125.32
2735,US-2023-01113,04/09/2023,04/12/2023,First Class,CU-0296,Ravi Smith,Consumer,United States,Georgia,South,Furniture,Bookcases,644.1,2,0.0,11.96
2736,US-2025-01114,04/01/2025,04/06/2025,Standard Class,CU-0042,Emma Wilson,Corporate,United States,New York,East,Furniture,Bookcases,585.63,2,0.2,-58.03
2737,US-2025-01114,04/01/2025,04/06/2025,Standard Class,CU-0042,Emma Wilson,Corporate,United States,New York,East,Furniture,Furnishings,187.33,4,0.3,-5.31
2738,US-2024-01115,04/09/2024,04/14/2024,Standard Class,CU-0183,Emma Khan,Corporate,United States,Ohio,East,Furniture,Chairs,164.19,1,0.3,-15.5
2739,US-2022-01116,08/01/2022,08/07/2022,Standard Class,CU-0601,Aarav Garcia,Corporate,United States,Washington,West,Office Supplies,Storage,436.23,7,0.2,42.73
2740,US-2022-01116,08/01/2022,08/07/2022,Standard Class,CU-0601,Aarav Garcia,Corporate,United States,Washington,West,Office Supplies,Art,33.34,4,0.5,0.77
2741,US-2022-01117,10/16/2022,10/21/2022,Standard Class,CU-0029,Olivia Davis,Consumer,United States,New York,East,Technology,Phones,375.4,1,0.0,41.5
2742,US-2022-01117,10/16/2022,10/22/2022,Standard Class,CU-0029,Olivia Davis,Consumer,United States,New York,East,Technology,Accessories,93.18,2,0.1,12.17
2743,US-2022-01117,10/16/2022,10/22/2022,Standard Class,CU-0029,Olivia Davis,Consumer,United States,New York,East,Office Supplies,Art,31.46,3,0.4,1.91
2744,US-2024-01118,11/02/2024,11/04/2024,First Class,CU-0516,Olivia Miller,Home Office,United States,Washington,West,Office Supplies,Labels,60.55,7,0.4,11.88
2745,US-2022-01119,08/01/2022,08/05/2022,Second Class,CU-0519,Emma Patel,Home Office,United States,Ohio,East,Technology,Accessories,136.35,4,0.3,9.51
2746,US-2022-01119,08/01/2022,08/05/2022,Second Class,CU-0519,Emma Patel,Home Office,United States,Ohio,East,Furniture,Bookcases,1876.82,5,0.0,148.84
2747,US-2022-01119,08/01/2022,08/05/2022,Second Class,CU-0519,Emma Patel,Home Office,United States,Ohio,East,Technology,Accessories,61.17,1,0.0,20.79
2748,US-2025-01120,10/19/2025,10/23/2025,Second Class,CU-0172,Priya Clark,Consumer,United States,California,West,Furniture,Bookcases,569.44,3,0.5,-107.56
2749,US-2022-01121,04/10/2022,04/16/2022,Standard Class,CU-0670,Maya Davis,Corporate,United States,Texas,Central,Office Supplies,Binders,85.64,4,0.0,15.56
2750,US-2022-01121,04/10/2022,04/16/2022,Standard Class,CU-0670,Maya Davis,Corporate,United States,Texas,Central,Technology,Copiers,1362.35,2,0.3,320.38
2751,US-2022-01121,04/10/2022,04/15/2022,Standard Class,CU-0670,Maya Davis,Corporate,United States,Texas,Central,Furniture,Tables,3540.89,7,0.0,-334.33
2752,US-2023-01122,05/25/2023,05/30/2023,Standard Class,CU-0407,Priya Garcia,Corporate,United States,Texas,Central,Furniture,Furnishings,57.93,2,0.5,-11.58
2753,US-2023-01122,05/25/2023,05/31/2023,Standard Class,CU-0407,Priya Garcia,Corporate,United States,Texas,Central,Office Supplies,Storage,364.98,4,0.0,36.1
2754,US-2023-01122,05/25/2023,05/31/2023,Standard Class,CU-0407,Priya Garcia,Corporate,United States,Texas,Central,Furniture,Bookcases,333.22,2,0.5,-99.74
2755,US-2024-01123,08/03/2024,08/08/2024,Standard Class,CU-0288,Zoe Patel,Home Office,United States,Pennsylvania,East,Office Supplies,Paper,57.84,3,0.0,21.5
2756,US-2024-01123,08/03/2024,08/09/2024,Standard Class,CU-0288,Zoe Patel,Home Office,United States,Pennsylvania,East,Technology,Phones,420.95,3,0.5,-15.66
2757,US-2024-01124,04/24/2024,04/27/2024,First Class,CU-0642,Emma Lee,Consumer,United States,Illinois,Central,Office Supplies,Paper,76.69,3,0.0,30.69
2758,US-2024-01125,03/07/2024,03/11/2024,Second Class,CU-0387,Liam Lee,Corporate,United States,Washington,West,Office Supplies,Paper,102.51,4,0.0,40.89
2759,US-2024-01125,03/07/2024,03/11/2024,Second Class,CU-0387,Liam Lee,Corporate,United States,Washington,West,Office Supplies,Art,40.6,4,0.4,-4.38
2760,US-2025-01126,11/25/2025,12/01/2025,Standard Class,CU-0392,John Smith,Corporate,United States,Illinois,Central,Furniture,Furnishings,92.68,2,0.3,0.45
2761,US-2025-01126,11/25/2025,11/30/2025,Standard Class,CU-0392,John Smith,Corporate,United States,Illinois,Central,Furniture,Bookcases,1555.73,7,0.2,-66.92
2762,US-2025-01126,11/25/2025,11/30/2025,Standard Class,CU-0392,John Smith,Corporate,United States,Illinois,Central,Technology,Phones,284.79,1,0.1,14.51
2763,US-2025-01126,11/25/2025,12/01/2025,Standard Class,CU-0392,John Smith,Corporate,United States,Illinois,Central,Furniture,Furnishings,51.23,1,0.0,10.3
2764,US-2025-01127,11/06/2025,11/12/2025,Standard Class,CU-0034,Maya Wilson,Consumer,United States,Oregon,West,Technology,Copiers,1011.92,1,0.0,398.06
2765,US-2025-01127,11/06/2025,11/12/2025,Standard Class,CU-0034,Maya Wilson,Consumer,United States,Oregon,West,Furniture,Furnishings,293.54,6,0.1,18.47
2766,US-2025-01127,11/06/2025,11/11/2025,Standard Class,CU-0034,Maya Wilson,Consumer,United States,Oregon,West,Furniture,Bookcases,1120.45,5,0.2,-98.31
2767,US-2023-01128,07/01/2023,07/07/2023,Standard Class,CU-0584,Ravi Clark,Home Office,United States,Virginia,South,Technology,Copiers,2746.18,5,0.4,382.34
2768,US-2023-01128,07/01/2023,07/06/2023,Standard Class,CU-0584,Ravi Clark,Home Office,United States,Virginia,South,Technology,Machines,3536.9,7,0.0,283.35
2769,US-2022-01129,01/05/2022,01/10/2022,Standard Class,CU-0529,Olivia Lee,Home Office,United States,California,West,Furniture,Chairs,1215.06,6,0.3,-98.35
2770,US-2022-01129,01/05/2022,01/11/2022,Standard Class,CU-0529,Olivia Lee,Home Office,United States,California,West,Furniture,Furnishings,76.41,1,0.0,8.55
2771,US-2022-01129,01/05/2022,01/10/2022,Standard Class,CU-0529,Olivia Lee,Home Office,United States,California,West,Office Supplies,Paper,69.46,5,0.2,18.1
2772,US-2022-01129,01/05/2022,01/11/2022,Standard Class,CU-0529,Olivia Lee,Home Office,United States,California,West,Office Supplies,Storage,213.89,3,0.1,10.14
2773,US-2023-01130,06/14/2023,06/20/2023,Standard Class,CU-0572,Ravi Miller,Home Office,United States,Pennsylvania,East,Technology,Machines,3109.56,5,0.0,124.78
2774,US-2022-01131,05/17/2022,05/21/2022,Second Class,CU-0480,Olivia Lee,Home Office,United States,Florida,South,Furniture,Bookcases,1774.33,6,0.0,164.96
2775,US-2022-01131,05/17/2022,05/20/2022,Second Class,CU-0480,Olivia Lee,Home Office,United States,Florida,South,Furniture,Furnishings,310.51,5,0.0,60.99
2776,US-2022-01131,05/17/2022,05/21/2022,Second Class,CU-0480,Olivia Lee,Home Office,United States,Florida,South,Technology,Machines,437.76,1,0.2,-15.14
2777,US-2022-01131,05/17/2022,05/20/2022,Second Class,CU-0480,Olivia Lee,Home Office,United States,Florida,South,Furniture,Tables,2009.69,5,0.0,-97.8
2778,US-2025-01132,06/09/2025,06/15/2025,Standard Class,CU-0283,Maya Smith,Home Office,United States,Washington,West,Technology,Machines,2003.97,6,0.2,-125.08
2779,US-2025-01132,06/09/2025,06/15/2025,Standard Class,CU-0283,Maya Smith,Home Office,United States,Washington,West,Office Supplies,Art,15.63,1,0.0,4.39
2780,US-2025-01132,06/09/2025,06/15/2025,Standard Class,CU-0283,Maya Smith,Home Office,United States,Washington,West,Technology,Phones,445.72,3,0.4,-37.27
2781,US-2024-01133,09/26/2024,10/02/2024,Standard Class,CU-0333,Noah Lee,Home Office,United States,Georgia,South,Furniture,Chairs,167.0,1,0.2,2.79
2782,US-2024-01133,09/26/2024,10/01/2024,Standard Class,CU-0333,Noah Lee,Home Office,United States,Georgia,South,Office Supplies,Binders,129.41,5,0.1,19.3
2783,US-2024-01134,02/22/2024,02/27/2024,Standard Class,CU-0255,Zoe Clark,Corporate,United States,Pennsylvania,East,Furniture,Bookcases,1511.1,4,0.0,54.99
2784,US-2024-01134,02/22/2024,02/28/2024,Standard Class,CU-0255,Zoe Clark,Corporate,United States,Pennsylvania,East,Furniture,Chairs,201.68,1,0.1,14.21
2785,US-2024-01134,02/22/2024,02/27/2024,Standard Class,CU-0255,Zoe Clark,Corporate,United States,Pennsylvania,East,Furniture,Furnishings,311.83,5,0.1,25.7
2786,US-2025-01135,10/30/2025,11/02/2025,First Class,CU-0169,Sara Garcia,Corporate,United States,Virginia,South,Office Supplies,Binders,31.25,2,0.5,-2.53
2787,US-2025-01135,10/30/2025,11/02/2025,First Class,CU-0169,Sara Garcia,Corporate,United States,Virginia,South,Furniture,Tables,1023.77,2,0.0,27.29
2788,US-2025-01135,10/30/2025,11/02/2025,First Class,CU-0169,Sara Garcia,Corporate,United States,Virginia,South,Furniture,Furnishings,31.55,1,0.5,-4.26
2789,US-2022-01136,09/24/2022,09/29/2022,Standard Class,CU-0312,Olivia Garcia,Home Office,United States,Michigan,Central,Technology,Machines,1736.08,6,0.3,-332.63
2790,US-2022-01136,09/24/2022,09/30/2022,Standard Class,CU-0312,Olivia Garcia,Home Office,United States,Michigan,Central,Technology,Phones,420.29,2,0.4,-33.81
2791,US-2022-01137,03/05/2022,03/10/2022,Standard Class,CU-0188,Aarav Garcia,Consumer,United States,California,West,Furniture,Bookcases,350.77,1,0.0,22.42
2792,US-2022-01137,03/05/2022,03/10/2022,Standard Class,CU-0188,Aarav Garcia,Consumer,United States,California,West,Furniture,Tables,660.05,2,0.2,-143.8
2793,US-2022-01137,03/05/2022,03/10/2022,Standard Class,CU-0188,Aarav Garcia,Consumer,United States,California,West,Office Supplies,Storage,179.45,4,0.5,-7.56
2794,US-2024-01138,02/10/2024,02/15/2024,Standard Class,CU-0223,Noah Wilson,Home Office,United States,Ohio,East,Office Supplies,Binders,126.43,4,0.0,25.49
2795,US-2024-01138,02/10/2024,02/16/2024,Standard Class,CU-0223,Noah Wilson,Home Office,United States,Ohio,East,Furniture,Furnishings,59.53,1,0.1,6.49
2796,US-2024-01138,02/10/2024,02/15/2024,Standard Class,CU-0223,Noah Wilson,Home Office,United States,Ohio,East,Furniture,Tables,2255.36,6,0.0,-202.18
2797,US-2024-01138,02/10/2024,02/15/2024,Standard Class,CU-0223,Noah Wilson,Home Office,United States,Ohio,East,Furniture,Furnishings,349.89,6,0.1,44.46
2798,US-2023-01139,05/29/2023,06/03/2023,Standard Class,CU-0084,Aarav Patel,Corporate,United States,Virginia,South,Furniture,Furnishings,230.92,3,0.0,31.28
2799,US-2023-01139,05/29/2023,06/03/2023,Standard Class,CU-0084,Aarav Patel,Corporate,United States,Virginia,South,Technology,Machines,1608.3,3,0.0,109.37
2800,US-2023-01139,05/29/2023,06/04/2023,Standard Class,CU-0084,Aarav Patel,Corporate,United States,Virginia,South,Office Supplies,Art,120.65,7,0.1,20.16
2801,US-2024-01140,01/16/2024,01/21/2024,Standard Class,CU-0188,Aarav Garcia,Consumer,United States,Illinois,Central,Furniture,Bookcases,1914.47,7,0.0,164.76
2802,US-2024-01140,01/16/2024,01/21/2024,Standard Class,CU-0188,Aarav Garcia,Consumer,United States,Illinois,Central,Furniture,Furnishings,285.57,5,0.0,24.32
2803,US-2024-01140,01/16/2024,01/21/2024,Standard Class,CU-0188,Aarav Garcia,Consumer,United States,Illinois,Central,Furniture,Chairs,800.53,5,0.5,-65.83
2804,US-2023-01141,08/10/2023,08/16/2023,Standard Class,CU-0275,Maya Miller,Corporate,United States,California,West,Office Supplies,Labels,31.09,2,0.0,10.32
2805,US-2023-01141,08/10/2023,08/16/2023,Standard Class,CU-0275,Maya Miller,Corporate,United States,California,West,Office Supplies,Paper,71.18,4,0.0,30.24
2806,US-2023-01141,08/10/2023,08/16/2023,Standard Class,CU-0275,Maya Miller,Corporate,United States,California,West,Office Supplies,Labels,8.63,1,0.3,2.2
2807,US-2023-01141,08/10/2023,08/15/2023,Standard Class,CU-0275,Maya Miller,Corporate,United States,California,West,Technology,Copiers,3604.82,4,0.0,973.82
2808,US-2023-01142,11/08/2023,11/13/2023,Standard Class,CU-0663,Priya Brown,Consumer,United States,California,West,Technology,Accessories,93.25,3,0.5,-4.31
2809,US-2023-01142,11/08/2023,11/14/2023,Standard Class,CU-0663,Priya Brown,Consumer,United States,California,West,Office Supplies,Art,23.72,3,0.5,-0.03
2810,US-2022-01143,07/17/2022,07/23/2022,Standard Class,CU-0333,Noah Lee,Home Office,United States,New York,East,Technology,Accessories,188.15,7,0.5,3.05
2811,US-2022-01143,07/17/2022,07/22/2022,Standard Class,CU-0333,Noah Lee,Home Office,United States,New York,East,Office Supplies,Labels,28.82,2,0.0,12.4
2812,US-2022-01144,11/01/2022,11/07/2022,Standard Class,CU-0211,Ravi Lee,Corporate,United States,California,West,Furniture,Tables,2612.63,7,0.0,-464.5
2813,US-2022-01144,11/01/2022,11/06/2022,Standard Class,CU-0211,Ravi Lee,Corporate,United States,California,West,Technology,Phones,1792.21,6,0.0,208.64
2814,US-2022-01144,11/01/2022,11/06/2022,Standard Class,CU-0211,Ravi Lee,Corporate,United States,California,West,Furniture,Furnishings,276.51,7,0.2,9.05
2815,US-2025-01145,03/21/2025,03/24/2025,First Class,CU-0480,Olivia Lee,Home Office,United States,Illinois,Central,Office Supplies,Labels,14.17,1,0.0,5.87
2816,US-2025-01145,03/21/2025,03/23/2025,First Class,CU-0480,Olivia Lee,Home Office,United States,Illinois,Central,Office Supplies,Storage,315.65,3,0.0,40.55
2817,US-2022-01146,11/07/2022,11/09/2022,First Class,CU-0484,Maya Brown,Consumer,United States,Virginia,South,Office Supplies,Storage,273.89,5,0.4,-21.25
2818,US-2022-01146,11/07/2022,11/09/2022,First Class,CU-0484,Maya Brown,Consumer,United States,Virginia,South,Office Supplies,Paper,24.55,2,0.4,4.95
2819,US-2022-01146,11/07/2022,11/09/2022,First Class,CU-0484,Maya Brown,Consumer,United States,Virginia,South,Technology,Phones,722.07,4,0.4,-80.86
2820,US-2022-01146,11/07/2022,11/10/2022,First Class,CU-0484,Maya Brown,Consumer,United States,Virginia,South,Technology,Phones,611.97,2,0.0,80.68
2821,US-2024-01147,06/02/2024,06/07/2024,Standard Class,CU-0480,Olivia Lee,Home Office,United States,California,West,Furniture,Chairs,1215.12,5,0.2,70.43
2822,US-2024-01147,06/02/2024,06/08/2024,Standard Class,CU-0480,Olivia Lee,Home Office,United States,California,West,Office Supplies,Storage,208.82,2,0.0,17.17
2823,US-2024-01147,06/02/2024,06/07/2024,Standard Class,CU-0480,Olivia Lee,Home Office,United States,California,West,Technology,Accessories,164.49,4,0.3,18.91
2824,US-2024-01147,06/02/2024,06/07/2024,Standard Class,CU-0480,Olivia Lee,Home Office,United States,California,West,Office Supplies,Binders,118.38,7,0.2,0.49
2825,US-2024-01148,07/21/2024,07/25/2024,Second Class,CU-0458,Liam Garcia,Corporate,United States,Oregon,West,Furniture,Tables,651.64,2,0.3,-221.71
2826,US-2024-01149,11/04/2024,11/09/2024,Standard Class,CU-0184,Ravi Wilson,Corporate,United States,Virginia,South,Furniture,Bookcases,2111.2,7,0.2,-127.68
2827,US-2024-01149,11/04/2024,11/10/2024,Standard Class,CU-0184,Ravi Wilson,Corporate,United States,Virginia,South,Furniture,Chairs,1482.03,5,0.0,126.15
2828,US-2024-01149,11/04/2024,11/09/2024,Standard Class,CU-0184,Ravi Wilson,Corporate,United States,Virginia,South,Office Supplies,Paper,44.08,2,0.0,15.99
2829,US-2024-01149,11/04/2024,11/09/2024,Standard Class,CU-0184,Ravi Wilson,Corporate,United States,Virginia,South,Furniture,Bookcases,1472.04,7,0.2,-164.8
2830,US-2024-01150,02/16/2024,02/22/2024,Standard Class,CU-0228,Maya Clark,Home Office,United States,Georgia,South,Office Supplies,Paper,76.91,4,0.2,26.25
2831,US-2024-01150,02/16/2024,02/21/2024,Standard Class,CU-0228,Maya Clark,Home Office,United States,Georgia,South,Furniture,Tables,1253.45,4,0.1,-200.71
2832,US-2024-01150,02/16/2024,02/22/2024,Standard Class,CU-0228,Maya Clark,Home Office,United States,Georgia,South,Furniture,Furnishings,76.33,2,0.5,-11.16
2833,US-2022-01151,09/14/2022,09/20/2022,Standard Class,CU-0539,Aarav Patel,Home Office,United States,Washington,West,Office Supplies,Paper,87.45,7,0.3,20.25
2834,US-2022-01151,09/14/2022,09/19/2022,Standard Class,CU-0539,Aarav Patel,Home Office,United States,Washington,West,Furniture,Bookcases,608.22,3,0.4,-97.53
2835,US-2022-01151,09/14/2022,09/20/2022,Standard Class,CU-0539,Aarav Patel,Home Office,United States,Washington,West,Technology,Phones,1668.41,6,0.0,303.51
2836,US-2022-01151,09/14/2022,09/19/2022,Standard Class,CU-0539,Aarav Patel,Home Office,United States,Washington,West,Furniture,Tables,756.68,2,0.1,-182.16
2837,US-2023-01152,05/26/2023,05/28/2023,First Class,CU-0043,Aarav Davis,Corporate,United States,California,West,Technology,Accessories,403.54,7,0.1,76.62
2838,US-2023-01152,05/26/2023,05/28/2023,First Class,CU-0043,Aarav Davis,Corporate,United States,California,West,Technology,Phones,1771.89,5,0.0,205.54
2839,US-2023-01152,05/26/2023,05/28/2023,First Class,CU-0043,Aarav Davis,Corporate,United States,California,West,Furniture,Chairs,962.53,3,0.0,46.26
2840,US-2023-01152,05/26/2023,05/29/2023,First Class,CU-0043,Aarav Davis,Corporate,United States,California,West,Furniture,Tables,1592.7,5,0.2,-262.83
2841,US-2022-01153,11/29/2022,12/05/2022,Standard Class,CU-0091,Sara Smith,Consumer,United States,California,West,Technology,Accessories,291.2,6,0.0,44.76
2842,US-2024-01154,12/09/2024,12/12/2024,Second Class,CU-0617,Noah Patel,Consumer,United States,Michigan,Central,Furniture,Chairs,1295.25,4,0.0,104.77
2843,US-2024-01154,12/09/2024,12/12/2024,Second Class,CU-0617,Noah Patel,Consumer,United States,Michigan,Central,Technology,Machines,1423.92,3,0.2,-108.97
2844,US-2024-01154,12/09/2024,12/12/2024,Second Class,CU-0617,Noah Patel,Consumer,United States,Michigan,Central,Technology,Accessories,93.8,3,0.5,-2.84
2845,US-2024-01154,12/09/2024,12/12/2024,Second Class,CU-0617,Noah Patel,Consumer,United States,Michigan,Central,Technology,Machines,1075.32,2,0.0,62.25
2846,US-2025-01155,03/27/2025,03/29/2025,First Class,CU-0117,John Patel,Corporate,United States,Michigan,Central,Technology,Machines,1492.3,3,0.2,-30.78
2847,US-2025-01155,03/27/2025,03/30/2025,First Class,CU-0117,John Patel,Corporate,United States,Michigan,Central,Technology,Copiers,1045.35,1,0.1,293.24
2848,US-2023-01156,08/08/2023,08/14/2023,Standard Class,CU-0533,Olivia Davis,Home Office,United States,Illinois,Central,Furniture,Furnishings,96.0,2,0.3,-1.34
2849,US-2023-01156,08/08/2023,08/13/2023,Standard Class,CU-0533,Olivia Davis,Home Office,United States,Illinois,Central,Technology,Phones,340.96,1,0.0,52.85
2850,US-2022-01157,04/30/2022,05/03/2022,First Class,CU-0117,John Patel,Corporate,United States,Michigan,Central,Office Supplies,Paper,31.26,3,0.4,8.68
2851,US-2022-01157,04/30/2022,05/03/2022,First Class,CU-0117,John Patel,Corporate,United States,Michigan,Central,Office Supplies,Art,99.23,7,0.2,16.08
2852,US-2022-01157,04/30/2022,05/02/2022,First Class,CU-0117,John Patel,Corporate,United States,Michigan,Central,Furniture,Chairs,257.75,2,0.4,-1.58
2853,US-2023-01158,10/30/2023,11/04/2023,Standard Class,CU-0048,John Brown,Corporate,United States,Oregon,West,Office Supplies,Labels,25.19,3,0.3,6.37
2854,US-2025-01159,07/23/2025,07/27/2025,Second Class,CU-0420,Noah Khan,Home Office,United States,Georgia,South,Furniture,Furnishings,303.63,5,0.2,21.72
2855,US-2024-01160,03/26/2024,03/26/2024,Same Day,CU-0090,Liam Miller,Corporate,United States,Michigan,Central,Office Supplies,Paper,90.41,4,0.1,31.17
2856,US-2024-01160,03/26/2024,03/27/2024,Same Day,CU-0090,Liam Miller,Corporate,United States,Michigan,Central,Office Supplies,Art,64.82,5,0.3,8.75
2857,US-2024-01161,11/02/2024,11/08/2024,Standard Class,CU-0649,Liam Patel,Consumer,United States,Illinois,Central,Technology,Accessories,21.22,1,0.5,0.55
2858,US-2024-01161,11/02/2024,11/07/2024,Standard Class,CU-0649,Liam Patel,Consumer,United States,Illinois,Central,Technology,Accessories,323.78,5,0.0,51.73
2859,US-2024-01161,11/02/2024,11/08/2024,Standard Class,CU-0649,Liam Patel,Consumer,United States,Illinois,Central,Furniture,Tables,326.11,1,0.2,-46.18
2860,US-2022-01162,10/14/2022,10/16/2022,First Class,CU-0522,Zoe Khan,Corporate,United States,Florida,South,Office Supplies,Binders,174.52,6,0.0,36.81
2861,US-2022-01162,10/14/2022,10/16/2022,First Class,CU-0522,Zoe Khan,Corporate,United States,Florida,South,Technology,Machines,2282.23,7,0.3,-261.33
2862,US-2022-01162,10/14/2022,10/17/2022,First Class,CU-0522,Zoe Khan,Corporate,United States,Florida,South,Office Supplies,Binders,76.97,3,0.0,14.27
2863,US-2022-01162,10/14/2022,10/17/2022,First Class,CU-0522,Zoe Khan,Corporate,United States,Florida,South,Technology,Accessories,136.67,6,0.5,-1.83
2864,US-2024-01163,05/26/2024,05/27/2024,Same Day,CU-0535,Priya Lee,Consumer,United States,Georgia,South,Technology,Phones,410.73,3,0.5,-43.54
2865,US-2024-01163,05/26/2024,05/26/2024,Same Day,CU-0535,Priya Lee,Consumer,United States,Georgia,South,Office Supplies,Labels,72.26,6,0.1,24.13
2866,US-2024-01163,05/26/2024,05/26/2024,Same Day,CU-0535,Priya Lee,Consumer,United States,Georgia,South,Furniture,Tables,2071.6,6,0.0,-194.03
2867,US-2025-01164,02/15/2025,02/18/2025,Second Class,CU-0048,John Brown,Corporate,United States,New York,East,Office Supplies,Binders,123.8,5,0.0,28.96
2868,US-2025-01164,02/15/2025,02/19/2025,Second Class,CU-0048,John Brown,Corporate,United States,New York,East,Furniture,Bookcases,922.4,4,0.3,-61.66
2869,US-2023-01165,06/09/2023,06/14/2023,Standard Class,CU-0661,Olivia Miller,Consumer,United States,Ohio,East,Furniture,Chairs,234.7,1,0.0,45.15
2870,US-2025-01166,11/23/2025,11/29/2025,Standard Class,CU-0492,John Clark,Consumer,United States,Michigan,Central,Office Supplies,Binders,36.8,2,0.3,3.04
2871,US-2022-01167,11/16/2022,11/21/2022,Standard Class,CU-0182,John Wilson,Consumer,United States,Virginia,South,Office Supplies,Paper,17.82,1,0.0,8.28
2872,US-2022-01167,11/16/2022,11/21/2022,Standard Class,CU-0182,John Wilson,Consumer,United States,Virginia,South,Office Supplies,Binders,23.79,2,0.5,-2.02
2873,US-2023-01168,04/10/2023,04/11/2023,Same Day,CU-0292,Maya Miller,Corporate,United States,Michigan,Central,Furniture,Chairs,597.64,2,0.0,40.96
2874,US-2023-01168,04/10/2023,04/11/2023,Same Day,CU-0292,Maya Miller,Corporate,United States,Michigan,Central,Technology,Phones,1110.01,6,0.5,-126.83
2875,US-2024-01169,08/14/2024,08/20/2024,Standard Class,CU-0037,Emma Davis,Consumer,United States,Illinois,Central,Furniture,Chairs,1567.65,6,0.1,133.26
2876,US-2024-01169,08/14/2024,08/19/2024,Standard Class,CU-0037,Emma Davis,Consumer,United States,Illinois,Central,Technology,Machines,1170.6,4,0.5,-275.7
2877,US-2024-01169,08/14/2024,08/20/2024,Standard Class,CU-0037,Emma Davis,Consumer,United States,Illinois,Central,Furniture,Furnishings,38.52,1,0.5,-6.36
2878,US-2024-01169,08/14/2024,08/20/2024,Standard Class,CU-0037,Emma Davis,Consumer,United States,Illinois,Central,Furniture,Furnishings,126.13,3,0.4,-2.78
2879,US-2025-01170,08/27/2025,09/02/2025,Standard Class,CU-0106,Olivia Davis,Home Office,United States,Pennsylvania,East,Technology,Accessories,36.52,1,0.4,0.29
2880,US-2023-01171,03/17/2023,03/20/2023,Second Class,CU-0658,Zoe Miller,Corporate,United States,Texas,Central,Office Supplies,Binders,19.62,1,0.2,2.45
2881,US-2023-01171,03/17/2023,03/20/2023,Second Class,CU-0658,Zoe Miller,Corporate,United States,Texas,Central,Technology,Machines,2380.65,7,0.2,-176.98
2882,US-2023-01171,03/17/2023,03/21/2023,Second Class,CU-0658,Zoe Miller,Corporate,United States,Texas,Central,Office Supplies,Paper,40.17,2,0.0,14.52
2883,US-2023-01171,03/17/2023,03/20/2023,Second Class,CU-0658,Zoe Miller,Corporate,United States,Texas,Central,Technology,Machines,484.82,1,0.2,-48.02
2884,US-2025-01172,11/22/2025,11/27/2025,Standard Class,CU-0071,Sara Davis,Home Office,United States,Texas,Central,Technology,Machines,2907.77,7,0.0,30.31
2885,US-2024-01173,04/02/2024,04/07/2024,Standard Class,CU-0537,John Patel,Home Office,United States,Texas,Central,Technology,Phones,2383.8,7,0.0,365.63
2886,US-2024-01173,04/02/2024,04/08/2024,Standard Class,CU-0537,John Patel,Home Office,United States,Texas,Central,Office Supplies,Paper,81.79,6,0.4,15.27
2887,US-2025-01174,08/04/2025,08/09/2025,Standard Class,CU-0068,Ethan Garcia,Home Office,United States,New York,East,Technology,Accessories,56.52,2,0.3,3.52
2888,US-2025-01174,08/04/2025,08/10/2025,Standard Class,CU-0068,Ethan Garcia,Home Office,United States,New York,East,Office Supplies,Binders,158.56,6,0.1,9.04
2889,US-2025-01174,08/04/2025,08/09/2025,Standard Class,CU-0068,Ethan Garcia,Home Office,United States,New York,East,Office Supplies,Art,117.67,7,0.0,31.5
2890,US-2025-01174,08/04/2025,08/09/2025,Standard Class,CU-0068,Ethan Garcia,Home Office,United States,New York,East,Office Supplies,Labels,7.45,1,0.4,1.09
2891,US-2025-01175,10/09/2025,10/14/2025,Standard Class,CU-0549,Maya Brown,Corporate,United States,Oregon,West,Technology,Phones,586.54,3,0.3,-28.05
2892,US-2025-01175,10/09/2025,10/14/2025,Standard Class,CU-0549,Maya Brown,Corporate,United States,Oregon,West,Technology,Phones,370.33,1,0.0,17.57
2893,US-2025-01175,10/09/2025,10/15/2025,Standard Class,CU-0549,Maya Brown,Corporate,United States,Oregon,West,Office Supplies,Labels,33.67,3,0.2,9.99
2894,US-2024-01176,11/30/2024,12/05/2024,Standard Class,CU-0425,Zoe Miller,Home Office,United States,Pennsylvania,East,Technology,Machines,1527.94,3,0.0,12.34
2895,US-2024-01176,11/30/2024,12/06/2024,Standard Class,CU-0425,Zoe Miller,Home Office,United States,Pennsylvania,East,Furniture,Chairs,647.63,2,0.0,71.43
2896,US-2024-01176,11/30/2024,12/06/2024,Standard Class,CU-0425,Zoe Miller,Home Office,United States,Pennsylvania,East,Furniture,Tables,1153.47,3,0.0,-35.43
2897,US-2023-01177,12/26/2023,12/31/2023,Standard Class,CU-0185,Priya Lee,Home Office,United States,Florida,South,Technology,Copiers,3209.41,3,0.0,871.12
2898,US-2023-01177,12/26/2023,12/31/2023,Standard Class,CU-0185,Priya Lee,Home Office,United States,Florida,South,Office Supplies,Labels,35.14,6,0.4,1.78
2899,US-2023-01178,05/28/2023,05/28/2023,Same Day,CU-0167,Zoe Garcia,Consumer,United States,Florida,South,Technology,Machines,1867.92,4,0.0,115.18
2900,US-2023-01178,05/28/2023,05/28/2023,Same Day,CU-0167,Zoe Garcia,Consumer,United States,Florida,South,Furniture,Furnishings,311.25,6,0.0,46.82
2901,US-2023-01179,06/11/2023,06/14/2023,Second Class,CU-0523,Zoe Miller,Home Office,United States,Virginia,South,Furniture,Furnishings,83.08,3,0.5,-8.28
2902,US-2022-01180,09/11/2022,09/16/2022,Standard Class,CU-0420,Noah Khan,Home Office,United States,California,West,Technology,Accessories,38.56,1,0.4,1.34
2903,US-2022-01180,09/11/2022,09/16/2022,Standard Class,CU-0420,Noah Khan,Home Office,United States,California,West,Furniture,Furnishings,118.79,3,0.4,-10.7
2904,US-2023-01181,06/02/2023,06/07/2023,Standard Class,CU-0403,Noah Davis,Consumer,United States,Michigan,Central,Office Supplies,Paper,19.33,1,0.0,7.32
2905,US-2023-01181,06/02/2023,06/07/2023,Standard Class,CU-0403,Noah Davis,Consumer,United States,Michigan,Central,Office Supplies,Paper,91.13,7,0.3,26.95
2906,US-2022-01182,07/05/2022,07/11/2022,Standard Class,CU-0486,Aarav Clark,Corporate,United States,Virginia,South,Office Supplies,Binders,94.05,6,0.3,2.85
2907,US-2024-01183,09/19/2024,09/23/2024,Second Class,CU-0189,Ethan Brown,Consumer,United States,Georgia,South,Furniture,Chairs,677.13,3,0.1,53.37
2908,US-2024-01183,09/19/2024,09/23/2024,Second Class,CU-0189,Ethan Brown,Consumer,United States,Georgia,South,Office Supplies,Storage,259.03,3,0.0,31.09
2909,US-2024-01183,09/19/2024,09/23/2024,Second Class,CU-0189,Ethan Brown,Consumer,United States,Georgia,South,Furniture,Furnishings,51.59,1,0.0,4.78
2910,US-2025-01184,03/23/2025,03/28/2025,Standard Class,CU-0032,Liam Wilson,Consumer,United States,Pennsylvania,East,Office Supplies,Art,111.41,7,0.0,35.08
2911,US-2022-01185,08/08/2022,08/09/2022,Same Day,CU-0470,Ethan Smith,Consumer,United States,New York,East,Office Supplies,Labels,11.56,1,0.1,3.52
2912,US-2022-01185,08/08/2022,08/08/2022,Same Day,CU-0470,Ethan Smith,Consumer,United States,New York,East,Technology,Machines,3127.42,5,0.0,161.28
2913,US-2022-01185,08/08/2022,08/08/2022,Same Day,CU-0470,Ethan Smith,Consumer,United States,New York,East,Furniture,Chairs,1100.8,5,0.2,-53.67
2914,US-2023-01186,04/08/2023,04/11/2023,First Class,CU-0216,Sara Garcia,Corporate,United States,Michigan,Central,Furniture,Tables,726.08,2,0.0,-26.56
2915,US-2025-01187,10/30/2025,11/04/2025,Standard Class,CU-0586,Sara Lee,Corporate,United States,Pennsylvania,East,Technology,Copiers,4220.73,4,0.0,1872.43
2916,US-2025-01187,10/30/2025,11/05/2025,Standard Class,CU-0586,Sara Lee,Corporate,United States,Pennsylvania,East,Technology,Phones,759.46,4,0.3,102.34
2917,US-2022-01188,05/29/2022,06/01/2022,Second Class,CU-0188,Aarav Garcia,Consumer,United States,Michigan,Central,Office Supplies,Labels,48.49,5,0.0,19.4
2918,US-2022-01188,05/29/2022,06/01/2022,Second Class,CU-0188,Aarav Garcia,Consumer,United States,Michigan,Central,Furniture,Tables,2393.21,5,0.0,-147.95
2919,US-2022-01188,05/29/2022,06/01/2022,Second Class,CU-0188,Aarav Garcia,Consumer,United States,Michigan,Central,Furniture,Chairs,772.34,3,0.1,20.38
2920,US-2022-01188,05/29/2022,06/02/2022,Second Class,CU-0188,Aarav Garcia,Consumer,United States,Michigan,Central,Furniture,Bookcases,2397.85,7,0.1,-94.54
2921,US-2025-01189,07/27/2025,08/01/2025,Standard Class,CU-0445,Emma Wilson,Corporate,United States,Washington,West,Office Supplies,Labels,92.86,7,0.0,34.65
2922,US-2025-01189,07/27/2025,08/02/2025,Standard Class,CU-0445,Emma Wilson,Corporate,United States,Washington,West,Furniture,Chairs,110.32,1,0.5,-27.32
2923,US-2025-01189,07/27/2025,08/01/2025,Standard Class,CU-0445,Emma Wilson,Corporate,United States,Washington,West,Furniture,Furnishings,291.26,4,0.0,28.4
2924,US-2025-01190,11/05/2025,11/11/2025,Standard Class,CU-0048,John Brown,Corporate,United States,Pennsylvania,East,Furniture,Bookcases,1642.64,7,0.3,-227.41
2925,US-2025-01191,04/04/2025,04/09/2025,Standard Class,CU-0652,Emma Clark,Corporate,United States,Virginia,South,Technology,Machines,1497.32,4,0.2,-74.54
2926,US-2025-01191,04/04/2025,04/09/2025,Standard Class,CU-0652,Emma Clark,Corporate,United States,Virginia,South,Furniture,Tables,428.64,1,0.1,-60.94
2927,US-2025-01191,04/04/2025,04/09/2025,Standard Class,CU-0652,Emma Clark,Corporate,United States,Virginia,South,Furniture,Bookcases,1270.94,6,0.3,-174.56
2928,US-2023-01192,02/19/2023,02/23/2023,Second Class,CU-0595,Aarav Clark,Home Office,United States,Pennsylvania,East,Furniture,Bookcases,1593.42,7,0.3,-460.2
2929,US-2023-01192,02/19/2023,02/23/2023,Second Class,CU-0595,Aarav Clark,Home Office,United States,Pennsylvania,East,Office Supplies,Art,53.16,4,0.1,14.29
2930,US-2025-01193,03/08/2025,03/13/2025,Standard Class,CU-0006,Priya Khan,Consumer,United States,New York,East,Technology,Copiers,4728.42,6,0.0,1628.4
2931,US-2025-01193,03/08/2025,03/14/2025,Standard Class,CU-0006,Priya Khan,Consumer,United States,New York,East,Furniture,Chairs,1687.35,7,0.0,304.94
2932,US-2025-01193,03/08/2025,03/13/2025,Standard Class,CU-0006,Priya Khan,Consumer,United States,New York,East,Office Supplies,Art,30.11,2,0.2,6.43
2933,US-2025-01193,03/08/2025,03/14/2025,Standard Class,CU-0006,Priya Khan,Consumer,United States,New York,East,Technology,Copiers,2318.88,5,0.4,328.14
2934,US-2025-01194,12/01/2025,12/07/2025,Standard Class,CU-0527,Maya Miller,Consumer,United States,New York,East,Technology,Accessories,263.56,5,0.0,44.16
2935,US-2025-01194,12/01/2025,12/07/2025,Standard Class,CU-0527,Maya Miller,Consumer,United States,New York,East,Office Supplies,Paper,49.56,3,0.3,7.4
2936,US-2025-01194,12/01/2025,12/06/2025,Standard Class,CU-0527,Maya Miller,Consumer,United States,New York,East,Office Supplies,Art,31.46,3,0.3,3.87
2937,US-2024-01195,12/10/2024,12/15/2024,Standard Class,CU-0091,Sara Smith,Consumer,United States,Washington,West,Furniture,Tables,1340.14,3,0.0,-42.8
2938,US-2024-01195,12/10/2024,12/16/2024,Standard Class,CU-0091,Sara Smith,Consumer,United States,Washington,West,Furniture,Furnishings,121.29,4,0.4,-4.23
2939,US-2022-01196,04/09/2022,04/13/2022,Second Class,CU-0119,Zoe Clark,Consumer,United States,Ohio,East,Furniture,Chairs,405.86,2,0.3,11.17
2940,US-2022-01196,04/09/2022,04/12/2022,Second Class,CU-0119,Zoe Clark,Consumer,United States,Ohio,East,Office Supplies,Binders,100.86,6,0.4,3.52
2941,US-2022-01196,04/09/2022,04/13/2022,Second Class,CU-0119,Zoe Clark,Consumer,United States,Ohio,East,Office Supplies,Paper,32.27,2,0.3,9.03
2942,US-2022-01196,04/09/2022,04/13/2022,Second Class,CU-0119,Zoe Clark,Consumer,United States,Ohio,East,Furniture,Furnishings,257.15,5,0.3,-4.2
2943,US-2023-01197,07/14/2023,07/17/2023,Second Class,CU-0160,Aarav Miller,Consumer,United States,California,West,Office Supplies,Art,85.93,6,0.0,26.51
2944,US-2023-01197,07/14/2023,07/18/2023,Second Class,CU-0160,Aarav Miller,Consumer,United States,California,West,Technology,Copiers,7016.8,7,0.0,2713.26
2945,US-2023-01197,07/14/2023,07/17/2023,Second Class,CU-0160,Aarav Miller,Consumer,United States,California,West,Office Supplies,Labels,71.64,6,0.1,27.77
2946,US-2022-01198,01/18/2022,01/21/2022,Second Class,CU-0403,Noah Davis,Consumer,United States,Illinois,Central,Furniture,Bookcases,2031.84,7,0.0,11.24
2947,US-2022-01198,01/18/2022,01/21/2022,Second Class,CU-0403,Noah Davis,Consumer,United States,Illinois,Central,Furniture,Chairs,584.05,2,0.1,52.38
2948,US-2022-01198,01/18/2022,01/21/2022,Second Class,CU-0403,Noah Davis,Consumer,United States,Illinois,Central,Furniture,Bookcases,254.27,1,0.0,-3.15
2949,US-2022-01198,01/18/2022,01/21/2022,Second Class,CU-0403,Noah Davis,Consumer,United States,Illinois,Central,Furniture,Tables,2436.11,6,0.0,-336.17
2950,US-2022-01199,04/14/2022,04/20/2022,Standard Class,CU-0015,Ravi Lee,Consumer,United States,California,West,Office Supplies,Paper,100.89,4,0.0,38.72
2951,US-2022-01199,04/14/2022,04/20/2022,Standard Class,CU-0015,Ravi Lee,Consumer,United States,California,West,Office Supplies,Paper,32.95,4,0.5,5.41
2952,US-2022-01200,06/09/2022,06/15/2022,Standard Class,CU-0685,Liam Clark,Home Office,United States,Michigan,Central,Technology,Copiers,3359.43,3,0.0,1040.36
2953,US-2022-01200,06/09/2022,06/14/2022,Standard Class,CU-0685,Liam Clark,Home Office,United States,Michigan,Central,Office Supplies,Binders,153.05,7,0.2,18.59
2954,US-2022-01201,10/01/2022,10/06/2022,Standard Class,CU-0365,Ethan Lee,Consumer,United States,Florida,South,Technology,Accessories,173.84,4,0.1,22.03
2955,US-2022-01202,09/25/2022,09/29/2022,Second Class,CU-0400,Zoe Wilson,Corporate,United States,Virginia,South,Furniture,Bookcases,122.51,1,0.5,-34.5
2956,US-2025-01203,03/08/2025,03/08/2025,Same Day,CU-0348,Ethan Garcia,Corporate,United States,Florida,South,Office Supplies,Binders,87.8,6,0.3,7.22
2957,US-2025-01203,03/08/2025,03/09/2025,Same Day,CU-0348,Ethan Garcia,Corporate,United States,Florida,South,Office Supplies,Paper,34.8,3,0.4,6.08
2958,US-2025-01203,03/08/2025,03/08/2025,Same Day,CU-0348,Ethan Garcia,Corporate,United States,Florida,South,Furniture,Chairs,850.44,5,0.4,-134.94
2959,US-2022-01204,12/04/2022,12/07/2022,First Class,CU-0642,Emma Lee,Consumer,United States,Georgia,South,Furniture,Chairs,391.38,2,0.2,-15.5
2960,US-2022-01204,12/04/2022,12/06/2022,First Class,CU-0642,Emma Lee,Consumer,United States,Georgia,South,Furniture,Tables,1087.43,4,0.4,-325.72
2961,US-2022-01204,12/04/2022,12/07/2022,First Class,CU-0642,Emma Lee,Consumer,United States,Georgia,South,Technology,Accessories,98.82,2,0.2,15.17
2962,US-2025-01205,10/10/2025,10/14/2025,Second Class,CU-0140,Maya Brown,Corporate,United States,Texas,Central,Office Supplies,Labels,6.82,1,0.3,1.45
2963,US-2025-01205,10/10/2025,10/14/2025,Second Class,CU-0140,Maya Brown,Corporate,United States,Texas,Central,Technology,Machines,1902.74,5,0.4,-349.48
2964,US-2022-01206,05/11/2022,05/16/2022,Standard Class,CU-0358,John Davis,Corporate,United States,Michigan,Central,Furniture,Chairs,1576.88,6,0.0,118.56
2965,US-2022-01206,05/11/2022,05/17/2022,Standard Class,CU-0358,John Davis,Corporate,United States,Michigan,Central,Office Supplies,Paper,122.46,6,0.1,46.89
2966,US-2022-01206,05/11/2022,05/16/2022,Standard Class,CU-0358,John Davis,Corporate,United States,Michigan,Central,Technology,Copiers,1431.72,2,0.3,232.07
2967,US-2022-01206,05/11/2022,05/16/2022,Standard Class,CU-0358,John Davis,Corporate,United States,Michigan,Central,Office Supplies,Storage,361.56,7,0.5,-57.4
2968,US-2022-01207,06/01/2022,06/06/2022,Standard Class,CU-0468,John Brown,Consumer,United States,New York,East,Office Supplies,Labels,51.82,4,0.1,19.37
2969,US-2022-01207,06/01/2022,06/07/2022,Standard Class,CU-0468,John Brown,Consumer,United States,New York,East,Furniture,Furnishings,237.14,4,0.1,22.82
2970,US-2022-01207,06/01/2022,06/06/2022,Standard Class,CU-0468,John Brown,Consumer,United States,New York,East,Office Supplies,Binders,44.5,2,0.0,11.76
2971,US-2025-01208,03/04/2025,03/09/2025,Standard Class,CU-0276,Maya Miller,Home Office,United States,Virginia,South,Furniture,Bookcases,2419.55,7,0.0,36.52
2972,US-2025-01208,03/04/2025,03/10/2025,Standard Class,CU-0276,Maya Miller,Home Office,United States,Virginia,South,Furniture,Chairs,1324.27,7,0.4,-160.86
2973,US-2025-01208,03/04/2025,03/10/2025,Standard Class,CU-0276,Maya Miller,Home Office,United States,Virginia,South,Office Supplies,Paper,45.82,2,0.0,20.3
2974,US-2025-01208,03/04/2025,03/10/2025,Standard Class,CU-0276,Maya Miller,Home Office,United States,Virginia,South,Technology,Copiers,920.71,1,0.0,298.34
2975,US-2023-01209,10/10/2023,10/16/2023,Standard Class,CU-0639,Sara Khan,Consumer,United States,Washington,West,Furniture,Tables,1162.19,3,0.0,-128.68
2976,US-2023-01209,10/10/2023,10/15/2023,Standard Class,CU-0639,Sara Khan,Consumer,United States,Washington,West,Furniture,Chairs,148.6,1,0.3,-3.22
2977,US-2023-01210,03/10/2023,03/15/2023,Standard Class,CU-0337,Ravi Khan,Consumer,United States,New York,East,Office Supplies,Binders,29.24,1,0.0,7.73
2978,US-2024-01211,02/09/2024,02/13/2024,Second Class,CU-0288,Zoe Patel,Home Office,United States,California,West,Furniture,Furnishings,392.26,7,0.1,62.86
2979,US-2024-01211,02/09/2024,02/12/2024,Second Class,CU-0288,Zoe Patel,Home Office,United States,California,West,Office Supplies,Storage,227.24,5,0.5,-43.82
2980,US-2024-01211,02/09/2024,02/13/2024,Second Class,CU-0288,Zoe Patel,Home Office,United States,California,West,Furniture,Chairs,767.66,4,0.2,-45.06
2981,US-2024-01211,02/09/2024,02/12/2024,Second Class,CU-0288,Zoe Patel,Home Office,United States,California,West,Furniture,Bookcases,199.11,1,0.3,-15.66
2982,US-2024-01212,06/26/2024,06/29/2024,First Class,CU-0005,Ravi Davis,Home Office,United States,Oregon,West,Office Supplies,Storage,701.84,7,0.0,74.23
2983,US-2024-01213,11/22/2024,11/27/2024,Standard Class,CU-0698,Sara Wilson,Consumer,United States,Florida,South,Technology,Machines,1085.9,3,0.2,-68.77
2984,US-2025-01214,10/22/2025,10/28/2025,Standard Class,CU-0249,Priya Lee,Corporate,United States,Pennsylvania,East,Technology,Accessories,30.51,1,0.5,-0.92
2985,US-2025-01214,10/22/2025,10/28/2025,Standard Class,CU-0249,Priya Lee,Corporate,United States,Pennsylvania,East,Technology,Machines,625.8,1,0.0,29.53
2986,US-2025-01214,10/22/2025,10/28/2025,Standard Class,CU-0249,Priya Lee,Corporate,United States,Pennsylvania,East,Technology,Machines,2544.88,6,0.0,-16.59
2987,US-2025-01214,10/22/2025,10/28/2025,Standard Class,CU-0249,Priya Lee,Corporate,United States,Pennsylvania,East,Furniture,Tables,267.9,1,0.4,-73.9
2988,US-2022-01215,10/11/2022,10/17/2022,Standard Class,CU-0482,Emma Patel,Consumer,United States,Michigan,Central,Furniture,Bookcases,915.0,6,0.5,-262.06
2989,US-2022-01215,10/11/2022,10/17/2022,Standard Class,CU-0482,Emma Patel,Consumer,United States,Michigan,Central,Technology,Accessories,143.71,4,0.2,12.06
2990,US-2022-01215,10/11/2022,10/17/2022,Standard Class,CU-0482,Emma Patel,Consumer,United States,Michigan,Central,Furniture,Bookcases,1190.14,6,0.2,-71.38
2991,US-2023-01216,09/05/2023,09/10/2023,Standard Class,CU-0665,Sara Miller,Home Office,United States,New York,East,Office Supplies,Storage,55.43,1,0.5,-6.37
2992,US-2022-01217,05/27/2022,05/31/2022,Second Class,CU-0086,Maya Miller,Consumer,United States,Ohio,East,Office Supplies,Art,32.21,2,0.1,4.72
2993,US-2022-01217,05/27/2022,05/31/2022,Second Class,CU-0086,Maya Miller,Consumer,United States,Ohio,East,Technology,Machines,1201.88,2,0.0,20.57
2994,US-2022-01218,12/17/2022,12/20/2022,Second Class,CU-0649,Liam Patel,Consumer,United States,Virginia,South,Furniture,Tables,456.64,1,0.0,-25.99
2995,US-2025-01219,04/24/2025,04/27/2025,Second Class,CU-0281,Sara Miller,Home Office,United States,New York,East,Office Supplies,Paper,21.44,1,0.0,7.35
2996,US-2025-01219,04/24/2025,04/27/2025,Second Class,CU-0281,Sara Miller,Home Office,United States,New York,East,Furniture,Tables,419.96,1,0.0,10.95
2997,US-2025-01219,04/24/2025,04/28/2025,Second Class,CU-0281,Sara Miller,Home Office,United States,New York,East,Office Supplies,Labels,29.25,5,0.5,0.85
2998,US-2025-01219,04/24/2025,04/28/2025,Second Class,CU-0281,Sara Miller,Home Office,United States,New York,East,Office Supplies,Binders,68.59,4,0.4,-2.79
2999,US-2024-01220,06/09/2024,06/11/2024,First Class,CU-0256,Priya Miller,Corporate,United States,Georgia,South,Office Supplies,Storage,263.01,5,0.5,-36.08
3000,US-2024-01221,05/02/2024,05/08/2024,Standard Class,CU-0243,Ravi Smith,Corporate,United States,Michigan,Central,Technology,Machines,899.21,3,0.4,-208.06
3001,US-2024-01221,05/02/2024,05/07/2024,Standard Class,CU-0243,Ravi Smith,Corporate,United States,Michigan,Central,Furniture,Tables,850.83,2,0.0,-106.98
3002,US-2024-01222,08/04/2024,08/07/2024,Second Class,CU-0691,John Miller,Corporate,United States,Oregon,West,Furniture,Chairs,598.65,3,0.3,-27.27
3003,US-2024-01222,08/04/2024,08/08/2024,Second Class,CU-0691,John Miller,Corporate,United States,Oregon,West,Furniture,Furnishings,100.94,4,0.5,-8.04
3004,US-2022-01223,10/04/2022,10/07/2022,Second Class,CU-0247,Ravi Wilson,Home Office,United States,Oregon,West,Furniture,Furnishings,70.79,2,0.4,-0.95
3005,US-2022-01223,10/04/2022,10/08/2022,Second Class,CU-0247,Ravi Wilson,Home Office,United States,Oregon,West,Office Supplies,Art,106.81,6,0.0,17.75
3006,US-2022-01223,10/04/2022,10/08/2022,Second Class,CU-0247,Ravi Wilson,Home Office,United States,Oregon,West,Office Supplies,Labels,22.33,4,0.5,2.97
3007,US-2022-01223,10/04/2022,10/07/2022,Second Class,CU-0247,Ravi Wilson,Home Office,United States,Oregon,West,Furniture,Tables,1304.12,3,0.0,-61.85
3008,US-2025-01224,10/28/2025,11/03/2025,Standard Class,CU-0478,John Patel,Corporate,United States,Texas,Central,Technology,Phones,2094.69,7,0.0,276.45
3009,US-2025-01224,10/28/2025,11/03/2025,Standard Class,CU-0478,John Patel,Corporate,United States,Texas,Central,Technology,Copiers,964.7,1,0.1,292.86
3010,US-2024-01225,09/30/2024,10/06/2024,Standard Class,CU-0336,Zoe Wilson,Corporate,United States,Pennsylvania,East,Furniture,Furnishings,193.04,4,0.1,12.57
3011,US-2025-01226,01/12/2025,01/17/2025,Standard Class,CU-0567,Liam Clark,Consumer,United States,Michigan,Central,Technology,Accessories,174.49,4,0.0,26.77
3012,US-2025-01226,01/12/2025,01/18/2025,Standard Class,CU-0567,Liam Clark,Consumer,United States,Michigan,Central,Office Supplies,Binders,34.99,2,0.2,4.9
3013,US-2025-01226,01/12/2025,01/17/2025,Standard Class,CU-0567,Liam Clark,Consumer,United States,Michigan,Central,Office Supplies,Storage,392.23,4,0.0,39.22
3014,US-2025-01227,04/08/2025,04/13/2025,Standard Class,CU-0681,Sara Wilson,Home Office,United States,New York,East,Technology,Copiers,4373.44,7,0.2,1152.46
3015,US-2024-01228,05/30/2024,06/01/2024,First Class,CU-0540,Noah Patel,Home Office,United States,Virginia,South,Furniture,Tables,288.0,1,0.3,-59.13
3016,US-2024-01228,05/30/2024,06/01/2024,First Class,CU-0540,Noah Patel,Home Office,United States,Virginia,South,Furniture,Bookcases,1601.9,7,0.4,-362.63
3017,US-2024-01229,06/24/2024,06/30/2024,Standard Class,CU-0540,Noah Patel,Home Office,United States,Michigan,Central,Furniture,Furnishings,253.96,5,0.0,58.74
3018,US-2024-01229,06/24/2024,06/30/2024,Standard Class,CU-0540,Noah Patel,Home Office,United States,Michigan,Central,Office Supplies,Art,72.46,6,0.1,22.08
3019,US-2024-01229,06/24/2024,06/30/2024,Standard Class,CU-0540,Noah Patel,Home Office,United States,Michigan,Central,Furniture,Chairs,455.67,2,0.0,14.78
3020,US-2023-01230,06/26/2023,06/28/2023,First Class,CU-0463,Noah Lee,Home Office,United States,Illinois,Central,Office Supplies,Labels,10.79,1,0.0,4.95
3021,US-2023-01230,06/26/2023,06/28/2023,First Class,CU-0463,Noah Lee,Home Office,United States,Illinois,Central,Office Supplies,Art,86.7,7,0.3,10.97
3022,US-2023-01230,06/26/2023,06/28/2023,First Class,CU-0463,Noah Lee,Home Office,United States,Illinois,Central,Technology,Machines,2083.8,5,0.1,-112.81
3023,US-2023-01231,05/13/2023,05/18/2023,Standard Class,CU-0213,John Brown,Home Office,United States,Michigan,Central,Furniture,Chairs,1632.39,6,0.0,73.22
3024,US-2023-01231,05/13/2023,05/18/2023,Standard Class,CU-0213,John Brown,Home Office,United States,Michigan,Central,Technology,Copiers,5461.89,6,0.0,2172.59
3025,US-2024-01232,10/03/2024,10/08/2024,Standard Class,CU-0336,Zoe Wilson,Corporate,United States,Oregon,West,Furniture,Tables,2714.22,7,0.0,-351.06
3026,US-2024-01232,10/03/2024,10/08/2024,Standard Class,CU-0336,Zoe Wilson,Corporate,United States,Oregon,West,Technology,Phones,1556.19,4,0.0,290.06
3027,US-2024-01232,10/03/2024,10/09/2024,Standard Class,CU-0336,Zoe Wilson,Corporate,United States,Oregon,West,Furniture,Bookcases,1063.03,6,0.5,-265.85
3028,US-2023-01233,12/23/2023,12/24/2023,Same Day,CU-0497,Maya Khan,Consumer,United States,Florida,South,Technology,Phones,1082.41,5,0.1,171.06
3029,US-2023-01233,12/23/2023,12/23/2023,Same Day,CU-0497,Maya Khan,Consumer,United States,Florida,South,Furniture,Furnishings,176.7,3,0.1,25.01
3030,US-2023-01233,12/23/2023,12/23/2023,Same Day,CU-0497,Maya Khan,Consumer,United States,Florida,South,Furniture,Chairs,915.25,3,0.0,0.15
3031,US-2023-01233,12/23/2023,12/24/2023,Same Day,CU-0497,Maya Khan,Consumer,United States,Florida,South,Office Supplies,Paper,30.59,3,0.5,5.22
3032,US-2025-01234,05/07/2025,05/12/2025,Standard Class,CU-0039,Noah Khan,Consumer,United States,Ohio,East,Office Supplies,Storage,187.78,4,0.5,-29.86
3033,US-2022-01235,04/20/2022,04/24/2022,Second Class,CU-0036,Priya Davis,Corporate,United States,Washington,West,Office Supplies,Art,11.6,1,0.1,2.52
3034,US-2023-01236,09/28/2023,10/03/2023,Standard Class,CU-0584,Ravi Clark,Home Office,United States,California,West,Office Supplies,Binders,117.34,5,0.1,14.22
3035,US-2023-01237,06/03/2023,06/07/2023,Second Class,CU-0475,Olivia Miller,Consumer,United States,Florida,South,Furniture,Furnishings,162.88,3,0.0,22.36
3036,US-2023-01237,06/03/2023,06/07/2023,Second Class,CU-0475,Olivia Miller,Consumer,United States,Florida,South,Technology,Phones,1096.33,3,0.0,177.06
3037,US-2023-01237,06/03/2023,06/07/2023,Second Class,CU-0475,Olivia Miller,Consumer,United States,Florida,South,Furniture,Bookcases,1206.72,5,0.2,-36.62
3038,US-2023-01237,06/03/2023,06/06/2023,Second Class,CU-0475,Olivia Miller,Consumer,United States,Florida,South,Office Supplies,Storage,249.62,5,0.4,-5.36
3039,US-2025-01238,05/05/2025,05/08/2025,Second Class,CU-0452,Ethan Brown,Corporate,United States,Oregon,West,Office Supplies,Labels,6.71,1,0.4,1.49
3040,US-2025-01238,05/05/2025,05/08/2025,Second Class,CU-0452,Ethan Brown,Corporate,United States,Oregon,West,Technology,Accessories,153.28,5,0.5,0.01
3041,US-2025-01238,05/05/2025,05/09/2025,Second Class,CU-0452,Ethan Brown,Corporate,United States,Oregon,West,Technology,Accessories,301.88,5,0.0,72.97
3042,US-2025-01239,12/12/2025,12/16/2025,Second Class,CU-0683,Emma Khan,Home Office,United States,Virginia,South,Technology,Phones,755.58,3,0.2,56.71
3043,US-2025-01239,12/12/2025,12/15/2025,Second Class,CU-0683,Emma Khan,Home Office,United States,Virginia,South,Furniture,Furnishings,48.26,1,0.3,0.22
3044,US-2025-01239,12/12/2025,12/15/2025,Second Class,CU-0683,Emma Khan,Home Office,United States,Virginia,South,Furniture,Tables,1957.02,5,0.2,-428.15
3045,US-2024-01240,11/18/2024,11/20/2024,First Class,CU-0679,Zoe Wilson,Corporate,United States,Ohio,East,Furniture,Chairs,2010.31,7,0.0,206.79
3046,US-2024-01240,11/18/2024,11/20/2024,First Class,CU-0679,Zoe Wilson,Corporate,United States,Ohio,East,Furniture,Bookcases,1623.18,5,0.0,-152.15
3047,US-2023-01241,05/26/2023,05/27/2023,Same Day,CU-0616,Olivia Garcia,Corporate,United States,Ohio,East,Technology,Machines,2704.0,5,0.0,3.51
3048,US-2023-01241,05/26/2023,05/27/2023,Same Day,CU-0616,Olivia Garcia,Corporate,United States,Ohio,East,Technology,Accessories,121.72,4,0.5,3.5
3049,US-2023-01241,05/26/2023,05/26/2023,Same Day,CU-0616,Olivia Garcia,Corporate,United States,Ohio,East,Furniture,Furnishings,175.57,5,0.5,-3.06
3050,US-2023-01241,05/26/2023,05/26/2023,Same Day,CU-0616,Olivia Garcia,Corporate,United States,Ohio,East,Furniture,Bookcases,598.93,3,0.3,-93.12
3051,US-2025-01242,02/22/2025,02/27/2025,Standard Class,CU-0122,Ethan Patel,Corporate,United States,California,West,Office Supplies,Labels,14.15,1,0.0,6.82
3052,US-2025-01242,02/22/2025,02/28/2025,Standard Class,CU-0122,Ethan Patel,Corporate,United States,California,West,Office Supplies,Storage,406.54,4,0.1,26.77
3053,US-2025-01242,02/22/2025,02/28/2025,Standard Class,CU-0122,Ethan Patel,Corporate,United States,California,West,Technology,Machines,2411.09,5,0.0,147.28
3054,US-2025-01242,02/22/2025,02/28/2025,Standard Class,CU-0122,Ethan Patel,Corporate,United States,California,West,Office Supplies,Binders,107.18,5,0.1,14.15
3055,US-2023-01243,11/05/2023,11/11/2023,Standard Class,CU-0248,Priya Miller,Consumer,United States,Michigan,Central,Technology,Phones,1171.13,6,0.4,-157.83
3056,US-2023-01243,11/05/2023,11/11/2023,Standard Class,CU-0248,Priya Miller,Consumer,United States,Michigan,Central,Furniture,Chairs,1139.54,4,0.0,135.35
3057,US-2023-01243,11/05/2023,11/11/2023,Standard Class,CU-0248,Priya Miller,Consumer,United States,Michigan,Central,Office Supplies,Labels,73.21,5,0.0,31.17
3058,US-2023-01243,11/05/2023,11/11/2023,Standard Class,CU-0248,Priya Miller,Consumer,United States,Michigan,Central,Furniture,Bookcases,1287.79,5,0.0,-5.61
3059,US-2024-01244,11/10/2024,11/16/2024,Standard Class,CU-0011,Emma Brown,Consumer,United States,Washington,West,Furniture,Bookcases,1492.88,5,0.0,31.85
3060,US-2024-01244,11/10/2024,11/15/2024,Standard Class,CU-0011,Emma Brown,Consumer,United States,Washington,West,Furniture,Tables,1618.69,4,0.2,-319.52
3061,US-2025-01245,06/16/2025,06/21/2025,Standard Class,CU-0397,Noah Smith,Corporate,United States,Georgia,South,Furniture,Bookcases,1608.24,7,0.4,-354.41
3062,US-2025-01245,06/16/2025,06/22/2025,Standard Class,CU-0397,Noah Smith,Corporate,United States,Georgia,South,Technology,Phones,1235.41,5,0.0,312.32
3063,US-2022-01246,11/28/2022,12/03/2022,Standard Class,CU-0360,Maya Garcia,Home Office,United States,Washington,West,Office Supplies,Storage,77.1,1,0.2,-2.98
3064,US-2023-01247,11/02/2023,11/07/2023,Standard Class,CU-0670,Maya Davis,Corporate,United States,Florida,South,Technology,Machines,1545.25,3,0.1,-7.81
3065,US-2023-01247,11/02/2023,11/08/2023,Standard Class,CU-0670,Maya Davis,Corporate,United States,Florida,South,Furniture,Chairs,275.89,1,0.1,15.37
3066,US-2024-01248,01/23/2024,01/29/2024,Standard Class,CU-0112,Priya Garcia,Home Office,United States,Florida,South,Office Supplies,Binders,74.47,3,0.2,9.61
3067,US-2023-01249,10/04/2023,10/05/2023,Same Day,CU-0604,Zoe Brown,Corporate,United States,Virginia,South,Furniture,Chairs,441.29,2,0.0,69.31
3068,US-2023-01249,10/04/2023,10/04/2023,Same Day,CU-0604,Zoe Brown,Corporate,United States,Virginia,South,Technology,Phones,217.9,1,0.4,-15.69
3069,US-2023-01249,10/04/2023,10/04/2023,Same Day,CU-0604,Zoe Brown,Corporate,United States,Virginia,South,Office Supplies,Paper,21.06,2,0.5,4.3
3070,US-2024-01250,08/08/2024,08/13/2024,Standard Class,CU-0217,Zoe Wilson,Corporate,United States,Texas,Central,Office Supplies,Binders,86.52,3,0.1,16.42
3071,US-2024-01250,08/08/2024,08/14/2024,Standard Class,CU-0217,Zoe Wilson,Corporate,United States,Texas,Central,Furniture,Chairs,113.54,1,0.5,-12.07
3072,US-2024-01251,07/29/2024,08/02/2024,Second Class,CU-0093,Emma Davis,Consumer,United States,Texas,Central,Office Supplies,Binders,104.73,7,0.5,-13.38
3073,US-2024-01251,07/29/2024,08/01/2024,Second Class,CU-0093,Emma Davis,Consumer,United States,Texas,Central,Technology,Accessories,265.14,5,0.0,45.58
3074,US-2024-01252,07/06/2024,07/09/2024,Second Class,CU-0454,Liam Smith,Consumer,United States,Pennsylvania,East,Furniture,Bookcases,1952.67,6,0.1,-30.28
3075,US-2025-01253,07/31/2025,08/01/2025,Same Day,CU-0500,Priya Garcia,Home Office,United States,Texas,Central,Furniture,Tables,394.09,2,0.4,-106.29
3076,US-2024-01254,09/07/2024,09/10/2024,Second Class,CU-0594,Ravi Smith,Corporate,United States,Michigan,Central,Furniture,Chairs,308.28,1,0.0,34.29
3077,US-2024-01254,09/07/2024,09/10/2024,Second Class,CU-0594,Ravi Smith,Corporate,United States,Michigan,Central,Technology,Machines,1336.69,3,0.2,-158.55
3078,US-2024-01254,09/07/2024,09/10/2024,Second Class,CU-0594,Ravi Smith,Corporate,United States,Michigan,Central,Technology,Phones,916.08,5,0.4,-75.65
3079,US-2024-01254,09/07/2024,09/11/2024,Second Class,CU-0594,Ravi Smith,Corporate,United States,Michigan,Central,Technology,Machines,671.44,2,0.4,-143.6
3080,US-2025-01255,05/29/2025,06/03/2025,Standard Class,CU-0058,Maya Davis,Home Office,United States,Ohio,East,Technology,Machines,2542.33,5,0.1,17.13
3081,US-2025-01255,05/29/2025,06/03/2025,Standard Class,CU-0058,Maya Davis,Home Office,United States,Ohio,East,Furniture,Tables,934.75,3,0.1,-89.83
3082,US-2025-01255,05/29/2025,06/03/2025,Standard Class,CU-0058,Maya Davis,Home Office,United States,Ohio,East,Technology,Accessories,259.1,5,0.1,58.92
3083,US-2025-01256,05/29/2025,06/01/2025,First Class,CU-0217,Zoe Wilson,Corporate,United States,Ohio,East,Furniture,Furnishings,102.66,2,0.2,9.81
3084,US-2025-01256,05/29/2025,06/01/2025,First Class,CU-0217,Zoe Wilson,Corporate,United States,Ohio,East,Technology,Machines,890.6,2,0.2,-106.01
3085,US-2025-01256,05/29/2025,06/01/2025,First Class,CU-0217,Zoe Wilson,Corporate,United States,Ohio,East,Office Supplies,Binders,20.36,1,0.2,2.3
3086,US-2024-01257,09/19/2024,09/25/2024,Standard Class,CU-0028,Emma Patel,Home Office,United States,Ohio,East,Furniture,Furnishings,221.96,5,0.4,-11.1
3087,US-2024-01257,09/19/2024,09/25/2024,Standard Class,CU-0028,Emma Patel,Home Office,United States,Ohio,East,Technology,Phones,610.81,4,0.4,-40.74
3088,US-2024-01258,05/28/2024,06/03/2024,Standard Class,CU-0267,Sara Garcia,Consumer,United States,Michigan,Central,Technology,Copiers,2209.47,5,0.4,314.54
3089,US-2024-01259,04/15/2024,04/20/2024,Standard Class,CU-0450,Ravi Davis,Corporate,United States,Washington,West,Furniture,Furnishings,31.57,1,0.4,-1.83
3090,US-2024-01259,04/15/2024,04/20/2024,Standard Class,CU-0450,Ravi Davis,Corporate,United States,Washington,West,Office Supplies,Binders,188.79,7,0.0,41.22
3091,US-2025-01260,10/15/2025,10/20/2025,Standard Class,CU-0106,Olivia Davis,Home Office,United States,Florida,South,Office Supplies,Art,53.35,5,0.2,7.2
3092,US-2025-01260,10/15/2025,10/20/2025,Standard Class,CU-0106,Olivia Davis,Home Office,United States,Florida,South,Office Supplies,Storage,727.14,7,0.0,120.93
3093,US-2025-01260,10/15/2025,10/21/2025,Standard Class,CU-0106,Olivia Davis,Home Office,United States,Florida,South,Technology,Machines,1029.03,2,0.0,111.64
3094,US-2025-01260,10/15/2025,10/21/2025,Standard Class,CU-0106,Olivia Davis,Home Office,United States,Florida,South,Technology,Accessories,128.33,2,0.0,42.22
3095,US-2023-01261,10/04/2023,10/10/2023,Standard Class,CU-0269,Ravi Davis,Corporate,United States,Oregon,West,Furniture,Bookcases,516.67,2,0.3,-75.15
3096,US-2023-01261,10/04/2023,10/10/2023,Standard Class,CU-0269,Ravi Davis,Corporate,United States,Oregon,West,Furniture,Chairs,777.97,5,0.4,-132.14
3097,US-2025-01262,12/23/2025,12/26/2025,First Class,CU-0140,Maya Brown,Corporate,United States,Georgia,South,Furniture,Bookcases,1359.81,4,0.0,9.67
3098,US-2025-01262,12/23/2025,12/25/2025,First Class,CU-0140,Maya Brown,Corporate,United States,Georgia,South,Office Supplies,Paper,68.38,6,0.4,9.41
3099,US-2024-01263,08/26/2024,08/28/2024,First Class,CU-0348,Ethan Garcia,Corporate,United States,New York,East,Furniture,Bookcases,2642.26,7,0.0,160.18
3100,US-2024-01263,08/26/2024,08/28/2024,First Class,CU-0348,Ethan Garcia,Corporate,United States,New York,East,Technology,Machines,506.18,1,0.2,-60.37
3101,US-2024-01263,08/26/2024,08/28/2024,First Class,CU-0348,Ethan Garcia,Corporate,United States,New York,East,Office Supplies,Labels,27.04,2,0.0,9.48
3102,US-2025-01264,10/14/2025,10/20/2025,Standard Class,CU-0294,Olivia Smith,Home Office,United States,Ohio,East,Furniture,Furnishings,36.86,1,0.3,1.14
3103,US-2025-01264,10/14/2025,10/20/2025,Standard Class,CU-0294,Olivia Smith,Home Office,United States,Ohio,East,Technology,Phones,1154.56,3,0.0,207.86
3104,US-2025-01264,10/14/2025,10/20/2025,Standard Class,CU-0294,Olivia Smith,Home Office,United States,Ohio,East,Technology,Accessories,214.71,6,0.2,8.38
3105,US-2025-01264,10/14/2025,10/19/2025,Standard Class,CU-0294,Olivia Smith,Home Office,United States,Ohio,East,Furniture,Bookcases,503.85,3,0.4,-122.72
3106,US-2024-01265,11/24/2024,11/27/2024,Second Class,CU-0105,Maya Brown,Consumer,United States,Virginia,South,Furniture,Tables,793.96,3,0.2,-164.28
3107,US-2024-01265,11/24/2024,11/27/2024,Second Class,CU-0105,Maya Brown,Consumer,United States,Virginia,South,Technology,Phones,1946.62,6,0.0,291.37
3108,US-2024-01265,11/24/2024,11/28/2024,Second Class,CU-0105,Maya Brown,Consumer,United States,Virginia,South,Office Supplies,Storage,380.68,5,0.2,18.33
3109,US-2024-01265,11/24/2024,11/27/2024,Second Class,CU-0105,Maya Brown,Consumer,United States,Virginia,South,Technology,Phones,261.41,1,0.2,26.35
3110,US-2023-01266,10/10/2023,10/13/2023,First Class,CU-0164,Olivia Clark,Home Office,United States,New York,East,Technology,Copiers,521.95,1,0.3,93.92
3111,US-2023-01266,10/10/2023,10/13/2023,First Class,CU-0164,Olivia Clark,Home Office,United States,New York,East,Furniture,Tables,819.5,3,0.2,-186.04
3112,US-2025-01267,06/17/2025,06/19/2025,First Class,CU-0544,Maya Khan,Home Office,United States,Virginia,South,Furniture,Bookcases,370.09,1,0.0,20.14
3113,US-2025-01267,06/17/2025,06/19/2025,First Class,CU-0544,Maya Khan,Home Office,United States,Virginia,South,Office Supplies,Binders,23.64,1,0.0,4.7
3114,US-2025-01267,06/17/2025,06/20/2025,First Class,CU-0544,Maya Khan,Home Office,United States,Virginia,South,Technology,Phones,1124.9,4,0.0,83.28
3115,US-2025-01267,06/17/2025,06/19/2025,First Class,CU-0544,Maya Khan,Home Office,United States,Virginia,South,Furniture,Chairs,383.43,2,0.2,-9.5
3116,US-2023-01268,10/07/2023,10/12/2023,Standard Class,CU-0700,Ethan Davis,Consumer,United States,Florida,South,Office Supplies,Labels,59.24,6,0.2,18.73
3117,US-2023-01268,10/07/2023,10/12/2023,Standard Class,CU-0700,Ethan Davis,Consumer,United States,Florida,South,Furniture,Tables,1011.54,5,0.5,-302.24
3118,US-2023-01268,10/07/2023,10/13/2023,Standard Class,CU-0700,Ethan Davis,Consumer,United States,Florida,South,Office Supplies,Art,11.38,1,0.3,0.82
3119,US-2023-01268,10/07/2023,10/12/2023,Standard Class,CU-0700,Ethan Davis,Consumer,United States,Florida,South,Office Supplies,Paper,125.31,7,0.0,47.24
3120,US-2023-01269,12/17/2023,12/23/2023,Standard Class,CU-0355,Maya Davis,Home Office,United States,Ohio,East,Office Supplies,Labels,24.12,2,0.0,10.87
3121,US-2023-01269,12/17/2023,12/22/2023,Standard Class,CU-0355,Maya Davis,Home Office,United States,Ohio,East,Office Supplies,Art,108.99,6,0.0,27.44
3122,US-2022-01270,03/11/2022,03/14/2022,First Class,CU-0036,Priya Davis,Corporate,United States,Oregon,West,Furniture,Tables,2236.02,6,0.2,-328.4
3123,US-2022-01270,03/11/2022,03/13/2022,First Class,CU-0036,Priya Davis,Corporate,United States,Oregon,West,Furniture,Chairs,532.18,3,0.4,-25.71
3124,US-2025-01271,06/14/2025,06/20/2025,Standard Class,CU-0143,Ethan Wilson,Consumer,United States,Ohio,East,Office Supplies,Storage,165.82,2,0.0,12.66
3125,US-2025-01271,06/14/2025,06/19/2025,Standard Class,CU-0143,Ethan Wilson,Consumer,United States,Ohio,East,Technology,Phones,2010.14,7,0.0,305.69
3126,US-2025-01271,06/14/2025,06/20/2025,Standard Class,CU-0143,Ethan Wilson,Consumer,United States,Ohio,East,Furniture,Tables,1806.07,6,0.2,-337.94
3127,US-2024-01272,09/13/2024,09/19/2024,Standard Class,CU-0599,Emma Brown,Home Office,United States,Illinois,Central,Office Supplies,Binders,76.53,6,0.5,3.42
3128,US-2023-01273,10/28/2023,10/31/2023,First Class,CU-0332,Emma Khan,Corporate,United States,Washington,West,Office Supplies,Paper,116.57,5,0.0,47.0
3129,US-2023-01273,10/28/2023,10/31/2023,First Class,CU-0332,Emma Khan,Corporate,United States,Washington,West,Furniture,Tables,1528.2,7,0.4,-485.37
3130,US-2024-01274,10/06/2024,10/10/2024,Second Class,CU-0429,Liam Smith,Home Office,United States,Pennsylvania,East,Furniture,Tables,895.13,2,0.1,-161.37
3131,US-2025-01275,11/04/2025,11/10/2025,Standard Class,CU-0290,Ethan Garcia,Consumer,United States,Florida,South,Office Supplies,Labels,12.27,1,0.0,4.58
3132,US-2025-01275,11/04/2025,11/09/2025,Standard Class,CU-0290,Ethan Garcia,Consumer,United States,Florida,South,Furniture,Bookcases,756.88,4,0.4,-142.89
3133,US-2025-01275,11/04/2025,11/10/2025,Standard Class,CU-0290,Ethan Garcia,Consumer,United States,Florida,South,Technology,Machines,334.51,1,0.2,-45.96
3134,US-2025-01275,11/04/2025,11/09/2025,Standard Class,CU-0290,Ethan Garcia,Consumer,United States,Florida,South,Technology,Copiers,4026.16,4,0.0,1481.55
3135,US-2024-01276,06/13/2024,06/18/2024,Standard Class,CU-0664,Zoe Khan,Corporate,United States,Texas,Central,Office Supplies,Labels,46.9,4,0.0,13.68
3136,US-2024-01276,06/13/2024,06/19/2024,Standard Class,CU-0664,Zoe Khan,Corporate,United States,Texas,Central,Furniture,Tables,260.17,1,0.3,-58.85
3137,US-2024-01276,06/13/2024,06/18/2024,Standard Class,CU-0664,Zoe Khan,Corporate,United States,Texas,Central,Furniture,Furnishings,359.63,7,0.1,25.44
3138,US-2024-01276,06/13/2024,06/19/2024,Standard Class,CU-0664,Zoe Khan,Corporate,United States,Texas,Central,Furniture,Tables,551.18,3,0.5,-191.82
3139,US-2023-01277,05/31/2023,06/04/2023,Second Class,CU-0223,Noah Wilson,Home Office,United States,Florida,South,Office Supplies,Binders,43.08,2,0.1,7.27
3140,US-2023-01277,05/31/2023,06/03/2023,Second Class,CU-0223,Noah Wilson,Home Office,United States,Florida,South,Furniture,Bookcases,1007.86,6,0.5,-216.23
3141,US-2023-01277,05/31/2023,06/03/2023,Second Class,CU-0223,Noah Wilson,Home Office,United States,Florida,South,Furniture,Furnishings,151.26,3,0.3,-12.12
3142,US-2024-01278,03/17/2024,03/20/2024,Second Class,CU-0160,Aarav Miller,Consumer,United States,Washington,West,Office Supplies,Binders,52.98,2,0.1,10.02
3143,US-2024-01278,03/17/2024,03/20/2024,Second Class,CU-0160,Aarav Miller,Consumer,United States,Washington,West,Furniture,Chairs,1970.94,7,0.1,108.25
3144,US-2022-01279,06/26/2022,07/02/2022,Standard Class,CU-0182,John Wilson,Consumer,United States,New York,East,Office Supplies,Art,77.88,6,0.2,16.45
3145,US-2022-01279,06/26/2022,07/01/2022,Standard Class,CU-0182,John Wilson,Consumer,United States,New York,East,Office Supplies,Paper,96.64,7,0.3,25.2
3146,US-2022-01279,06/26/2022,07/01/2022,Standard Class,CU-0182,John Wilson,Consumer,United States,New York,East,Furniture,Chairs,664.57,3,0.0,57.91
3147,US-2024-01280,07/05/2024,07/10/2024,Standard Class,CU-0102,Ethan Khan,Consumer,United States,Washington,West,Office Supplies,Paper,118.8,7,0.0,52.78
3148,US-2024-01281,10/19/2024,10/25/2024,Standard Class,CU-0048,John Brown,Corporate,United States,Ohio,East,Office Supplies,Paper,59.94,6,0.5,10.51
3149,US-2024-01281,10/19/2024,10/25/2024,Standard Class,CU-0048,John Brown,Corporate,United States,Ohio,East,Office Supplies,Binders,28.2,1,0.0,5.72
3150,US-2022-01282,05/21/2022,05/25/2022,Second Class,CU-0595,Aarav Clark,Home Office,United States,California,West,Furniture,Tables,1837.62,5,0.0,-339.23
3151,US-2022-01283,12/26/2022,12/31/2022,Standard Class,CU-0433,Sara Miller,Corporate,United States,Virginia,South,Technology,Copiers,1639.46,2,0.2,475.44
3152,US-2022-01283,12/26/2022,12/31/2022,Standard Class,CU-0433,Sara Miller,Corporate,United States,Virginia,South,Technology,Accessories,314.5,7,0.3,35.88
3153,US-2022-01283,12/26/2022,12/31/2022,Standard Class,CU-0433,Sara Miller,Corporate,United States,Virginia,South,Technology,Machines,943.08,2,0.0,43.82
3154,US-2022-01283,12/26/2022,12/31/2022,Standard Class,CU-0433,Sara Miller,Corporate,United States,Virginia,South,Technology,Machines,2524.34,4,0.0,152.56
3155,US-2025-01284,04/24/2025,04/24/2025,Same Day,CU-0680,Aarav Clark,Corporate,United States,New York,East,Furniture,Chairs,888.69,6,0.4,-99.89
3156,US-2025-01284,04/24/2025,04/25/2025,Same Day,CU-0680,Aarav Clark,Corporate,United States,New York,East,Technology,Machines,2141.52,5,0.1,-65.08
3157,US-2025-01284,04/24/2025,04/24/2025,Same Day,CU-0680,Aarav Clark,Corporate,United States,New York,East,Technology,Machines,1245.7,3,0.2,-24.1
3158,US-2023-01285,01/28/2023,02/02/2023,Standard Class,CU-0537,John Patel,Home Office,United States,Florida,South,Furniture,Furnishings,176.05,5,0.4,-13.17
3159,US-2023-01285,01/28/2023,02/03/2023,Standard Class,CU-0537,John Patel,Home Office,United States,Florida,South,Technology,Copiers,6036.74,6,0.0,2069.38
3160,US-2023-01285,01/28/2023,02/03/2023,Standard Class,CU-0537,John Patel,Home Office,United States,Florida,South,Office Supplies,Labels,32.1,3,0.0,14.98
3161,US-2023-01285,01/28/2023,02/02/2023,Standard Class,CU-0537,John Patel,Home Office,United States,Florida,South,Technology,Copiers,5905.25,7,0.0,2047.36
3162,US-2024-01286,08/19/2024,08/22/2024,First Class,CU-0613,Zoe Lee,Consumer,United States,Michigan,Central,Office Supplies,Labels,76.19,7,0.0,36.16
3163,US-2024-01286,08/19/2024,08/21/2024,First Class,CU-0613,Zoe Lee,Consumer,United States,Michigan,Central,Furniture,Tables,523.59,2,0.4,-188.43
3164,US-2024-01286,08/19/2024,08/22/2024,First Class,CU-0613,Zoe Lee,Consumer,United States,Michigan,Central,Furniture,Tables,3062.96,6,0.0,-259.27
3165,US-2024-01286,08/19/2024,08/21/2024,First Class,CU-0613,Zoe Lee,Consumer,United States,Michigan,Central,Office Supplies,Art,77.25,6,0.0,20.62
3166,US-2023-01287,12/13/2023,12/19/2023,Standard Class,CU-0133,Aarav Patel,Consumer,United States,Pennsylvania,East,Technology,Copiers,1700.17,2,0.0,643.71
3167,US-2025-01288,01/04/2025,01/08/2025,Second Class,CU-0675,Olivia Khan,Consumer,United States,Georgia,South,Office Supplies,Labels,76.37,7,0.2,24.6
3168,US-2025-01288,01/04/2025,01/08/2025,Second Class,CU-0675,Olivia Khan,Consumer,United States,Georgia,South,Furniture,Furnishings,125.69,3,0.3,-8.77
3169,US-2025-01289,01/21/2025,01/24/2025,Second Class,CU-0380,Liam Davis,Corporate,United States,Ohio,East,Furniture,Furnishings,406.62,7,0.0,43.32
3170,US-2025-01289,01/21/2025,01/24/2025,Second Class,CU-0380,Liam Davis,Corporate,United States,Ohio,East,Technology,Phones,1814.15,5,0.0,197.03
3171,US-2025-01289,01/21/2025,01/25/2025,Second Class,CU-0380,Liam Davis,Corporate,United States,Ohio,East,Furniture,Tables,1149.54,7,0.5,-496.56
3172,US-2025-01289,01/21/2025,01/24/2025,Second Class,CU-0380,Liam Davis,Corporate,United States,Ohio,East,Furniture,Furnishings,233.41,4,0.2,6.31
3173,US-2024-01290,06/25/2024,06/28/2024,Second Class,CU-0282,Aarav Smith,Consumer,United States,Illinois,Central,Technology,Machines,1038.2,2,0.2,-44.81
3174,US-2024-01290,06/25/2024,06/28/2024,Second Class,CU-0282,Aarav Smith,Consumer,United States,Illinois,Central,Furniture,Tables,3098.36,6,0.0,-120.22
3175,US-2024-01290,06/25/2024,06/29/2024,Second Class,CU-0282,Aarav Smith,Consumer,United States,Illinois,Central,Furniture,Tables,595.5,3,0.5,-236.27
3176,US-2022-01291,06/22/2022,06/26/2022,Second Class,CU-0358,John Davis,Corporate,United States,New York,East,Office Supplies,Art,12.43,1,0.0,3.17
3177,US-2025-01292,04/22/2025,04/22/2025,Same Day,CU-0204,Ethan Wilson,Corporate,United States,Texas,Central,Office Supplies,Art,76.58,4,0.0,14.38
3178,US-2025-01292,04/22/2025,04/22/2025,Same Day,CU-0204,Ethan Wilson,Corporate,United States,Texas,Central,Furniture,Bookcases,2408.94,7,0.0,295.68
3179,US-2024-01293,12/13/2024,12/16/2024,Second Class,CU-0670,Maya Davis,Corporate,United States,Florida,South,Technology,Accessories,34.33,1,0.4,-0.29
3180,US-2024-01293,12/13/2024,12/17/2024,Second Class,CU-0670,Maya Davis,Corporate,United States,Florida,South,Technology,Machines,751.59,2,0.4,-167.33
3181,US-2024-01293,12/13/2024,12/17/2024,Second Class,CU-0670,Maya Davis,Corporate,United States,Florida,South,Office Supplies,Binders,60.1,5,0.5,-0.51
3182,US-2025-01294,11/23/2025,11/27/2025,Second Class,CU-0125,Liam Lee,Home Office,United States,Georgia,South,Office Supplies,Storage,412.71,5,0.1,24.21
3183,US-2025-01294,11/23/2025,11/27/2025,Second Class,CU-0125,Liam Lee,Home Office,United States,Georgia,South,Office Supplies,Storage,146.55,2,0.2,3.58
3184,US-2025-01294,11/23/2025,11/27/2025,Second Class,CU-0125,Liam Lee,Home Office,United States,Georgia,South,Technology,Phones,664.24,2,0.1,53.95
3185,US-2025-01295,04/22/2025,04/27/2025,Standard Class,CU-0593,Sara Patel,Consumer,United States,Oregon,West,Technology,Phones,1723.03,7,0.0,434.34
3186,US-2025-01295,04/22/2025,04/27/2025,Standard Class,CU-0593,Sara Patel,Consumer,United States,Oregon,West,Office Supplies,Storage,80.55,1,0.2,1.63
3187,US-2025-01295,04/22/2025,04/27/2025,Standard Class,CU-0593,Sara Patel,Consumer,United States,Oregon,West,Furniture,Tables,1377.63,4,0.3,-342.09
3188,US-2025-01295,04/22/2025,04/27/2025,Standard Class,CU-0593,Sara Patel,Consumer,United States,Oregon,West,Furniture,Chairs,1231.32,6,0.1,87.35
3189,US-2024-01296,11/09/2024,11/11/2024,First Class,CU-0009,Priya Miller,Corporate,United States,Michigan,Central,Furniture,Chairs,242.65,2,0.4,-42.42
3190,US-2024-01296,11/09/2024,11/11/2024,First Class,CU-0009,Priya Miller,Corporate,United States,Michigan,Central,Office Supplies,Binders,40.13,2,0.3,3.81
3191,US-2024-01296,11/09/2024,11/12/2024,First Class,CU-0009,Priya Miller,Corporate,United States,Michigan,Central,Technology,Copiers,3173.06,3,0.0,743.71
3192,US-2024-01296,11/09/2024,11/11/2024,First Class,CU-0009,Priya Miller,Corporate,United States,Michigan,Central,Office Supplies,Paper,29.39,3,0.5,5.74
3193,US-2022-01297,01/05/2022,01/06/2022,Same Day,CU-0616,Olivia Garcia,Corporate,United States,New York,East,Furniture,Furnishings,139.0,3,0.3,0.05
3194,US-2022-01297,01/05/2022,01/05/2022,Same Day,CU-0616,Olivia Garcia,Corporate,United States,New York,East,Technology,Phones,668.51,2,0.0,88.16
3195,US-2022-01297,01/05/2022,01/05/2022,Same Day,CU-0616,Olivia Garcia,Corporate,United States,New York,East,Technology,Copiers,1100.02,1,0.0,369.34
3196,US-2022-01297,01/05/2022,01/05/2022,Same Day,CU-0616,Olivia Garcia,Corporate,United States,New York,East,Office Supplies,Labels,34.01,5,0.5,5.74
3197,US-2022-01298,03/06/2022,03/11/2022,Standard Class,CU-0502,Sara Khan,Consumer,United States,Oregon,West,Office Supplies,Art,43.71,4,0.3,4.71
3198,US-2022-01299,03/04/2022,03/10/2022,Standard Class,CU-0546,Noah Patel,Corporate,United States,Washington,West,Office Supplies,Paper,61.35,7,0.5,2.25
3199,US-2022-01299,03/04/2022,03/10/2022,Standard Class,CU-0546,Noah Patel,Corporate,United States,Washington,West,Office Supplies,Art,12.5,1,0.0,3.18
3200,US-2022-01299,03/04/2022,03/10/2022,Standard Class,CU-0546,Noah Patel,Corporate,United States,Washington,West,Furniture,Bookcases,137.32,1,0.5,-30.16
3201,US-2022-01299,03/04/2022,03/09/2022,Standard Class,CU-0546,Noah Patel,Corporate,United States,Washington,West,Technology,Machines,601.53,2,0.4,-112.03
3202,US-2023-01300,12/24/2023,12/29/2023,Standard Class,CU-0524,Zoe Smith,Corporate,United States,Pennsylvania,East,Furniture,Tables,293.64,1,0.4,-115.4
3203,US-2022-01301,02/15/2022,02/16/2022,Same Day,CU-0248,Priya Miller,Consumer,United States,New York,East,Furniture,Bookcases,2396.87,7,0.0,129.3
3204,US-2022-01301,02/15/2022,02/16/2022,Same Day,CU-0248,Priya Miller,Consumer,United States,New York,East,Office Supplies,Art,120.03,7,0.0,27.99
3205,US-2023-01302,06/22/2023,06/25/2023,Second Class,CU-0409,Emma Clark,Consumer,United States,Ohio,East,Furniture,Tables,1579.06,4,0.0,-198.94
3206,US-2023-01302,06/22/2023,06/26/2023,Second Class,CU-0409,Emma Clark,Consumer,United States,Ohio,East,Furniture,Furnishings,313.39,6,0.1,46.54
3207,US-2025-01303,08/12/2025,08/17/2025,Standard Class,CU-0530,Aarav Wilson,Consumer,United States,Virginia,South,Office Supplies,Storage,68.88,1,0.1,3.87
3208,US-2024-01304,06/30/2024,07/04/2024,Second Class,CU-0583,Zoe Lee,Home Office,United States,California,West,Furniture,Chairs,124.08,1,0.4,-2.26
3209,US-2025-01305,11/17/2025,11/23/2025,Standard Class,CU-0190,John Miller,Corporate,United States,Texas,Central,Technology,Machines,584.12,1,0.0,-6.94
3210,US-2024-01306,08/31/2024,09/06/2024,Standard Class,CU-0034,Maya Wilson,Consumer,United States,Virginia,South,Office Supplies,Paper,102.71,7,0.4,25.25
3211,US-2025-01307,02/17/2025,02/22/2025,Standard Class,CU-0088,John Brown,Home Office,United States,Oregon,West,Technology,Accessories,124.07,3,0.0,31.66
3212,US-2025-01307,02/17/2025,02/23/2025,Standard Class,CU-0088,John Brown,Home Office,United States,Oregon,West,Office Supplies,Storage,319.09,3,0.0,49.76
3213,US-2024-01308,04/02/2024,04/03/2024,Same Day,CU-0333,Noah Lee,Home Office,United States,Pennsylvania,East,Furniture,Bookcases,1452.5,6,0.2,-99.49
3214,US-2024-01308,04/02/2024,04/03/2024,Same Day,CU-0333,Noah Lee,Home Office,United States,Pennsylvania,East,Technology,Copiers,5134.1,6,0.0,1830.29
3215,US-2024-01308,04/02/2024,04/02/2024,Same Day,CU-0333,Noah Lee,Home Office,United States,Pennsylvania,East,Technology,Copiers,3350.1,6,0.5,368.29
3216,US-2025-01309,04/26/2025,04/29/2025,Second Class,CU-0648,Sara Wilson,Consumer,United States,Oregon,West,Furniture,Tables,1629.52,6,0.3,-414.36
3217,US-2025-01309,04/26/2025,04/29/2025,Second Class,CU-0648,Sara Wilson,Consumer,United States,Oregon,West,Office Supplies,Storage,332.03,4,0.2,15.01
3218,US-2023-01310,06/09/2023,06/15/2023,Standard Class,CU-0377,Noah Miller,Corporate,United States,Virginia,South,Furniture,Chairs,1724.62,7,0.2,-56.88
3219,US-2022-01311,08/03/2022,08/08/2022,Standard Class,CU-0679,Zoe Wilson,Corporate,United States,Washington,West,Office Supplies,Labels,57.71,7,0.4,9.01
3220,US-2022-01311,08/03/2022,08/08/2022,Standard Class,CU-0679,Zoe Wilson,Corporate,United States,Washington,West,Furniture,Furnishings,180.16,6,0.5,-33.36
3221,US-2022-01311,08/03/2022,08/09/2022,Standard Class,CU-0679,Zoe Wilson,Corporate,United States,Washington,West,Technology,Copiers,4131.74,7,0.2,959.0
3222,US-2022-01312,09/07/2022,09/09/2022,First Class,CU-0609,Priya Clark,Consumer,United States,Virginia,South,Technology,Accessories,284.48,6,0.0,94.78
3223,US-2022-01312,09/07/2022,09/10/2022,First Class,CU-0609,Priya Clark,Consumer,United States,Virginia,South,Technology,Machines,449.2,1,0.2,-71.58
3224,US-2024-01313,06/16/2024,06/19/2024,First Class,CU-0696,Olivia Davis,Corporate,United States,Pennsylvania,East,Furniture,Bookcases,2167.61,6,0.0,0.5
3225,US-2024-01313,06/16/2024,06/18/2024,First Class,CU-0696,Olivia Davis,Corporate,United States,Pennsylvania,East,Office Supplies,Binders,123.98,6,0.0,28.74
3226,US-2024-01313,06/16/2024,06/18/2024,First Class,CU-0696,Olivia Davis,Corporate,United States,Pennsylvania,East,Technology,Phones,1639.48,6,0.1,267.92
3227,US-2024-01313,06/16/2024,06/18/2024,First Class,CU-0696,Olivia Davis,Corporate,United States,Pennsylvania,East,Furniture,Tables,578.7,2,0.1,-77.68
3228,US-2023-01314,11/13/2023,11/16/2023,First Class,CU-0312,Olivia Garcia,Home Office,United States,New York,East,Technology,Phones,280.34,1,0.0,48.29
3229,US-2022-01315,08/02/2022,08/06/2022,Second Class,CU-0662,Priya Miller,Home Office,United States,Florida,South,Furniture,Bookcases,846.24,3,0.2,-75.22
3230,US-2023-01316,01/03/2023,01/09/2023,Standard Class,CU-0142,Noah Garcia,Consumer,United States,Ohio,East,Furniture,Chairs,427.86,2,0.0,21.22
3231,US-2022-01317,04/12/2022,04/18/2022,Standard Class,CU-0376,Ethan Wilson,Corporate,United States,Michigan,Central,Office Supplies,Art,32.85,3,0.4,1.72
3232,US-2022-01317,04/12/2022,04/17/2022,Standard Class,CU-0376,Ethan Wilson,Corporate,United States,Michigan,Central,Office Supplies,Paper,50.87,3,0.3,11.88
3233,US-2022-01318,04/28/2022,05/04/2022,Standard Class,CU-0497,Maya Khan,Consumer,United States,California,West,Technology,Machines,649.98,1,0.0,-0.84
3234,US-2022-01318,04/28/2022,05/04/2022,Standard Class,CU-0497,Maya Khan,Consumer,United States,California,West,Technology,Copiers,4138.59,4,0.1,1323.34
3235,US-2022-01319,05/29/2022,05/31/2022,First Class,CU-0147,Aarav Lee,Home Office,United States,Florida,South,Furniture,Furnishings,39.19,1,0.3,-0.5
3236,US-2022-01319,05/29/2022,05/31/2022,First Class,CU-0147,Aarav Lee,Home Office,United States,Florida,South,Office Supplies,Labels,42.39,7,0.5,9.46
3237,US-2022-01319,05/29/2022,06/01/2022,First Class,CU-0147,Aarav Lee,Home Office,United States,Florida,South,Office Supplies,Paper,29.94,2,0.2,8.38
3238,US-2025-01320,02/05/2025,02/08/2025,First Class,CU-0314,Noah Miller,Corporate,United States,Virginia,South,Furniture,Bookcases,1619.22,5,0.1,-78.87
3239,US-2023-01321,10/18/2023,10/23/2023,Standard Class,CU-0158,Priya Garcia,Corporate,United States,Illinois,Central,Furniture,Chairs,658.59,5,0.5,-134.91
3240,US-2023-01321,10/18/2023,10/24/2023,Standard Class,CU-0158,Priya Garcia,Corporate,United States,Illinois,Central,Technology,Phones,1249.32,7,0.4,-101.76
3241,US-2022-01322,12/25/2022,12/29/2022,Second Class,CU-0199,Sara Wilson,Corporate,United States,Georgia,South,Furniture,Furnishings,110.77,2,0.0,27.71
3242,US-2022-01322,12/25/2022,12/28/2022,Second Class,CU-0199,Sara Wilson,Corporate,United States,Georgia,South,Office Supplies,Paper,49.66,3,0.0,18.45
3243,US-2022-01322,12/25/2022,12/29/2022,Second Class,CU-0199,Sara Wilson,Corporate,United States,Georgia,South,Technology,Phones,385.56,1,0.0,39.7
3244,US-2022-01322,12/25/2022,12/28/2022,Second Class,CU-0199,Sara Wilson,Corporate,United States,Georgia,South,Furniture,Furnishings,112.78,3,0.5,-11.04
3245,US-2024-01323,06/16/2024,06/21/2024,Standard Class,CU-0579,Ethan Davis,Corporate,United States,New York,East,Technology,Accessories,169.34,3,0.0,35.66
3246,US-2024-01323,06/16/2024,06/21/2024,Standard Class,CU-0579,Ethan Davis,Corporate,United States,New York,East,Furniture,Tables,3185.21,7,0.0,-272.67
3247,US-2025-01324,02/14/2025,02/18/2025,Second Class,CU-0062,Ravi Garcia,Corporate,United States,Michigan,Central,Office Supplies,Art,23.42,3,0.4,4.01
3248,US-2025-01324,02/14/2025,02/17/2025,Second Class,CU-0062,Ravi Garcia,Corporate,United States,Michigan,Central,Technology,Accessories,171.23,7,0.4,6.72
3249,US-2024-01325,04/21/2024,04/26/2024,Standard Class,CU-0378,Ravi Davis,Home Office,United States,Oregon,West,Office Supplies,Binders,159.05,7,0.3,13.32
3250,US-2024-01325,04/21/2024,04/26/2024,Standard Class,CU-0378,Ravi Davis,Home Office,United States,Oregon,West,Office Supplies,Binders,133.56,5,0.0,22.9
3251,US-2024-01325,04/21/2024,04/27/2024,Standard Class,CU-0378,Ravi Davis,Home Office,United States,Oregon,West,Furniture,Chairs,475.14,2,0.0,23.86
3252,US-2022-01326,12/23/2022,12/29/2022,Standard Class,CU-0496,Ethan Patel,Consumer,United States,Virginia,South,Furniture,Chairs,257.35,1,0.0,35.71
3253,US-2022-01326,12/23/2022,12/29/2022,Standard Class,CU-0496,Ethan Patel,Consumer,United States,Virginia,South,Furniture,Furnishings,225.61,3,0.0,27.58
3254,US-2022-01326,12/23/2022,12/28/2022,Standard Class,CU-0496,Ethan Patel,Consumer,United States,Virginia,South,Office Supplies,Labels,45.67,4,0.2,11.8
3255,US-2022-01326,12/23/2022,12/29/2022,Standard Class,CU-0496,Ethan Patel,Consumer,United States,Virginia,South,Furniture,Bookcases,431.89,2,0.4,-36.52
3256,US-2022-01327,02/23/2022,02/26/2022,Second Class,CU-0509,Olivia Smith,Consumer,United States,Ohio,East,Furniture,Furnishings,47.63,1,0.2,-1.72
3257,US-2022-01327,02/23/2022,02/27/2022,Second Class,CU-0509,Olivia Smith,Consumer,United States,Ohio,East,Technology,Phones,730.18,3,0.0,96.37
3258,US-2022-01327,02/23/2022,02/27/2022,Second Class,CU-0509,Olivia Smith,Consumer,United States,Ohio,East,Office Supplies,Storage,579.48,6,0.0,72.28
3259,US-2022-01327,02/23/2022,02/26/2022,Second Class,CU-0509,Olivia Smith,Consumer,United States,Ohio,East,Furniture,Chairs,611.59,2,0.0,69.55
3260,US-2024-01328,08/27/2024,09/02/2024,Standard Class,CU-0332,Emma Khan,Corporate,United States,Florida,South,Furniture,Chairs,1569.62,5,0.0,107.67
3261,US-2024-01328,08/27/2024,09/02/2024,Standard Class,CU-0332,Emma Khan,Corporate,United States,Florida,South,Office Supplies,Labels,45.63,4,0.2,10.09
3262,US-2023-01329,08/31/2023,09/03/2023,Second Class,CU-0305,Liam Clark,Corporate,United States,Oregon,West,Furniture,Chairs,1915.46,6,0.0,431.53
3263,US-2023-01329,08/31/2023,09/04/2023,Second Class,CU-0305,Liam Clark,Corporate,United States,Oregon,West,Technology,Machines,1130.61,3,0.4,-270.15
3264,US-2023-01329,08/31/2023,09/04/2023,Second Class,CU-0305,Liam Clark,Corporate,United States,Oregon,West,Technology,Machines,1521.49,3,0.1,4.56
3265,US-2023-01330,08/25/2023,08/31/2023,Standard Class,CU-0489,Ethan Patel,Corporate,United States,Ohio,East,Office Supplies,Labels,38.18,5,0.5,8.14
3266,US-2024-01331,04/14/2024,04/20/2024,Standard Class,CU-0645,Ethan Clark,Consumer,United States,Illinois,Central,Office Supplies,Paper,152.54,6,0.0,56.44
3267,US-2025-01332,08/02/2025,08/08/2025,Standard Class,CU-0384,Ethan Lee,Corporate,United States,Michigan,Central,Technology,Machines,837.91,2,0.0,-28.39
3268,US-2025-01333,02/08/2025,02/14/2025,Standard Class,CU-0397,Noah Smith,Corporate,United States,Michigan,Central,Office Supplies,Labels,46.29,4,0.0,17.86
3269,US-2024-01334,06/27/2024,07/03/2024,Standard Class,CU-0622,Liam Wilson,Corporate,United States,Ohio,East,Furniture,Chairs,640.11,4,0.5,-94.72
3270,US-2024-01334,06/27/2024,07/02/2024,Standard Class,CU-0622,Liam Wilson,Corporate,United States,Ohio,East,Technology,Machines,515.09,2,0.5,-160.05
3271,US-2024-01334,06/27/2024,07/02/2024,Standard Class,CU-0622,Liam Wilson,Corporate,United States,Ohio,East,Technology,Machines,1222.46,2,0.0,54.0
3272,US-2024-01334,06/27/2024,07/02/2024,Standard Class,CU-0622,Liam Wilson,Corporate,United States,Ohio,East,Technology,Phones,1422.15,5,0.0,306.09
3273,US-2024-01335,11/19/2024,11/24/2024,Standard Class,CU-0314,Noah Miller,Corporate,United States,Georgia,South,Office Supplies,Labels,35.16,4,0.1,15.29
3274,US-2024-01335,11/19/2024,11/24/2024,Standard Class,CU-0314,Noah Miller,Corporate,United States,Georgia,South,Furniture,Furnishings,286.9,4,0.0,64.15
3275,US-2024-01335,11/19/2024,11/25/2024,Standard Class,CU-0314,Noah Miller,Corporate,United States,Georgia,South,Office Supplies,Binders,91.9,4,0.2,2.79
3276,US-2022-01336,05/01/2022,05/07/2022,Standard Class,CU-0361,Zoe Clark,Home Office,United States,Georgia,South,Furniture,Tables,1151.04,5,0.3,-257.27
3277,US-2022-01336,05/01/2022,05/06/2022,Standard Class,CU-0361,Zoe Clark,Home Office,United States,Georgia,South,Office Supplies,Paper,31.07,2,0.4,6.31
3278,US-2022-01336,05/01/2022,05/07/2022,Standard Class,CU-0361,Zoe Clark,Home Office,United States,Georgia,South,Technology,Copiers,2346.27,6,0.5,91.67
3279,US-2022-01336,05/01/2022,05/06/2022,Standard Class,CU-0361,Zoe Clark,Home Office,United States,Georgia,South,Office Supplies,Art,34.3,2,0.1,4.41
3280,US-2023-01337,12/01/2023,12/06/2023,Standard Class,CU-0542,Aarav Khan,Home Office,United States,Virginia,South,Technology,Accessories,342.32,6,0.0,85.7
3281,US-2023-01337,12/01/2023,12/06/2023,Standard Class,CU-0542,Aarav Khan,Home Office,United States,Virginia,South,Furniture,Bookcases,731.44,4,0.3,-64.45
3282,US-2025-01338,08/24/2025,08/29/2025,Standard Class,CU-0111,Noah Lee,Consumer,United States,New York,East,Furniture,Bookcases,304.72,1,0.0,-2.59
3283,US-2025-01338,08/24/2025,08/30/2025,Standard Class,CU-0111,Noah Lee,Consumer,United States,New York,East,Office Supplies,Labels,58.6,6,0.2,14.66
3284,US-2025-01338,08/24/2025,08/30/2025,Standard Class,CU-0111,Noah Lee,Consumer,United States,New York,East,Office Supplies,Storage,580.14,6,0.0,70.51
3285,US-2025-01338,08/24/2025,08/30/2025,Standard Class,CU-0111,Noah Lee,Consumer,United States,New York,East,Technology,Phones,2363.39,7,0.1,91.23
3286,US-2023-01339,10/20/2023,10/23/2023,First Class,CU-0690,Ethan Lee,Corporate,United States,Ohio,East,Technology,Copiers,1113.06,1,0.0,381.88
3287,US-2023-01340,05/06/2023,05/08/2023,First Class,CU-0295,Emma Patel,Home Office,United States,Washington,West,Technology,Machines,3142.65,6,0.0,372.29
3288,US-2023-01340,05/06/2023,05/08/2023,First Class,CU-0295,Emma Patel,Home Office,United States,Washington,West,Office Supplies,Storage,384.41,5,0.2,20.18
3289,US-2025-01341,11/26/2025,11/29/2025,First Class,CU-0682,Ravi Brown,Home Office,United States,Michigan,Central,Office Supplies,Art,57.66,4,0.0,13.57
3290,US-2025-01341,11/26/2025,11/29/2025,First Class,CU-0682,Ravi Brown,Home Office,United States,Michigan,Central,Technology,Copiers,1597.55,2,0.0,509.98
3291,US-2025-01341,11/26/2025,11/29/2025,First Class,CU-0682,Ravi Brown,Home Office,United States,Michigan,Central,Office Supplies,Binders,194.95,6,0.0,38.01
3292,US-2025-01342,05/10/2025,05/12/2025,First Class,CU-0551,John Smith,Consumer,United States,New York,East,Technology,Accessories,113.61,4,0.3,-7.12
3293,US-2025-01342,05/10/2025,05/13/2025,First Class,CU-0551,John Smith,Consumer,United States,New York,East,Office Supplies,Labels,64.47,6,0.2,26.77
3294,US-2025-01342,05/10/2025,05/13/2025,First Class,CU-0551,John Smith,Consumer,United States,New York,East,Technology,Accessories,63.54,3,0.5,-3.73
3295,US-2024-01343,08/04/2024,08/10/2024,Standard Class,CU-0228,Maya Clark,Home Office,United States,Washington,West,Technology,Machines,1943.32,6,0.5,-583.06
3296,US-2023-01344,11/01/2023,11/07/2023,Standard Class,CU-0267,Sara Garcia,Consumer,United States,Michigan,Central,Technology,Machines,479.58,1,0.1,-8.16
3297,US-2023-01344,11/01/2023,11/06/2023,Standard Class,CU-0267,Sara Garcia,Consumer,United States,Michigan,Central,Technology,Copiers,6920.45,7,0.0,1995.44
3298,US-2023-01344,11/01/2023,11/06/2023,Standard Class,CU-0267,Sara Garcia,Consumer,United States,Michigan,Central,Technology,Phones,999.45,4,0.3,35.57
3299,US-2022-01345,03/15/2022,03/18/2022,Second Class,CU-0672,Zoe Miller,Consumer,United States,California,West,Office Supplies,Labels,74.04,7,0.0,33.29
3300,US-2022-01345,03/15/2022,03/19/2022,Second Class,CU-0672,Zoe Miller,Consumer,United States,California,West,Furniture,Bookcases,1735.87,6,0.1,-81.03
3301,US-2022-01345,03/15/2022,03/19/2022,Second Class,CU-0672,Zoe Miller,Consumer,United States,California,West,Technology,Copiers,3414.28,5,0.4,393.61
3302,US-2022-01345,03/15/2022,03/19/2022,Second Class,CU-0672,Zoe Miller,Consumer,United States,California,West,Technology,Copiers,1218.44,2,0.4,178.39
3303,US-2022-01346,06/17/2022,06/19/2022,First Class,CU-0211,Ravi Lee,Corporate,United States,Georgia,South,Office Supplies,Storage,326.77,5,0.3,-24.79
3304,US-2022-01346,06/17/2022,06/20/2022,First Class,CU-0211,Ravi Lee,Corporate,United States,Georgia,South,Furniture,Tables,710.96,3,0.5,-260.9
3305,US-2022-01346,06/17/2022,06/19/2022,First Class,CU-0211,Ravi Lee,Corporate,United States,Georgia,South,Office Supplies,Paper,20.65,1,0.0,8.73
3306,US-2024-01347,02/27/2024,03/03/2024,Standard Class,CU-0626,Maya Brown,Home Office,United States,Texas,Central,Office Supplies,Labels,37.4,5,0.4,7.16
3307,US-2024-01347,02/27/2024,03/04/2024,Standard Class,CU-0626,Maya Brown,Home Office,United States,Texas,Central,Technology,Machines,2801.55,6,0.0,176.13
3308,US-2024-01348,01/22/2024,01/27/2024,Standard Class,CU-0310,Sara Garcia,Corporate,United States,Ohio,East,Office Supplies,Art,46.69,7,0.5,-2.28
3309,US-2024-01348,01/22/2024,01/28/2024,Standard Class,CU-0310,Sara Garcia,Corporate,United States,Ohio,East,Office Supplies,Labels,52.8,5,0.0,23.91
3310,US-2025-01349,01/13/2025,01/18/2025,Standard Class,CU-0675,Olivia Khan,Consumer,United States,Illinois,Central,Furniture,Bookcases,992.91,3,0.0,39.25
3311,US-2025-01349,01/13/2025,01/18/2025,Standard Class,CU-0675,Olivia Khan,Consumer,United States,Illinois,Central,Office Supplies,Storage,121.56,2,0.2,-3.19
3312,US-2025-01349,01/13/2025,01/19/2025,Standard Class,CU-0675,Olivia Khan,Consumer,United States,Illinois,Central,Furniture,Tables,3509.81,7,0.0,39.37
3313,US-2025-01349,01/13/2025,01/19/2025,Standard Class,CU-0675,Olivia Khan,Consumer,United States,Illinois,Central,Technology,Phones,126.45,1,0.5,-21.76
3314,US-2022-01350,06/04/2022,06/07/2022,First Class,CU-0184,Ravi Wilson,Corporate,United States,Michigan,Central,Technology,Phones,1814.31,7,0.2,-20.45
3315,US-2022-01350,06/04/2022,06/07/2022,First Class,CU-0184,Ravi Wilson,Corporate,United States,Michigan,Central,Technology,Machines,911.9,2,0.2,-136.34
3316,US-2022-01350,06/04/2022,06/06/2022,First Class,CU-0184,Ravi Wilson,Corporate,United States,Michigan,Central,Office Supplies,Storage,332.31,5,0.3,-15.54
3317,US-2022-01350,06/04/2022,06/06/2022,First Class,CU-0184,Ravi Wilson,Corporate,United States,Michigan,Central,Furniture,Furnishings,125.5,3,0.3,1.47
3318,US-2025-01351,07/23/2025,07/28/2025,Standard Class,CU-0550,Olivia Clark,Home Office,United States,Florida,South,Technology,Copiers,1902.27,3,0.2,432.64
3319,US-2022-01352,04/05/2022,04/08/2022,Second Class,CU-0421,Sara Clark,Corporate,United States,Virginia,South,Furniture,Chairs,1585.47,7,0.3,-214.42
3320,US-2022-01352,04/05/2022,04/09/2022,Second Class,CU-0421,Sara Clark,Corporate,United States,Virginia,South,Furniture,Furnishings,68.32,2,0.5,-10.25
3321,US-2022-01352,04/05/2022,04/09/2022,Second Class,CU-0421,Sara Clark,Corporate,United States,Virginia,South,Technology,Accessories,136.76,5,0.5,-11.18
3322,US-2022-01352,04/05/2022,04/09/2022,Second Class,CU-0421,Sara Clark,Corporate,United States,Virginia,South,Technology,Accessories,278.7,5,0.1,23.24
3323,US-2022-01353,12/07/2022,12/12/2022,Standard Class,CU-0497,Maya Khan,Consumer,United States,Washington,West,Furniture,Furnishings,348.54,6,0.2,27.94
3324,US-2022-01353,12/07/2022,12/13/2022,Standard Class,CU-0497,Maya Khan,Consumer,United States,Washington,West,Furniture,Tables,1024.54,3,0.0,-12.68
3325,US-2022-01353,12/07/2022,12/13/2022,Standard Class,CU-0497,Maya Khan,Consumer,United States,Washington,West,Furniture,Bookcases,2155.59,6,0.0,53.57
3326,US-2022-01353,12/07/2022,12/12/2022,Standard Class,CU-0497,Maya Khan,Consumer,United States,Washington,West,Technology,Machines,2559.48,5,0.0,-177.57
3327,US-2024-01354,08/18/2024,08/22/2024,Second Class,CU-0299,Ravi Miller,Corporate,United States,New York,East,Technology,Copiers,5537.17,7,0.0,1921.85
3328,US-2024-01354,08/18/2024,08/22/2024,Second Class,CU-0299,Ravi Miller,Corporate,United States,New York,East,Technology,Accessories,140.31,5,0.5,-3.45
3329,US-2024-01354,08/18/2024,08/22/2024,Second Class,CU-0299,Ravi Miller,Corporate,United States,New York,East,Technology,Phones,1621.01,6,0.0,115.2
3330,US-2023-01355,04/12/2023,04/17/2023,Standard Class,CU-0286,Ethan Brown,Consumer,United States,Georgia,South,Office Supplies,Binders,163.61,7,0.0,34.5
3331,US-2023-01356,02/08/2023,02/14/2023,Standard Class,CU-0619,Maya Wilson,Corporate,United States,Georgia,South,Office Supplies,Storage,65.86,1,0.2,-0.17
3332,US-2023-01356,02/08/2023,02/13/2023,Standard Class,CU-0619,Maya Wilson,Corporate,United States,Georgia,South,Technology,Copiers,3643.07,7,0.5,504.36
3333,US-2025-01357,07/09/2025,07/14/2025,Standard Class,CU-0214,Zoe Miller,Home Office,United States,Virginia,South,Office Supplies,Storage,252.84,3,0.1,-14.3
3334,US-2023-01358,01/14/2023,01/20/2023,Standard Class,CU-0473,Olivia Garcia,Home Office,United States,Washington,West,Furniture,Furnishings,376.62,6,0.0,73.09
3335,US-2023-01358,01/14/2023,01/20/2023,Standard Class,CU-0473,Olivia Garcia,Home Office,United States,Washington,West,Technology,Copiers,4008.55,4,0.0,1382.99
3336,US-2023-01358,01/14/2023,01/19/2023,Standard Class,CU-0473,Olivia Garcia,Home Office,United States,Washington,West,Office Supplies,Labels,9.85,1,0.3,2.47
3337,US-2023-01358,01/14/2023,01/19/2023,Standard Class,CU-0473,Olivia Garcia,Home Office,United States,Washington,West,Furniture,Furnishings,369.77,5,0.0,64.44
3338,US-2022-01359,01/08/2022,01/12/2022,Second Class,CU-0535,Priya Lee,Consumer,United States,Texas,Central,Technology,Accessories,146.33,5,0.4,2.64
3339,US-2022-01359,01/08/2022,01/11/2022,Second Class,CU-0535,Priya Lee,Consumer,United States,Texas,Central,Furniture,Bookcases,691.85,3,0.3,-64.15
3340,US-2024-01360,01/11/2024,01/13/2024,First Class,CU-0265,Ravi Wilson,Corporate,United States,Washington,West,Office Supplies,Binders,72.2,4,0.3,5.64
3341,US-2024-01360,01/11/2024,01/13/2024,First Class,CU-0265,Ravi Wilson,Corporate,United States,Washington,West,Office Supplies,Labels,36.17,5,0.5,3.19
3342,US-2024-01360,01/11/2024,01/14/2024,First Class,CU-0265,Ravi Wilson,Corporate,United States,Washington,West,Office Supplies,Labels,18.55,2,0.4,3.49
3343,US-2024-01361,07/14/2024,07/17/2024,First Class,CU-0564,Maya Davis,Home Office,United States,Georgia,South,Technology,Copiers,4057.17,7,0.4,507.44
3344,US-2024-01361,07/14/2024,07/17/2024,First Class,CU-0564,Maya Davis,Home Office,United States,Georgia,South,Office Supplies,Binders,72.36,7,0.5,-5.53
3345,US-2024-01361,07/14/2024,07/17/2024,First Class,CU-0564,Maya Davis,Home Office,United States,Georgia,South,Technology,Phones,224.32,1,0.2,5.46
3346,US-2025-01362,03/01/2025,03/03/2025,First Class,CU-0317,Zoe Brown,Consumer,United States,Washington,West,Office Supplies,Binders,55.76,3,0.3,8.07
3347,US-2023-01363,03/06/2023,03/11/2023,Standard Class,CU-0433,Sara Miller,Corporate,United States,Washington,West,Furniture,Tables,509.41,1,0.0,-1.92
3348,US-2023-01363,03/06/2023,03/11/2023,Standard Class,CU-0433,Sara Miller,Corporate,United States,Washington,West,Technology,Accessories,194.09,5,0.4,-7.27
3349,US-2023-01363,03/06/2023,03/12/2023,Standard Class,CU-0433,Sara Miller,Corporate,United States,Washington,West,Office Supplies,Paper,47.87,4,0.5,3.14
3350,US-2024-01364,11/24/2024,11/30/2024,Standard Class,CU-0606,Maya Brown,Consumer,United States,Pennsylvania,East,Office Supplies,Binders,137.07,6,0.0,38.27
3351,US-2023-01365,09/23/2023,09/29/2023,Standard Class,CU-0152,Aarav Khan,Corporate,United States,Virginia,South,Technology,Machines,848.82,3,0.5,-201.83
3352,US-2025-01366,10/27/2025,11/02/2025,Standard Class,CU-0579,Ethan Davis,Corporate,United States,New York,East,Technology,Machines,2509.55,6,0.3,-215.98
3353,US-2025-01366,10/27/2025,11/02/2025,Standard Class,CU-0579,Ethan Davis,Corporate,United States,New York,East,Furniture,Tables,813.45,2,0.2,-157.85
3354,US-2025-01366,10/27/2025,11/01/2025,Standard Class,CU-0579,Ethan Davis,Corporate,United States,New York,East,Office Supplies,Paper,103.69,7,0.4,19.19
3355,US-2025-01366,10/27/2025,11/01/2025,Standard Class,CU-0579,Ethan Davis,Corporate,United States,New York,East,Office Supplies,Paper,24.49,2,0.4,5.54
3356,US-2023-01367,03/01/2023,03/07/2023,Standard Class,CU-0282,Aarav Smith,Consumer,United States,Texas,Central,Furniture,Bookcases,287.14,1,0.1,-5.69
3357,US-2023-01367,03/01/2023,03/06/2023,Standard Class,CU-0282,Aarav Smith,Consumer,United States,Texas,Central,Technology,Copiers,7594.23,7,0.0,2554.88
3358,US-2023-01367,03/01/2023,03/06/2023,Standard Class,CU-0282,Aarav Smith,Consumer,United States,Texas,Central,Technology,Copiers,2433.3,4,0.2,582.92
3359,US-2023-01367,03/01/2023,03/06/2023,Standard Class,CU-0282,Aarav Smith,Consumer,United States,Texas,Central,Furniture,Bookcases,1028.39,4,0.2,-91.98
3360,US-2023-01368,12/08/2023,12/11/2023,Second Class,CU-0119,Zoe Clark,Consumer,United States,Ohio,East,Office Supplies,Binders,52.61,4,0.4,1.53
3361,US-2023-01368,12/08/2023,12/12/2023,Second Class,CU-0119,Zoe Clark,Consumer,United States,Ohio,East,Technology,Phones,866.33,3,0.2,1.55
3362,US-2023-01368,12/08/2023,12/12/2023,Second Class,CU-0119,Zoe Clark,Consumer,United States,Ohio,East,Office Supplies,Paper,105.14,7,0.2,24.57
3363,US-2024-01369,02/28/2024,03/04/2024,Standard Class,CU-0652,Emma Clark,Corporate,United States,Georgia,South,Office Supplies,Labels,25.11,3,0.4,4.24
3364,US-2024-01369,02/28/2024,03/04/2024,Standard Class,CU-0652,Emma Clark,Corporate,United States,Georgia,South,Technology,Phones,502.95,3,0.5,-98.22
3365,US-2024-01369,02/28/2024,03/04/2024,Standard Class,CU-0652,Emma Clark,Corporate,United States,Georgia,South,Technology,Accessories,125.75,6,0.5,-14.45
3366,US-2024-01369,02/28/2024,03/05/2024,Standard Class,CU-0652,Emma Clark,Corporate,United States,Georgia,South,Office Supplies,Binders,94.33,4,0.2,12.26
3367,US-2024-01370,11/24/2024,11/28/2024,Second Class,CU-0323,Olivia Lee,Home Office,United States,Pennsylvania,East,Furniture,Tables,2567.85,6,0.0,-46.4
3368,US-2024-01370,11/24/2024,11/28/2024,Second Class,CU-0323,Olivia Lee,Home Office,United States,Pennsylvania,East,Office Supplies,Art,135.35,7,0.0,44.2
3369,US-2024-01370,11/24/2024,11/27/2024,Second Class,CU-0323,Olivia Lee,Home Office,United States,Pennsylvania,East,Furniture,Bookcases,126.87,1,0.5,-39.84
3370,US-2024-01370,11/24/2024,11/27/2024,Second Class,CU-0323,Olivia Lee,Home Office,United States,Pennsylvania,East,Technology,Machines,1065.74,5,0.5,-186.83
3371,US-2025-01371,07/04/2025,07/09/2025,Standard Class,CU-0119,Zoe Clark,Consumer,United States,Virginia,South,Technology,Accessories,146.28,4,0.3,7.97
3372,US-2025-01371,07/04/2025,07/09/2025,Standard Class,CU-0119,Zoe Clark,Consumer,United States,Virginia,South,Technology,Copiers,1400.22,2,0.2,393.96
3373,US-2025-01371,07/04/2025,07/09/2025,Standard Class,CU-0119,Zoe Clark,Consumer,United States,Virginia,South,Furniture,Furnishings,114.48,4,0.5,-15.51
3374,US-2022-01372,12/22/2022,12/28/2022,Standard Class,CU-0009,Priya Miller,Corporate,United States,California,West,Office Supplies,Labels,102.63,7,0.0,40.41
3375,US-2022-01372,12/22/2022,12/28/2022,Standard Class,CU-0009,Priya Miller,Corporate,United States,California,West,Office Supplies,Storage,132.56,3,0.4,-10.83
3376,US-2023-01373,04/14/2023,04/19/2023,Standard Class,CU-0343,Aarav Brown,Corporate,United States,Michigan,Central,Technology,Phones,1891.23,5,0.0,432.74
3377,US-2023-01373,04/14/2023,04/19/2023,Standard Class,CU-0343,Aarav Brown,Corporate,United States,Michigan,Central,Office Supplies,Labels,73.93,7,0.3,19.34
3378,US-2023-01373,04/14/2023,04/19/2023,Standard Class,CU-0343,Aarav Brown,Corporate,United States,Michigan,Central,Furniture,Chairs,1262.05,6,0.0,186.54
3379,US-2023-01373,04/14/2023,04/20/2023,Standard Class,CU-0343,Aarav Brown,Corporate,United States,Michigan,Central,Furniture,Bookcases,1545.39,4,0.0,-130.3
3380,US-2024-01374,02/12/2024,02/17/2024,Standard Class,CU-0370,Ethan Clark,Consumer,United States,Texas,Central,Technology,Accessories,322.45,7,0.0,83.1
3381,US-2024-01374,02/12/2024,02/18/2024,Standard Class,CU-0370,Ethan Clark,Consumer,United States,Texas,Central,Technology,Accessories,295.62,7,0.0,86.18
3382,US-2022-01375,12/10/2022,12/16/2022,Standard Class,CU-0115,Olivia Khan,Home Office,United States,Virginia,South,Technology,Accessories,425.42,7,0.0,105.2
3383,US-2022-01375,12/10/2022,12/16/2022,Standard Class,CU-0115,Olivia Khan,Home Office,United States,Virginia,South,Furniture,Bookcases,1825.75,7,0.0,12.19
3384,US-2022-01375,12/10/2022,12/16/2022,Standard Class,CU-0115,Olivia Khan,Home Office,United States,Virginia,South,Office Supplies,Labels,26.21,2,0.0,10.41
3385,US-2022-01375,12/10/2022,12/16/2022,Standard Class,CU-0115,Olivia Khan,Home Office,United States,Virginia,South,Furniture,Chairs,869.4,4,0.1,-20.2
3386,US-2022-01376,05/30/2022,06/01/2022,First Class,CU-0325,Emma Garcia,Consumer,United States,Michigan,Central,Technology,Accessories,154.75,3,0.0,48.82
3387,US-2022-01376,05/30/2022,06/02/2022,First Class,CU-0325,Emma Garcia,Consumer,United States,Michigan,Central,Technology,Phones,866.61,3,0.2,37.69
3388,US-2022-01376,05/30/2022,06/02/2022,First Class,CU-0325,Emma Garcia,Consumer,United States,Michigan,Central,Furniture,Chairs,149.32,1,0.5,-33.31
3389,US-2022-01376,05/30/2022,06/02/2022,First Class,CU-0325,Emma Garcia,Consumer,United States,Michigan,Central,Office Supplies,Storage,285.81,5,0.3,-43.4
3390,US-2022-01377,04/06/2022,04/11/2022,Standard Class,CU-0585,Olivia Lee,Corporate,United States,Texas,Central,Furniture,Chairs,779.58,4,0.3,-128.51
3391,US-2025-01378,03/03/2025,03/09/2025,Standard Class,CU-0353,Emma Davis,Corporate,United States,Florida,South,Furniture,Tables,353.09,2,0.5,-112.58
3392,US-2025-01378,03/03/2025,03/08/2025,Standard Class,CU-0353,Emma Davis,Corporate,United States,Florida,South,Furniture,Tables,1045.46,4,0.3,-169.75
3393,US-2023-01379,07/12/2023,07/17/2023,Standard Class,CU-0090,Liam Miller,Corporate,United States,Florida,South,Office Supplies,Storage,228.98,4,0.4,-56.73
3394,US-2024-01380,03/28/2024,04/03/2024,Standard Class,CU-0293,Noah Davis,Corporate,United States,Virginia,South,Office Supplies,Binders,29.63,2,0.4,-0.19
3395,US-2024-01380,03/28/2024,04/03/2024,Standard Class,CU-0293,Noah Davis,Corporate,United States,Virginia,South,Office Supplies,Labels,75.37,6,0.0,31.22
3396,US-2022-01381,11/20/2022,11/26/2022,Standard Class,CU-0528,John Khan,Corporate,United States,Illinois,Central,Furniture,Bookcases,1289.66,5,0.0,-125.37
3397,US-2022-01381,11/20/2022,11/25/2022,Standard Class,CU-0528,John Khan,Corporate,United States,Illinois,Central,Furniture,Furnishings,170.48,3,0.1,28.94
3398,US-2022-01381,11/20/2022,11/26/2022,Standard Class,CU-0528,John Khan,Corporate,United States,Illinois,Central,Furniture,Chairs,942.05,4,0.1,6.27
3399,US-2022-01381,11/20/2022,11/25/2022,Standard Class,CU-0528,John Khan,Corporate,United States,Illinois,Central,Furniture,Tables,2635.93,7,0.0,-144.71
3400,US-2025-01382,07/19/2025,07/25/2025,Standard Class,CU-0589,Noah Clark,Corporate,United States,New York,East,Technology,Accessories,47.37,1,0.0,9.76
3401,US-2024-01383,10/06/2024,10/07/2024,Same Day,CU-0396,Sara Patel,Corporate,United States,Washington,West,Furniture,Bookcases,1554.33,6,0.0,73.5
3402,US-2024-01383,10/06/2024,10/06/2024,Same Day,CU-0396,Sara Patel,Corporate,United States,Washington,West,Furniture,Tables,857.33,4,0.5,-372.18
3403,US-2024-01383,10/06/2024,10/07/2024,Same Day,CU-0396,Sara Patel,Corporate,United States,Washington,West,Furniture,Tables,401.87,1,0.1,-61.83
3404,US-2024-01383,10/06/2024,10/06/2024,Same Day,CU-0396,Sara Patel,Corporate,United States,Washington,West,Technology,Phones,1042.18,3,0.0,258.77
3405,US-2023-01384,08/22/2023,08/27/2023,Standard Class,CU-0153,Maya Miller,Home Office,United States,Illinois,Central,Technology,Phones,729.66,2,0.0,74.49
3406,US-2023-01384,08/22/2023,08/28/2023,Standard Class,CU-0153,Maya Miller,Home Office,United States,Illinois,Central,Furniture,Furnishings,364.41,7,0.3,-11.09
3407,US-2023-01384,08/22/2023,08/28/2023,Standard Class,CU-0153,Maya Miller,Home Office,United States,Illinois,Central,Office Supplies,Labels,27.86,2,0.0,8.7
3408,US-2023-01384,08/22/2023,08/27/2023,Standard Class,CU-0153,Maya Miller,Home Office,United States,Illinois,Central,Office Supplies,Binders,187.43,7,0.1,33.99
3409,US-2023-01385,03/29/2023,04/01/2023,Second Class,CU-0131,Ravi Patel,Corporate,United States,Washington,West,Office Supplies,Labels,75.95,6,0.0,31.4
3410,US-2023-01385,03/29/2023,04/02/2023,Second Class,CU-0131,Ravi Patel,Corporate,United States,Washington,West,Office Supplies,Labels,7.65,1,0.5,0.94
3411,US-2023-01385,03/29/2023,04/01/2023,Second Class,CU-0131,Ravi Patel,Corporate,United States,Washington,West,Office Supplies,Storage,435.61,4,0.0,28.03
3412,US-2023-01385,03/29/2023,04/02/2023,Second Class,CU-0131,Ravi Patel,Corporate,United States,Washington,West,Office Supplies,Paper,59.5,3,0.2,19.15
3413,US-2023-01386,12/21/2023,12/26/2023,Standard Class,CU-0678,John Smith,Home Office,United States,Illinois,Central,Office Supplies,Paper,81.17,6,0.2,27.38
3414,US-2023-01386,12/21/2023,12/27/2023,Standard Class,CU-0678,John Smith,Home Office,United States,Illinois,Central,Office Supplies,Binders,18.31,1,0.1,3.9
3415,US-2023-01386,12/21/2023,12/26/2023,Standard Class,CU-0678,John Smith,Home Office,United States,Illinois,Central,Office Supplies,Binders,41.87,2,0.0,10.59
3416,US-2023-01386,12/21/2023,12/27/2023,Standard Class,CU-0678,John Smith,Home Office,United States,Illinois,Central,Technology,Phones,1680.59,5,0.0,47.08
3417,US-2022-01387,03/02/2022,03/02/2022,Same Day,CU-0226,Ravi Khan,Consumer,United States,Pennsylvania,East,Office Supplies,Binders,96.38,4,0.2,12.41
3418,US-2023-01388,12/02/2023,12/08/2023,Standard Class,CU-0449,John Clark,Home Office,United States,Ohio,East,Office Supplies,Labels,68.37,7,0.3,16.25
3419,US-2023-01388,12/02/2023,12/07/2023,Standard Class,CU-0449,John Clark,Home Office,United States,Ohio,East,Technology,Phones,1776.79,6,0.0,345.95
3420,US-2023-01388,12/02/2023,12/07/2023,Standard Class,CU-0449,John Clark,Home Office,United States,Ohio,East,Technology,Machines,1328.31,6,0.5,-299.48
3421,US-2023-01388,12/02/2023,12/08/2023,Standard Class,CU-0449,John Clark,Home Office,United States,Ohio,East,Office Supplies,Binders,58.91,3,0.1,12.17
3422,US-2022-01389,04/26/2022,05/02/2022,Standard Class,CU-0690,Ethan Lee,Corporate,United States,Pennsylvania,East,Office Supplies,Storage,545.08,7,0.2,-1.81
3423,US-2022-01389,04/26/2022,05/02/2022,Standard Class,CU-0690,Ethan Lee,Corporate,United States,Pennsylvania,East,Furniture,Tables,295.57,1,0.3,-75.89
3424,US-2022-01389,04/26/2022,05/01/2022,Standard Class,CU-0690,Ethan Lee,Corporate,United States,Pennsylvania,East,Technology,Accessories,77.46,2,0.4,0.65
3425,US-2022-01389,04/26/2022,05/02/2022,Standard Class,CU-0690,Ethan Lee,Corporate,United States,Pennsylvania,East,Office Supplies,Binders,190.85,7,0.0,48.05
3426,US-2022-01390,05/26/2022,05/26/2022,Same Day,CU-0285,Zoe Brown,Consumer,United States,Ohio,East,Office Supplies,Binders,41.56,2,0.3,5.66
3427,US-2022-01390,05/26/2022,05/26/2022,Same Day,CU-0285,Zoe Brown,Consumer,United States,Ohio,East,Technology,Phones,541.66,3,0.5,-38.97
3428,US-2022-01390,05/26/2022,05/26/2022,Same Day,CU-0285,Zoe Brown,Consumer,United States,Ohio,East,Technology,Phones,1435.99,7,0.2,76.98
3429,US-2022-01390,05/26/2022,05/26/2022,Same Day,CU-0285,Zoe Brown,Consumer,United States,Ohio,East,Furniture,Furnishings,125.61,2,0.0,18.95
3430,US-2023-01391,11/14/2023,11/19/2023,Standard Class,CU-0098,Sara Clark,Consumer,United States,California,West,Furniture,Furnishings,84.02,2,0.4,-7.2
3431,US-2023-01391,11/14/2023,11/19/2023,Standard Class,CU-0098,Sara Clark,Consumer,United States,California,West,Office Supplies,Art,66.65,6,0.3,7.7
3432,US-2023-01391,11/14/2023,11/20/2023,Standard Class,CU-0098,Sara Clark,Consumer,United States,California,West,Technology,Copiers,3303.73,7,0.5,502.36
3433,US-2024-01392,11/22/2024,11/27/2024,Standard Class,CU-0174,Olivia Lee,Consumer,United States,Florida,South,Technology,Phones,362.38,1,0.0,41.67
3434,US-2024-01392,11/22/2024,11/28/2024,Standard Class,CU-0174,Olivia Lee,Consumer,United States,Florida,South,Furniture,Chairs,533.96,2,0.1,-12.05
3435,US-2024-01392,11/22/2024,11/28/2024,Standard Class,CU-0174,Olivia Lee,Consumer,United States,Florida,South,Furniture,Chairs,346.82,2,0.3,-36.67
3436,US-2022-01393,12/15/2022,12/18/2022,Second Class,CU-0655,Maya Wilson,Home Office,United States,Texas,Central,Technology,Phones,1949.99,5,0.0,349.17
3437,US-2025-01394,02/08/2025,02/13/2025,Standard Class,CU-0454,Liam Smith,Consumer,United States,Ohio,East,Furniture,Bookcases,556.93,2,0.2,-28.1
3438,US-2025-01394,02/08/2025,02/14/2025,Standard Class,CU-0454,Liam Smith,Consumer,United States,Ohio,East,Technology,Machines,1082.62,2,0.0,7.34
3439,US-2022-01395,05/24/2022,05/27/2022,Second Class,CU-0118,Aarav Brown,Corporate,United States,Florida,South,Office Supplies,Art,95.51,6,0.0,25.74
3440,US-2022-01395,05/24/2022,05/28/2022,Second Class,CU-0118,Aarav Brown,Corporate,United States,Florida,South,Furniture,Bookcases,1431.08,4,0.0,-95.99
3441,US-2022-01395,05/24/2022,05/28/2022,Second Class,CU-0118,Aarav Brown,Corporate,United States,Florida,South,Office Supplies,Art,70.79,5,0.2,6.98
3442,US-2022-01395,05/24/2022,05/28/2022,Second Class,CU-0118,Aarav Brown,Corporate,United States,Florida,South,Furniture,Bookcases,1860.16,5,0.0,-32.76
3443,US-2024-01396,02/27/2024,03/04/2024,Standard Class,CU-0689,Olivia Khan,Home Office,United States,Georgia,South,Furniture,Furnishings,224.23,6,0.5,-38.61
3444,US-2024-01396,02/27/2024,03/03/2024,Standard Class,CU-0689,Olivia Khan,Home Office,United States,Georgia,South,Technology,Machines,1689.89,6,0.5,-339.23
3445,US-2024-01396,02/27/2024,03/03/2024,Standard Class,CU-0689,Olivia Khan,Home Office,United States,Georgia,South,Furniture,Furnishings,32.78,1,0.5,-6.74
3446,US-2024-01396,02/27/2024,03/03/2024,Standard Class,CU-0689,Olivia Khan,Home Office,United States,Georgia,South,Office Supplies,Labels,33.34,3,0.1,12.87
3447,US-2022-01397,09/10/2022,09/15/2022,Standard Class,CU-0264,Aarav Smith,Corporate,United States,New York,East,Technology,Phones,510.68,3,0.3,-34.61
3448,US-2025-01398,06/10/2025,06/16/2025,Standard Class,CU-0034,Maya Wilson,Consumer,United States,Oregon,West,Office Supplies,Storage,154.15,4,0.5,-23.89
3449,US-2023-01399,03/17/2023,03/21/2023,Second Class,CU-0092,Zoe Garcia,Corporate,United States,Florida,South,Furniture,Chairs,170.29,1,0.4,-10.48
3450,US-2023-01399,03/17/2023,03/21/2023,Second Class,CU-0092,Zoe Garcia,Corporate,United States,Florida,South,Technology,Machines,2557.88,6,0.0,299.39
3451,US-2024-01400,06/15/2024,06/19/2024,Second Class,CU-0052,Sara Garcia,Corporate,United States,Michigan,Central,Furniture,Furnishings,58.56,1,0.1,6.75
3452,US-2024-01400,06/15/2024,06/18/2024,Second Class,CU-0052,Sara Garcia,Corporate,United States,Michigan,Central,Furniture,Furnishings,338.4,6,0.0,76.74
3453,US-2024-01400,06/15/2024,06/18/2024,Second Class,CU-0052,Sara Garcia,Corporate,United States,Michigan,Central,Office Supplies,Art,79.65,7,0.1,11.24
3454,US-2025-01401,12/26/2025,12/31/2025,Standard Class,CU-0271,Aarav Wilson,Home Office,United States,New York,East,Office Supplies,Storage,135.55,3,0.4,-13.9
3455,US-2023-01402,08/31/2023,09/06/2023,Standard Class,CU-0548,Aarav Garcia,Corporate,United States,Ohio,East,Office Supplies,Storage,183.89,3,0.3,-14.24
3456,US-2024-01403,04/14/2024,04/19/2024,Standard Class,CU-0034,Maya Wilson,Consumer,United States,Virginia,South,Furniture,Furnishings,264.34,5,0.1,19.85
3457,US-2024-01403,04/14/2024,04/19/2024,Standard Class,CU-0034,Maya Wilson,Consumer,United States,Virginia,South,Office Supplies,Art,54.35,7,0.5,0.59
3458,US-2023-01404,04/20/2023,04/25/2023,Standard Class,CU-0139,Aarav Miller,Home Office,United States,Pennsylvania,East,Office Supplies,Binders,40.52,2,0.0,9.46
3459,US-2023-01404,04/20/2023,04/26/2023,Standard Class,CU-0139,Aarav Miller,Home Office,United States,Pennsylvania,East,Technology,Accessories,118.83,2,0.0,24.15
3460,US-2025-01405,09/26/2025,10/02/2025,Standard Class,CU-0383,Noah Davis,Home Office,United States,Virginia,South,Technology,Machines,2130.52,4,0.0,-41.18
3461,US-2025-01405,09/26/2025,10/01/2025,Standard Class,CU-0383,Noah Davis,Home Office,United States,Virginia,South,Furniture,Tables,2642.28,6,0.0,-259.66
3462,US-2023-01406,06/28/2023,07/01/2023,First Class,CU-0087,John Khan,Home Office,United States,Virginia,South,Office Supplies,Art,84.74,6,0.0,18.41
3463,US-2023-01406,06/28/2023,07/01/2023,First Class,CU-0087,John Khan,Home Office,United States,Virginia,South,Office Supplies,Binders,78.28,5,0.4,4.31
3464,US-2023-01407,11/28/2023,12/04/2023,Standard Class,CU-0341,Aarav Smith,Home Office,United States,Georgia,South,Technology,Phones,367.28,1,0.0,61.63
3465,US-2023-01407,11/28/2023,12/04/2023,Standard Class,CU-0341,Aarav Smith,Home Office,United States,Georgia,South,Furniture,Chairs,891.68,4,0.2,-129.35
3466,US-2023-01407,11/28/2023,12/04/2023,Standard Class,CU-0341,Aarav Smith,Home Office,United States,Georgia,South,Furniture,Furnishings,368.9,7,0.2,22.83
3467,US-2023-01407,11/28/2023,12/03/2023,Standard Class,CU-0341,Aarav Smith,Home Office,United States,Georgia,South,Furniture,Bookcases,1218.46,5,0.3,-229.98
3468,US-2022-01408,08/10/2022,08/16/2022,Standard Class,CU-0250,Sara Lee,Consumer,United States,Washington,West,Furniture,Chairs,462.92,3,0.5,-56.41
3469,US-2022-01408,08/10/2022,08/15/2022,Standard Class,CU-0250,Sara Lee,Consumer,United States,Washington,West,Office Supplies,Binders,130.81,5,0.0,37.51
3470,US-2022-01408,08/10/2022,08/16/2022,Standard Class,CU-0250,Sara Lee,Consumer,United States,Washington,West,Office Supplies,Paper,102.49,6,0.0,39.4
3471,US-2022-01408,08/10/2022,08/16/2022,Standard Class,CU-0250,Sara Lee,Consumer,United States,Washington,West,Furniture,Bookcases,1371.72,4,0.1,-32.69
3472,US-2023-01409,12/27/2023,01/02/2024,Standard Class,CU-0132,Olivia Davis,Home Office,United States,Florida,South,Office Supplies,Art,27.7,2,0.0,6.05
3473,US-2023-01409,12/27/2023,01/02/2024,Standard Class,CU-0132,Olivia Davis,Home Office,United States,Florida,South,Office Supplies,Storage,148.77,2,0.3,-10.31
3474,US-2023-01409,12/27/2023,01/01/2024,Standard Class,CU-0132,Olivia Davis,Home Office,United States,Florida,South,Technology,Phones,193.32,1,0.3,-33.72
3475,US-2023-01409,12/27/2023,01/02/2024,Standard Class,CU-0132,Olivia Davis,Home Office,United States,Florida,South,Furniture,Bookcases,1074.64,6,0.5,-227.16
3476,US-2024-01410,07/16/2024,07/22/2024,Standard Class,CU-0247,Ravi Wilson,Home Office,United States,Virginia,South,Furniture,Chairs,694.48,3,0.1,19.22
3477,US-2024-01410,07/16/2024,07/21/2024,Standard Class,CU-0247,Ravi Wilson,Home Office,United States,Virginia,South,Furniture,Tables,942.41,5,0.5,-415.24
3478,US-2024-01410,07/16/2024,07/22/2024,Standard Class,CU-0247,Ravi Wilson,Home Office,United States,Virginia,South,Furniture,Tables,1532.67,6,0.5,-565.13
3479,US-2024-01410,07/16/2024,07/22/2024,Standard Class,CU-0247,Ravi Wilson,Home Office,United States,Virginia,South,Technology,Copiers,3830.4,7,0.5,560.48
3480,US-2025-01411,06/21/2025,06/27/2025,Standard Class,CU-0589,Noah Clark,Corporate,United States,Michigan,Central,Technology,Phones,344.06,1,0.1,20.58
3481,US-2022-01412,01/03/2022,01/06/2022,First Class,CU-0383,Noah Davis,Home Office,United States,Florida,South,Office Supplies,Storage,225.74,3,0.3,-11.91
3482,US-2022-01412,01/03/2022,01/05/2022,First Class,CU-0383,Noah Davis,Home Office,United States,Florida,South,Technology,Machines,1993.91,4,0.2,-136.45
3483,US-2025-01413,04/27/2025,05/03/2025,Standard Class,CU-0639,Sara Khan,Consumer,United States,Oregon,West,Office Supplies,Art,87.08,6,0.0,21.8
3484,US-2025-01413,04/27/2025,05/03/2025,Standard Class,CU-0639,Sara Khan,Consumer,United States,Oregon,West,Furniture,Chairs,800.52,3,0.1,21.2
3485,US-2023-01414,04/14/2023,04/15/2023,Same Day,CU-0313,Maya Patel,Corporate,United States,Virginia,South,Office Supplies,Paper,140.98,7,0.0,52.33
3486,US-2023-01414,04/14/2023,04/15/2023,Same Day,CU-0313,Maya Patel,Corporate,United States,Virginia,South,Furniture,Furnishings,61.59,1,0.0,6.95
3487,US-2023-01414,04/14/2023,04/14/2023,Same Day,CU-0313,Maya Patel,Corporate,United States,Virginia,South,Office Supplies,Storage,368.21,5,0.2,1.7
3488,US-2025-01415,03/19/2025,03/25/2025,Standard Class,CU-0627,Ravi Patel,Corporate,United States,Virginia,South,Technology,Machines,2541.88,5,0.2,-458.18
3489,US-2025-01416,01/21/2025,01/26/2025,Standard Class,CU-0387,Liam Lee,Corporate,United States,Florida,South,Office Supplies,Labels,27.73,2,0.0,9.14
3490,US-2025-01416,01/21/2025,01/26/2025,Standard Class,CU-0387,Liam Lee,Corporate,United States,Florida,South,Office Supplies,Art,96.42,6,0.1,7.66
3491,US-2024-01417,09/09/2024,09/14/2024,Standard Class,CU-0521,Sara Brown,Consumer,United States,Texas,Central,Office Supplies,Art,32.35,3,0.4,1.74
3492,US-2024-01417,09/09/2024,09/14/2024,Standard Class,CU-0521,Sara Brown,Consumer,United States,Texas,Central,Furniture,Bookcases,948.25,5,0.4,-139.12
3493,US-2024-01417,09/09/2024,09/14/2024,Standard Class,CU-0521,Sara Brown,Consumer,United States,Texas,Central,Technology,Copiers,2331.4,2,0.0,688.54
3494,US-2024-01417,09/09/2024,09/15/2024,Standard Class,CU-0521,Sara Brown,Consumer,United States,Texas,Central,Furniture,Chairs,1756.98,7,0.0,247.03
3495,US-2022-01418,03/31/2022,04/06/2022,Standard Class,CU-0143,Ethan Wilson,Consumer,United States,Washington,West,Furniture,Chairs,1110.8,5,0.3,-60.94
3496,US-2022-01418,03/31/2022,04/06/2022,Standard Class,CU-0143,Ethan Wilson,Consumer,United States,Washington,West,Office Supplies,Binders,86.8,4,0.2,16.24
3497,US-2022-01418,03/31/2022,04/05/2022,Standard Class,CU-0143,Ethan Wilson,Consumer,United States,Washington,West,Technology,Machines,290.85,1,0.5,-58.9
3498,US-2024-01419,09/17/2024,09/23/2024,Standard Class,CU-0548,Aarav Garcia,Corporate,United States,Texas,Central,Office Supplies,Binders,68.54,3,0.0,17.29
3499,US-2024-01419,09/17/2024,09/22/2024,Standard Class,CU-0548,Aarav Garcia,Corporate,United States,Texas,Central,Technology,Accessories,101.32,2,0.0,34.01
3500,US-2024-01419,09/17/2024,09/23/2024,Standard Class,CU-0548,Aarav Garcia,Corporate,United States,Texas,Central,Furniture,Furnishings,47.64,1,0.1,6.07
3501,US-2024-01419,09/17/2024,09/22/2024,Standard Class,CU-0548,Aarav Garcia,Corporate,United States,Texas,Central,Office Supplies,Paper,68.52,7,0.5,10.23
3502,US-2025-01420,08/18/2025,08/22/2025,Second Class,CU-0097,Noah Garcia,Home Office,United States,Ohio,East,Furniture,Tables,1919.36,4,0.0,-350.54
3503,US-2025-01420,08/18/2025,08/22/2025,Second Class,CU-0097,Noah Garcia,Home Office,United States,Ohio,East,Furniture,Furnishings,107.67,4,0.5,-10.21
3504,US-2025-01420,08/18/2025,08/22/2025,Second Class,CU-0097,Noah Garcia,Home Office,United States,Ohio,East,Furniture,Furnishings,418.33,6,0.0,33.57
3505,US-2025-01420,08/18/2025,08/22/2025,Second Class,CU-0097,Noah Garcia,Home Office,United States,Ohio,East,Furniture,Bookcases,2547.9,7,0.0,-149.1
3506,US-2025-01421,07/20/2025,07/23/2025,First Class,CU-0641,Liam Khan,Home Office,United States,Illinois,Central,Furniture,Chairs,271.19,1,0.1,5.71
3507,US-2025-01421,07/20/2025,07/23/2025,First Class,CU-0641,Liam Khan,Home Office,United States,Illinois,Central,Technology,Phones,1306.62,6,0.2,107.82
3508,US-2025-01422,12/12/2025,12/17/2025,Standard Class,CU-0561,Zoe Smith,Consumer,United States,New York,East,Technology,Phones,1905.77,7,0.0,248.81
3509,US-2025-01422,12/12/2025,12/17/2025,Standard Class,CU-0561,Zoe Smith,Consumer,United States,New York,East,Furniture,Tables,3139.54,7,0.0,-219.47
3510,US-2025-01422,12/12/2025,12/17/2025,Standard Class,CU-0561,Zoe Smith,Consumer,United States,New York,East,Office Supplies,Storage,449.17,4,0.0,27.45
3511,US-2023-01423,09/19/2023,09/25/2023,Standard Class,CU-0348,Ethan Garcia,Corporate,United States,Pennsylvania,East,Technology,Machines,467.54,2,0.5,-133.09
3512,US-2022-01424,09/15/2022,09/20/2022,Standard Class,CU-0376,Ethan Wilson,Corporate,United States,Florida,South,Furniture,Furnishings,219.13,4,0.2,6.17
3513,US-2025-01425,09/18/2025,09/23/2025,Standard Class,CU-0532,Aarav Davis,Consumer,United States,New York,East,Technology,Copiers,551.44,1,0.3,88.53
3514,US-2025-01426,08/19/2025,08/25/2025,Standard Class,CU-0421,Sara Clark,Corporate,United States,Pennsylvania,East,Office Supplies,Labels,20.38,2,0.3,4.08
3515,US-2025-01426,08/19/2025,08/25/2025,Standard Class,CU-0421,Sara Clark,Corporate,United States,Pennsylvania,East,Furniture,Tables,2870.14,6,0.0,-88.3
3516,US-2025-01426,08/19/2025,08/25/2025,Standard Class,CU-0421,Sara Clark,Corporate,United States,Pennsylvania,East,Technology,Machines,513.63,2,0.4,-72.43
3517,US-2024-01427,02/13/2024,02/16/2024,Second Class,CU-0419,Olivia Smith,Consumer,United States,Texas,Central,Furniture,Bookcases,1535.48,7,0.2,-233.94
3518,US-2024-01427,02/13/2024,02/17/2024,Second Class,CU-0419,Olivia Smith,Consumer,United States,Texas,Central,Furniture,Chairs,1114.29,4,0.0,59.9
3519,US-2024-01427,02/13/2024,02/16/2024,Second Class,CU-0419,Olivia Smith,Consumer,United States,Texas,Central,Furniture,Furnishings,125.03,4,0.4,-12.94
3520,US-2024-01427,02/13/2024,02/17/2024,Second Class,CU-0419,Olivia Smith,Consumer,United States,Texas,Central,Technology,Machines,2329.35,4,0.0,144.84
3521,US-2022-01428,02/07/2022,02/13/2022,Standard Class,CU-0227,Noah Clark,Home Office,United States,California,West,Office Supplies,Labels,43.06,3,0.0,18.68
3522,US-2022-01428,02/07/2022,02/12/2022,Standard Class,CU-0227,Noah Clark,Home Office,United States,California,West,Furniture,Furnishings,63.88,1,0.0,14.07
3523,US-2024-01429,05/21/2024,05/26/2024,Standard Class,CU-0083,Priya Garcia,Home Office,United States,Oregon,West,Technology,Copiers,2091.51,3,0.2,488.77
3524,US-2024-01429,05/21/2024,05/26/2024,Standard Class,CU-0083,Priya Garcia,Home Office,United States,Oregon,West,Office Supplies,Storage,93.88,1,0.0,15.25
3525,US-2024-01429,05/21/2024,05/27/2024,Standard Class,CU-0083,Priya Garcia,Home Office,United States,Oregon,West,Furniture,Tables,1552.09,5,0.3,-452.5
3526,US-2022-01430,06/16/2022,06/21/2022,Standard Class,CU-0332,Emma Khan,Corporate,United States,Virginia,South,Office Supplies,Storage,204.29,5,0.5,-33.89
3527,US-2023-01431,03/05/2023,03/09/2023,Second Class,CU-0049,Zoe Wilson,Consumer,United States,Texas,Central,Office Supplies,Labels,9.96,1,0.0,4.43
3528,US-2023-01431,03/05/2023,03/08/2023,Second Class,CU-0049,Zoe Wilson,Consumer,United States,Texas,Central,Technology,Copiers,803.23,1,0.0,319.36
3529,US-2025-01432,02/20/2025,02/26/2025,Standard Class,CU-0444,Liam Garcia,Home Office,United States,Illinois,Central,Furniture,Furnishings,383.51,7,0.1,68.33
3530,US-2025-01432,02/20/2025,02/26/2025,Standard Class,CU-0444,Liam Garcia,Home Office,United States,Illinois,Central,Office Supplies,Paper,100.83,7,0.3,22.32
3531,US-2025-01432,02/20/2025,02/25/2025,Standard Class,CU-0444,Liam Garcia,Home Office,United States,Illinois,Central,Furniture,Tables,1516.04,4,0.0,-247.14
3532,US-2025-01432,02/20/2025,02/26/2025,Standard Class,CU-0444,Liam Garcia,Home Office,United States,Illinois,Central,Furniture,Tables,1110.27,3,0.0,-102.87
3533,US-2023-01433,03/11/2023,03/17/2023,Standard Class,CU-0572,Ravi Miller,Home Office,United States,California,West,Furniture,Furnishings,360.94,7,0.0,40.09
3534,US-2025-01434,06/13/2025,06/19/2025,Standard Class,CU-0499,Liam Garcia,Corporate,United States,Michigan,Central,Furniture,Bookcases,400.86,3,0.5,-135.96
3535,US-2025-01434,06/13/2025,06/19/2025,Standard Class,CU-0499,Liam Garcia,Corporate,United States,Michigan,Central,Office Supplies,Labels,59.48,4,0.0,26.71
3536,US-2025-01434,06/13/2025,06/19/2025,Standard Class,CU-0499,Liam Garcia,Corporate,United States,Michigan,Central,Office Supplies,Paper,22.89,1,0.0,7.78
3537,US-2025-01435,10/18/2025,10/21/2025,Second Class,CU-0330,Sara Brown,Home Office,United States,Ohio,East,Technology,Copiers,6270.1,6,0.0,2149.94
3538,US-2025-01435,10/18/2025,10/22/2025,Second Class,CU-0330,Sara Brown,Home Office,United States,Ohio,East,Furniture,Tables,2475.31,6,0.0,-417.54
3539,US-2025-01435,10/18/2025,10/22/2025,Second Class,CU-0330,Sara Brown,Home Office,United States,Ohio,East,Furniture,Chairs,1689.2,6,0.0,297.64
3540,US-2024-01436,08/30/2024,09/04/2024,Standard Class,CU-0282,Aarav Smith,Consumer,United States,Virginia,South,Furniture,Tables,2477.92,7,0.3,-516.05
3541,US-2024-01436,08/30/2024,09/04/2024,Standard Class,CU-0282,Aarav Smith,Consumer,United States,Virginia,South,Technology,Phones,606.92,2,0.2,8.16
3542,US-2024-01436,08/30/2024,09/05/2024,Standard Class,CU-0282,Aarav Smith,Consumer,United States,Virginia,South,Technology,Machines,829.77,4,0.5,-215.85
3543,US-2023-01437,09/25/2023,09/30/2023,Standard Class,CU-0338,Priya Brown,Consumer,United States,Ohio,East,Furniture,Chairs,1029.72,5,0.1,74.91
3544,US-2023-01437,09/25/2023,09/30/2023,Standard Class,CU-0338,Priya Brown,Consumer,United States,Ohio,East,Technology,Machines,431.6,1,0.2,-30.78
3545,US-2023-01437,09/25/2023,09/30/2023,Standard Class,CU-0338,Priya Brown,Consumer,United States,Ohio,East,Technology,Copiers,836.56,1,0.1,291.06
3546,US-2023-01437,09/25/2023,10/01/2023,Standard Class,CU-0338,Priya Brown,Consumer,United States,Ohio,East,Furniture,Tables,1856.94,7,0.4,-594.59
3547,US-2023-01438,09/10/2023,09/15/2023,Standard Class,CU-0153,Maya Miller,Home Office,United States,New York,East,Office Supplies,Binders,128.8,4,0.0,28.74
3548,US-2023-01439,04/09/2023,04/12/2023,First Class,CU-0591,Liam Lee,Corporate,United States,Michigan,Central,Furniture,Chairs,1569.54,5,0.0,96.87
3549,US-2023-01439,04/09/2023,04/12/2023,First Class,CU-0591,Liam Lee,Corporate,United States,Michigan,Central,Furniture,Tables,1116.39,4,0.4,-296.46
3550,US-2023-01439,04/09/2023,04/11/2023,First Class,CU-0591,Liam Lee,Corporate,United States,Michigan,Central,Office Supplies,Paper,122.66,5,0.0,58.27
3551,US-2023-01439,04/09/2023,04/12/2023,First Class,CU-0591,Liam Lee,Corporate,United States,Michigan,Central,Furniture,Furnishings,103.11,2,0.0,16.35
3552,US-2023-01440,04/28/2023,05/02/2023,Second Class,CU-0410,Zoe Patel,Consumer,United States,California,West,Furniture,Chairs,840.14,3,0.0,153.92
3553,US-2024-01441,11/30/2024,12/03/2024,Second Class,CU-0251,Zoe Patel,Consumer,United States,Ohio,East,Technology,Accessories,40.83,1,0.0,8.14
3554,US-2022-01442,07/08/2022,07/13/2022,Standard Class,CU-0097,Noah Garcia,Home Office,United States,Florida,South,Technology,Phones,1399.56,4,0.0,182.16
3555,US-2022-01442,07/08/2022,07/14/2022,Standard Class,CU-0097,Noah Garcia,Home Office,United States,Florida,South,Furniture,Chairs,423.63,2,0.1,-2.53
3556,US-2024-01443,08/27/2024,09/01/2024,Standard Class,CU-0268,Sara Khan,Home Office,United States,Illinois,Central,Office Supplies,Binders,10.0,1,0.5,0.18
3557,US-2022-01444,07/22/2022,07/24/2022,First Class,CU-0210,Liam Khan,Corporate,United States,California,West,Technology,Machines,1055.56,3,0.2,-126.73
3558,US-2022-01444,07/22/2022,07/24/2022,First Class,CU-0210,Liam Khan,Corporate,United States,California,West,Technology,Copiers,1859.62,3,0.4,274.93
3559,US-2022-01444,07/22/2022,07/25/2022,First Class,CU-0210,Liam Khan,Corporate,United States,California,West,Technology,Phones,366.42,1,0.0,52.99
3560,US-2022-01444,07/22/2022,07/24/2022,First Class,CU-0210,Liam Khan,Corporate,United States,California,West,Furniture,Chairs,1487.04,5,0.0,65.23
3561,US-2024-01445,04/02/2024,04/05/2024,Second Class,CU-0242,Maya Davis,Consumer,United States,Texas,Central,Furniture,Tables,377.55,1,0.0,-15.99
3562,US-2025-01446,07/12/2025,07/15/2025,First Class,CU-0502,Sara Khan,Consumer,United States,New York,East,Technology,Phones,1106.52,3,0.0,115.26
3563,US-2025-01446,07/12/2025,07/15/2025,First Class,CU-0502,Sara Khan,Consumer,United States,New York,East,Technology,Accessories,226.31,4,0.0,59.81
3564,US-2025-01446,07/12/2025,07/14/2025,First Class,CU-0502,Sara Khan,Consumer,United States,New York,East,Furniture,Bookcases,930.83,4,0.3,-165.86
3565,US-2025-01446,07/12/2025,07/15/2025,First Class,CU-0502,Sara Khan,Consumer,United States,New York,East,Office Supplies,Labels,33.4,3,0.0,10.47
3566,US-2025-01447,09/27/2025,09/29/2025,First Class,CU-0333,Noah Lee,Home Office,United States,Illinois,Central,Furniture,Bookcases,1519.02,6,0.3,-333.53
3567,US-2025-01447,09/27/2025,09/29/2025,First Class,CU-0333,Noah Lee,Home Office,United States,Illinois,Central,Office Supplies,Storage,147.7,2,0.0,14.16
3568,US-2025-01447,09/27/2025,09/29/2025,First Class,CU-0333,Noah Lee,Home Office,United States,Illinois,Central,Technology,Machines,1415.68,4,0.4,-303.75
3569,US-2025-01448,08/12/2025,08/17/2025,Standard Class,CU-0681,Sara Wilson,Home Office,United States,Texas,Central,Office Supplies,Storage,317.77,4,0.0,36.71
3570,US-2025-01448,08/12/2025,08/17/2025,Standard Class,CU-0681,Sara Wilson,Home Office,United States,Texas,Central,Furniture,Furnishings,75.49,2,0.5,-14.61
3571,US-2022-01449,04/25/2022,04/28/2022,Second Class,CU-0046,Sara Miller,Consumer,United States,Oregon,West,Technology,Copiers,2413.3,4,0.4,425.25
3572,US-2022-01449,04/25/2022,04/29/2022,Second Class,CU-0046,Sara Miller,Consumer,United States,Oregon,West,Furniture,Furnishings,99.0,2,0.0,19.1
3573,US-2022-01449,04/25/2022,04/28/2022,Second Class,CU-0046,Sara Miller,Consumer,United States,Oregon,West,Furniture,Bookcases,852.1,3,0.0,87.75
3574,US-2022-01449,04/25/2022,04/29/2022,Second Class,CU-0046,Sara Miller,Consumer,United States,Oregon,West,Technology,Machines,1822.04,4,0.0,94.7
3575,US-2022-01450,05/11/2022,05/14/2022,Second Class,CU-0361,Zoe Clark,Home Office,United States,California,West,Technology,Accessories,20.87,1,0.5,0.78
3576,US-2022-01450,05/11/2022,05/15/2022,Second Class,CU-0361,Zoe Clark,Home Office,United States,California,West,Office Supplies,Paper,126.68,5,0.0,44.21
3577,US-2022-01451,03/17/2022,03/20/2022,First Class,CU-0325,Emma Garcia,Consumer,United States,New York,East,Technology,Machines,1667.46,3,0.0,103.09
3578,US-2023-01452,04/04/2023,04/08/2023,Second Class,CU-0538,Maya Miller,Home Office,United States,Florida,South,Technology,Phones,2599.44,7,0.0,295.77
3579,US-2022-01453,06/08/2022,06/13/2022,Standard Class,CU-0475,Olivia Miller,Consumer,United States,Texas,Central,Office Supplies,Binders,100.6,4,0.0,15.7
3580,US-2022-01453,06/08/2022,06/14/2022,Standard Class,CU-0475,Olivia Miller,Consumer,United States,Texas,Central,Technology,Phones,1528.91,5,0.0,255.06
3581,US-2022-01453,06/08/2022,06/14/2022,Standard Class,CU-0475,Olivia Miller,Consumer,United States,Texas,Central,Furniture,Furnishings,331.42,6,0.0,63.37
3582,US-2023-01454,01/01/2023,01/05/2023,Second Class,CU-0645,Ethan Clark,Consumer,United States,Virginia,South,Furniture,Bookcases,814.73,4,0.3,-169.12
3583,US-2023-01454,01/01/2023,01/05/2023,Second Class,CU-0645,Ethan Clark,Consumer,United States,Virginia,South,Technology,Accessories,397.55,7,0.0,122.28
3584,US-2023-01454,01/01/2023,01/04/2023,Second Class,CU-0645,Ethan Clark,Consumer,United States,Virginia,South,Office Supplies,Art,74.35,4,0.0,15.48
3585,US-2024-01455,01/08/2024,01/13/2024,Standard Class,CU-0483,Zoe Clark,Home Office,United States,California,West,Furniture,Bookcases,1865.92,5,0.0,32.66
3586,US-2024-01455,01/08/2024,01/13/2024,Standard Class,CU-0483,Zoe Clark,Home Office,United States,California,West,Furniture,Tables,2257.48,6,0.0,-191.72
3587,US-2023-01456,08/22/2023,08/26/2023,Second Class,CU-0054,Priya Clark,Corporate,United States,Georgia,South,Office Supplies,Paper,100.23,6,0.1,27.69
3588,US-2023-01456,08/22/2023,08/26/2023,Second Class,CU-0054,Priya Clark,Corporate,United States,Georgia,South,Technology,Phones,191.86,1,0.4,-19.76
3589,US-2024-01457,02/24/2024,02/26/2024,First Class,CU-0581,Emma Davis,Corporate,United States,Texas,Central,Office Supplies,Labels,16.84,2,0.4,2.2
3590,US-2024-01457,02/24/2024,02/27/2024,First Class,CU-0581,Emma Davis,Corporate,United States,Texas,Central,Technology,Machines,3263.29,6,0.0,271.58
3591,US-2024-01458,02/10/2024,02/15/2024,Standard Class,CU-0424,Aarav Lee,Consumer,United States,Michigan,Central,Furniture,Furnishings,99.6,2,0.3,-0.96
3592,US-2024-01458,02/10/2024,02/16/2024,Standard Class,CU-0424,Aarav Lee,Consumer,United States,Michigan,Central,Office Supplies,Paper,87.0,4,0.1,19.38
3593,US-2024-01458,02/10/2024,02/15/2024,Standard Class,CU-0424,Aarav Lee,Consumer,United States,Michigan,Central,Office Supplies,Paper,84.54,6,0.4,16.48
3594,US-2022-01459,02/28/2022,03/06/2022,Standard Class,CU-0047,Liam Garcia,Home Office,United States,Oregon,West,Furniture,Chairs,159.62,1,0.4,-34.59
3595,US-2022-01459,02/28/2022,03/06/2022,Standard Class,CU-0047,Liam Garcia,Home Office,United States,Oregon,West,Technology,Machines,3857.32,7,0.0,-7.6
3596,US-2022-01459,02/28/2022,03/05/2022,Standard Class,CU-0047,Liam Garcia,Home Office,United States,Oregon,West,Office Supplies,Labels,41.93,4,0.3,10.8
3597,US-2023-01460,02/16/2023,02/21/2023,Standard Class,CU-0449,John Clark,Home Office,United States,Ohio,East,Technology,Accessories,143.73,7,0.5,-0.93
3598,US-2025-01461,05/16/2025,05/21/2025,Standard Class,CU-0501,Noah Brown,Consumer,United States,Ohio,East,Technology,Machines,1807.99,6,0.3,-71.77
3599,US-2023-01462,05/31/2023,06/05/2023,Standard Class,CU-0259,Ethan Clark,Corporate,United States,California,West,Furniture,Furnishings,356.52,7,0.0,51.15
3600,US-2023-01462,05/31/2023,06/06/2023,Standard Class,CU-0259,Ethan Clark,Corporate,United States,California,West,Technology,Machines,1963.13,5,0.3,-22.98
3601,US-2025-01463,07/08/2025,07/10/2025,First Class,CU-0101,Liam Wilson,Consumer,United States,Oregon,West,Furniture,Furnishings,45.09,1,0.3,-1.47
3602,US-2025-01463,07/08/2025,07/11/2025,First Class,CU-0101,Liam Wilson,Consumer,United States,Oregon,West,Technology,Accessories,215.26,7,0.3,7.44
3603,US-2025-01463,07/08/2025,07/10/2025,First Class,CU-0101,Liam Wilson,Consumer,United States,Oregon,West,Office Supplies,Storage,253.57,4,0.3,-14.41
3604,US-2025-01463,07/08/2025,07/11/2025,First Class,CU-0101,Liam Wilson,Consumer,United States,Oregon,West,Office Supplies,Paper,26.91,2,0.4,2.18
3605,US-2022-01464,11/27/2022,12/01/2022,Second Class,CU-0560,Emma Clark,Corporate,United States,Oregon,West,Furniture,Furnishings,412.88,6,0.0,67.45
3606,US-2022-01464,11/27/2022,11/30/2022,Second Class,CU-0560,Emma Clark,Corporate,United States,Oregon,West,Office Supplies,Binders,206.9,7,0.0,55.19
3607,US-2022-01464,11/27/2022,11/30/2022,Second Class,CU-0560,Emma Clark,Corporate,United States,Oregon,West,Technology,Copiers,4184.77,6,0.2,848.08
3608,US-2022-01465,05/09/2022,05/13/2022,Second Class,CU-0473,Olivia Garcia,Home Office,United States,Texas,Central,Furniture,Tables,2361.59,7,0.3,-558.37
3609,US-2022-01465,05/09/2022,05/13/2022,Second Class,CU-0473,Olivia Garcia,Home Office,United States,Texas,Central,Office Supplies,Paper,98.26,7,0.3,25.48
3610,US-2025-01466,09/08/2025,09/14/2025,Standard Class,CU-0165,Priya Miller,Consumer,United States,Washington,West,Furniture,Furnishings,79.2,3,0.5,-11.14
3611,US-2025-01466,09/08/2025,09/14/2025,Standard Class,CU-0165,Priya Miller,Consumer,United States,Washington,West,Office Supplies,Binders,141.88,6,0.2,29.13
3612,US-2024-01467,05/03/2024,05/06/2024,Second Class,CU-0522,Zoe Khan,Corporate,United States,Washington,West,Furniture,Furnishings,423.7,6,0.0,50.96
3613,US-2023-01468,10/04/2023,10/07/2023,Second Class,CU-0011,Emma Brown,Consumer,United States,Texas,Central,Office Supplies,Labels,13.35,2,0.4,1.16
3614,US-2023-01468,10/04/2023,10/07/2023,Second Class,CU-0011,Emma Brown,Consumer,United States,Texas,Central,Furniture,Bookcases,629.54,3,0.4,-104.89
3615,US-2025-01469,06/08/2025,06/11/2025,Second Class,CU-0612,Aarav Garcia,Consumer,United States,Illinois,Central,Office Supplies,Binders,118.5,4,0.0,30.14
3616,US-2025-01469,06/08/2025,06/12/2025,Second Class,CU-0612,Aarav Garcia,Consumer,United States,Illinois,Central,Office Supplies,Art,103.03,6,0.1,14.0
3617,US-2025-01469,06/08/2025,06/11/2025,Second Class,CU-0612,Aarav Garcia,Consumer,United States,Illinois,Central,Technology,Accessories,162.33,4,0.2,12.6
3618,US-2025-01470,05/12/2025,05/17/2025,Standard Class,CU-0037,Emma Davis,Consumer,United States,Washington,West,Technology,Phones,470.08,3,0.5,-56.61
3619,US-2025-01470,05/12/2025,05/17/2025,Standard Class,CU-0037,Emma Davis,Consumer,United States,Washington,West,Office Supplies,Paper,38.06,2,0.2,11.52
3620,US-2025-01470,05/12/2025,05/17/2025,Standard Class,CU-0037,Emma Davis,Consumer,United States,Washington,West,Technology,Accessories,60.67,1,0.0,11.78
3621,US-2025-01470,05/12/2025,05/17/2025,Standard Class,CU-0037,Emma Davis,Consumer,United States,Washington,West,Technology,Machines,3628.75,6,0.0,53.02
3622,US-2025-01471,04/25/2025,05/01/2025,Standard Class,CU-0688,Noah Patel,Home Office,United States,Texas,Central,Furniture,Chairs,262.04,1,0.0,22.31
3623,US-2025-01471,04/25/2025,05/01/2025,Standard Class,CU-0688,Noah Patel,Home Office,United States,Texas,Central,Office Supplies,Art,24.26,2,0.0,5.21
3624,US-2023-01472,08/04/2023,08/08/2023,Second Class,CU-0453,Liam Patel,Consumer,United States,Michigan,Central,Office Supplies,Paper,46.31,5,0.5,8.35
3625,US-2023-01472,08/04/2023,08/07/2023,Second Class,CU-0453,Liam Patel,Consumer,United States,Michigan,Central,Technology,Machines,2636.96,5,0.0,50.74
3626,US-2023-01472,08/04/2023,08/08/2023,Second Class,CU-0453,Liam Patel,Consumer,United States,Michigan,Central,Furniture,Furnishings,295.92,4,0.0,62.53
3627,US-2023-01472,08/04/2023,08/07/2023,Second Class,CU-0453,Liam Patel,Consumer,United States,Michigan,Central,Furniture,Tables,1637.5,4,0.0,0.52
3628,US-2024-01473,04/22/2024,04/27/2024,Standard Class,CU-0252,Zoe Khan,Corporate,United States,Oregon,West,Technology,Accessories,144.35,4,0.1,40.71
3629,US-2023-01474,10/01/2023,10/04/2023,First Class,CU-0263,Aarav Miller,Corporate,United States,Oregon,West,Furniture,Tables,306.01,1,0.2,-84.62
3630,US-2023-01474,10/01/2023,10/04/2023,First Class,CU-0263,Aarav Miller,Corporate,United States,Oregon,West,Office Supplies,Paper,79.45,4,0.0,26.47
3631,US-2023-01474,10/01/2023,10/04/2023,First Class,CU-0263,Aarav Miller,Corporate,United States,Oregon,West,Furniture,Tables,1228.67,6,0.5,-438.35
3632,US-2025-01475,12/20/2025,12/26/2025,Standard Class,CU-0695,Sara Miller,Consumer,United States,Florida,South,Technology,Phones,1443.69,4,0.0,253.5
3633,US-2025-01475,12/20/2025,12/25/2025,Standard Class,CU-0695,Sara Miller,Consumer,United States,Florida,South,Office Supplies,Storage,634.72,6,0.0,35.66
3634,US-2023-01476,05/05/2023,05/08/2023,Second Class,CU-0365,Ethan Lee,Consumer,United States,Virginia,South,Office Supplies,Storage,384.6,6,0.3,-71.24
3635,US-2023-01476,05/05/2023,05/08/2023,Second Class,CU-0365,Ethan Lee,Consumer,United States,Virginia,South,Technology,Copiers,6827.82,7,0.1,1835.87
3636,US-2023-01477,04/29/2023,05/02/2023,Second Class,CU-0353,Emma Davis,Corporate,United States,Pennsylvania,East,Technology,Accessories,285.26,6,0.0,62.84
3637,US-2024-01478,04/21/2024,04/26/2024,Standard Class,CU-0437,Liam Wilson,Corporate,United States,Michigan,Central,Office Supplies,Storage,375.91,6,0.2,-4.17
3638,US-2024-01478,04/21/2024,04/27/2024,Standard Class,CU-0437,Liam Wilson,Corporate,United States,Michigan,Central,Office Supplies,Storage,553.07,7,0.0,87.37
3639,US-2024-01478,04/21/2024,04/27/2024,Standard Class,CU-0437,Liam Wilson,Corporate,United States,Michigan,Central,Technology,Copiers,4073.14,4,0.0,880.39
3640,US-2023-01479,12/31/2023,01/05/2024,Standard Class,CU-0544,Maya Khan,Home Office,United States,Michigan,Central,Office Supplies,Labels,10.34,1,0.1,4.2
3641,US-2024-01480,07/11/2024,07/16/2024,Standard Class,CU-0497,Maya Khan,Consumer,United States,Texas,Central,Technology,Accessories,167.1,4,0.0,59.56
3642,US-2024-01480,07/11/2024,07/17/2024,Standard Class,CU-0497,Maya Khan,Consumer,United States,Texas,Central,Technology,Phones,208.78,1,0.3,-15.86
3643,US-2024-01480,07/11/2024,07/16/2024,Standard Class,CU-0497,Maya Khan,Consumer,United States,Texas,Central,Technology,Copiers,4642.22,5,0.0,1272.34
3644,US-2024-01480,07/11/2024,07/16/2024,Standard Class,CU-0497,Maya Khan,Consumer,United States,Texas,Central,Office Supplies,Art,66.44,5,0.0,10.3
3645,US-2024-01481,03/28/2024,03/31/2024,First Class,CU-0373,Zoe Khan,Home Office,United States,Texas,Central,Furniture,Chairs,1153.93,6,0.1,96.35
3646,US-2024-01481,03/28/2024,03/30/2024,First Class,CU-0373,Zoe Khan,Home Office,United States,Texas,Central,Office Supplies,Paper,143.67,7,0.2,42.52
3647,US-2024-01481,03/28/2024,03/31/2024,First Class,CU-0373,Zoe Khan,Home Office,United States,Texas,Central,Furniture,Tables,262.44,1,0.3,-62.01
3648,US-2025-01482,02/16/2025,02/22/2025,Standard Class,CU-0648,Sara Wilson,Consumer,United States,Illinois,Central,Office Supplies,Binders,61.11,3,0.1,8.92
3649,US-2025-01482,02/16/2025,02/21/2025,Standard Class,CU-0648,Sara Wilson,Consumer,United States,Illinois,Central,Technology,Accessories,153.47,3,0.0,34.0
3650,US-2025-01482,02/16/2025,02/21/2025,Standard Class,CU-0648,Sara Wilson,Consumer,United States,Illinois,Central,Office Supplies,Art,78.22,7,0.3,10.18
3651,US-2025-01482,02/16/2025,02/21/2025,Standard Class,CU-0648,Sara Wilson,Consumer,United States,Illinois,Central,Furniture,Tables,1095.61,4,0.3,-226.39
3652,US-2025-01483,11/29/2025,12/05/2025,Standard Class,CU-0349,Ravi Patel,Consumer,United States,New York,East,Technology,Phones,1111.83,4,0.0,160.9
3653,US-2025-01483,11/29/2025,12/04/2025,Standard Class,CU-0349,Ravi Patel,Consumer,United States,New York,East,Office Supplies,Binders,138.46,5,0.0,25.93
3654,US-2025-01483,11/29/2025,12/05/2025,Standard Class,CU-0349,Ravi Patel,Consumer,United States,New York,East,Furniture,Chairs,200.74,2,0.5,-39.9
3655,US-2023-01484,05/14/2023,05/20/2023,Standard Class,CU-0501,Noah Brown,Consumer,United States,Illinois,Central,Furniture,Bookcases,1585.55,6,0.2,-135.33
3656,US-2023-01484,05/14/2023,05/19/2023,Standard Class,CU-0501,Noah Brown,Consumer,United States,Illinois,Central,Furniture,Chairs,919.53,4,0.0,142.49
3657,US-2023-01485,11/10/2023,11/16/2023,Standard Class,CU-0514,Olivia Garcia,Consumer,United States,California,West,Furniture,Furnishings,146.28,5,0.5,-6.85
3658,US-2025-01486,11/05/2025,11/08/2025,First Class,CU-0245,Zoe Davis,Consumer,United States,Ohio,East,Furniture,Tables,1390.87,4,0.3,-365.73
3659,US-2024-01487,07/28/2024,08/02/2024,Standard Class,CU-0463,Noah Lee,Home Office,United States,Michigan,Central,Furniture,Furnishings,279.47,4,0.0,56.8
3660,US-2022-01488,10/02/2022,10/02/2022,Same Day,CU-0467,Aarav Brown,Home Office,United States,Washington,West,Office Supplies,Paper,129.3,6,0.0,44.36
3661,US-2022-01488,10/02/2022,10/02/2022,Same Day,CU-0467,Aarav Brown,Home Office,United States,Washington,West,Technology,Phones,1756.53,7,0.3,-18.71
3662,US-2022-01488,10/02/2022,10/02/2022,Same Day,CU-0467,Aarav Brown,Home Office,United States,Washington,West,Technology,Phones,751.29,2,0.0,115.42
3663,US-2022-01488,10/02/2022,10/03/2022,Same Day,CU-0467,Aarav Brown,Home Office,United States,Washington,West,Office Supplies,Storage,206.91,5,0.5,-44.45
3664,US-2024-01489,09/29/2024,10/03/2024,Second Class,CU-0011,Emma Brown,Consumer,United States,Michigan,Central,Technology,Copiers,4381.7,5,0.2,700.58
3665,US-2024-01489,09/29/2024,10/02/2024,Second Class,CU-0011,Emma Brown,Consumer,United States,Michigan,Central,Office Supplies,Binders,67.64,4,0.3,3.38
3666,US-2024-01489,09/29/2024,10/02/2024,Second Class,CU-0011,Emma Brown,Consumer,United States,Michigan,Central,Technology,Phones,437.5,2,0.4,-48.09
3667,US-2025-01490,10/11/2025,10/17/2025,Standard Class,CU-0138,John Brown,Consumer,United States,Georgia,South,Office Supplies,Paper,43.2,3,0.3,10.42
3668,US-2025-01490,10/11/2025,10/17/2025,Standard Class,CU-0138,John Brown,Consumer,United States,Georgia,South,Technology,Accessories,229.36,6,0.4,0.79
3669,US-2025-01490,10/11/2025,10/17/2025,Standard Class,CU-0138,John Brown,Consumer,United States,Georgia,South,Office Supplies,Labels,20.93,3,0.4,2.09
3670,US-2025-01490,10/11/2025,10/16/2025,Standard Class,CU-0138,John Brown,Consumer,United States,Georgia,South,Furniture,Tables,2840.16,7,0.0,-78.89
3671,US-2025-01491,11/07/2025,11/13/2025,Standard Class,CU-0254,Ravi Patel,Corporate,United States,California,West,Office Supplies,Art,17.48,2,0.3,0.5
3672,US-2025-01491,11/07/2025,11/13/2025,Standard Class,CU-0254,Ravi Patel,Corporate,United States,California,West,Office Supplies,Storage,184.1,3,0.2,-1.07
3673,US-2025-01491,11/07/2025,11/12/2025,Standard Class,CU-0254,Ravi Patel,Corporate,United States,California,West,Office Supplies,Storage,232.18,3,0.1,23.98
3674,US-2023-01492,08/20/2023,08/26/2023,Standard Class,CU-0347,Emma Wilson,Home Office,United States,California,West,Furniture,Tables,2213.69,6,0.1,-150.04
3675,US-2023-01492,08/20/2023,08/25/2023,Standard Class,CU-0347,Emma Wilson,Home Office,United States,California,West,Office Supplies,Paper,85.43,5,0.1,28.27
3676,US-2023-01492,08/20/2023,08/26/2023,Standard Class,CU-0347,Emma Wilson,Home Office,United States,California,West,Office Supplies,Paper,25.14,1,0.0,11.26
3677,US-2023-01492,08/20/2023,08/26/2023,Standard Class,CU-0347,Emma Wilson,Home Office,United States,California,West,Technology,Machines,3098.31,7,0.0,130.72
3678,US-2025-01493,09/24/2025,09/27/2025,Second Class,CU-0169,Sara Garcia,Corporate,United States,California,West,Office Supplies,Storage,353.81,4,0.0,48.58
3679,US-2025-01493,09/24/2025,09/28/2025,Second Class,CU-0169,Sara Garcia,Corporate,United States,California,West,Office Supplies,Labels,19.82,4,0.5,3.07
3680,US-2025-01493,09/24/2025,09/27/2025,Second Class,CU-0169,Sara Garcia,Corporate,United States,California,West,Office Supplies,Storage,566.0,6,0.0,76.73
3681,US-2025-01493,09/24/2025,09/27/2025,Second Class,CU-0169,Sara Garcia,Corporate,United States,California,West,Furniture,Furnishings,148.05,5,0.4,-13.54
3682,US-2024-01494,10/09/2024,10/13/2024,Second Class,CU-0143,Ethan Wilson,Consumer,United States,Pennsylvania,East,Office Supplies,Paper,39.18,3,0.4,4.29
3683,US-2024-01494,10/09/2024,10/12/2024,Second Class,CU-0143,Ethan Wilson,Consumer,United States,Pennsylvania,East,Technology,Machines,1454.12,4,0.4,-268.88
3684,US-2024-01494,10/09/2024,10/12/2024,Second Class,CU-0143,Ethan Wilson,Consumer,United States,Pennsylvania,East,Office Supplies,Art,87.27,5,0.0,16.03
3685,US-2023-01495,06/05/2023,06/11/2023,Standard Class,CU-0639,Sara Khan,Consumer,United States,Washington,West,Office Supplies,Storage,140.85,2,0.2,-1.62
3686,US-2023-01495,06/05/2023,06/10/2023,Standard Class,CU-0639,Sara Khan,Consumer,United States,Washington,West,Furniture,Tables,1747.81,6,0.1,-273.02
3687,US-2023-01496,08/15/2023,08/18/2023,First Class,CU-0586,Sara Lee,Corporate,United States,Illinois,Central,Furniture,Bookcases,1717.63,7,0.1,-138.89
3688,US-2022-01497,02/02/2022,02/05/2022,Second Class,CU-0218,Olivia Brown,Home Office,United States,Georgia,South,Technology,Copiers,564.02,1,0.5,22.78
3689,US-2022-01497,02/02/2022,02/06/2022,Second Class,CU-0218,Olivia Brown,Home Office,United States,Georgia,South,Furniture,Bookcases,436.75,3,0.5,-107.19
3690,US-2022-01497,02/02/2022,02/06/2022,Second Class,CU-0218,Olivia Brown,Home Office,United States,Georgia,South,Office Supplies,Art,36.17,5,0.4,0.71
3691,US-2022-01498,01/08/2022,01/12/2022,Second Class,CU-0498,Emma Smith,Consumer,United States,Georgia,South,Technology,Machines,1225.73,3,0.0,-69.01
3692,US-2022-01498,01/08/2022,01/11/2022,Second Class,CU-0498,Emma Smith,Consumer,United States,Georgia,South,Furniture,Chairs,2104.87,7,0.0,120.43
3693,US-2023-01499,06/22/2023,06/27/2023,Standard Class,CU-0644,Zoe Smith,Corporate,United States,Texas,Central,Technology,Accessories,132.02,6,0.5,-5.58
3694,US-2023-01499,06/22/2023,06/27/2023,Standard Class,CU-0644,Zoe Smith,Corporate,United States,Texas,Central,Technology,Copiers,1011.41,1,0.0,342.2
3695,US-2023-01499,06/22/2023,06/27/2023,Standard Class,CU-0644,Zoe Smith,Corporate,United States,Texas,Central,Office Supplies,Paper,67.19,5,0.4,9.77
3696,US-2023-01499,06/22/2023,06/27/2023,Standard Class,CU-0644,Zoe Smith,Corporate,United States,Texas,Central,Technology,Phones,1724.27,7,0.3,-7.63
3697,US-2025-01500,11/12/2025,11/18/2025,Standard Class,CU-0075,Ravi Brown,Home Office,United States,Virginia,South,Furniture,Bookcases,638.39,5,0.5,-167.32
3698,US-2022-01501,04/07/2022,04/12/2022,Standard Class,CU-0105,Maya Brown,Consumer,United States,Ohio,East,Technology,Phones,1276.69,5,0.3,-42.28
3699,US-2022-01502,10/17/2022,10/22/2022,Standard Class,CU-0384,Ethan Lee,Corporate,United States,Pennsylvania,East,Technology,Accessories,155.16,4,0.4,-18.18
3700,US-2022-01502,10/17/2022,10/22/2022,Standard Class,CU-0384,Ethan Lee,Corporate,United States,Pennsylvania,East,Office Supplies,Paper,102.53,5,0.0,40.91
3701,US-2022-01502,10/17/2022,10/23/2022,Standard Class,CU-0384,Ethan Lee,Corporate,United States,Pennsylvania,East,Office Supplies,Labels,9.55,1,0.2,3.31
3702,US-2022-01502,10/17/2022,10/22/2022,Standard Class,CU-0384,Ethan Lee,Corporate,United States,Pennsylvania,East,Technology,Phones,665.55,2,0.0,92.29
3703,US-2023-01503,06/09/2023,06/12/2023,Second Class,CU-0029,Olivia Davis,Consumer,United States,Pennsylvania,East,Technology,Accessories,104.96,3,0.3,20.65
3704,US-2023-01503,06/09/2023,06/13/2023,Second Class,CU-0029,Olivia Davis,Consumer,United States,Pennsylvania,East,Furniture,Furnishings,207.17,3,0.1,7.51
3705,US-2024-01504,04/16/2024,04/22/2024,Standard Class,CU-0354,Sara Davis,Home Office,United States,Ohio,East,Technology,Phones,148.41,1,0.5,-8.81
3706,US-2024-01504,04/16/2024,04/21/2024,Standard Class,CU-0354,Sara Davis,Home Office,United States,Ohio,East,Technology,Phones,560.29,2,0.2,-7.83
3707,US-2024-01505,01/12/2024,01/14/2024,First Class,CU-0277,Ethan Smith,Consumer,United States,New York,East,Technology,Copiers,1493.05,3,0.5,133.96
3708,US-2024-01505,01/12/2024,01/15/2024,First Class,CU-0277,Ethan Smith,Consumer,United States,New York,East,Furniture,Bookcases,637.23,3,0.4,-110.9
3709,US-2024-01505,01/12/2024,01/14/2024,First Class,CU-0277,Ethan Smith,Consumer,United States,New York,East,Office Supplies,Storage,45.63,1,0.4,-3.54
3710,US-2024-01505,01/12/2024,01/14/2024,First Class,CU-0277,Ethan Smith,Consumer,United States,New York,East,Office Supplies,Paper,13.7,1,0.3,2.57
3711,US-2022-01506,07/24/2022,07/30/2022,Standard Class,CU-0338,Priya Brown,Consumer,United States,Georgia,South,Furniture,Tables,176.81,1,0.5,-55.81
3712,US-2022-01506,07/24/2022,07/29/2022,Standard Class,CU-0338,Priya Brown,Consumer,United States,Georgia,South,Furniture,Chairs,1387.03,6,0.2,40.35
3713,US-2022-01506,07/24/2022,07/30/2022,Standard Class,CU-0338,Priya Brown,Consumer,United States,Georgia,South,Technology,Accessories,280.16,6,0.0,88.68
3714,US-2022-01506,07/24/2022,07/30/2022,Standard Class,CU-0338,Priya Brown,Consumer,United States,Georgia,South,Technology,Copiers,4116.19,5,0.2,1217.36
3715,US-2022-01507,06/30/2022,07/05/2022,Standard Class,CU-0505,Ravi Lee,Consumer,United States,California,West,Furniture,Tables,2629.85,6,0.0,-250.33
3716,US-2022-01507,06/30/2022,07/06/2022,Standard Class,CU-0505,Ravi Lee,Consumer,United States,California,West,Technology,Machines,1549.51,4,0.1,-46.72
3717,US-2022-01507,06/30/2022,07/06/2022,Standard Class,CU-0505,Ravi Lee,Consumer,United States,California,West,Office Supplies,Art,38.31,4,0.3,3.64
3718,US-2022-01508,03/14/2022,03/16/2022,First Class,CU-0615,Priya Wilson,Home Office,United States,Michigan,Central,Furniture,Bookcases,1115.66,4,0.0,14.42
3719,US-2022-01508,03/14/2022,03/17/2022,First Class,CU-0615,Priya Wilson,Home Office,United States,Michigan,Central,Office Supplies,Paper,28.15,2,0.3,5.5
3720,US-2022-01508,03/14/2022,03/16/2022,First Class,CU-0615,Priya Wilson,Home Office,United States,Michigan,Central,Furniture,Chairs,600.21,3,0.3,15.26
3721,US-2022-01508,03/14/2022,03/16/2022,First Class,CU-0615,Priya Wilson,Home Office,United States,Michigan,Central,Furniture,Tables,783.45,3,0.4,-226.44
3722,US-2024-01509,08/02/2024,08/07/2024,Standard Class,CU-0126,Maya Davis,Home Office,United States,Florida,South,Office Supplies,Labels,23.4,2,0.2,7.75
3723,US-2023-01510,04/28/2023,05/04/2023,Standard Class,CU-0322,John Clark,Corporate,United States,Virginia,South,Furniture,Chairs,952.31,4,0.2,-40.18
3724,US-2023-01510,04/28/2023,05/03/2023,Standard Class,CU-0322,John Clark,Corporate,United States,Virginia,South,Office Supplies,Art,25.53,3,0.4,2.35
3725,US-2023-01510,04/28/2023,05/04/2023,Standard Class,CU-0322,John Clark,Corporate,United States,Virginia,South,Office Supplies,Binders,23.9,1,0.0,5.98
3726,US-2022-01511,12/10/2022,12/15/2022,Standard Class,CU-0414,Aarav Khan,Home Office,United States,Ohio,East,Office Supplies,Storage,88.1,1,0.2,-2.89
3727,US-2022-01511,12/10/2022,12/15/2022,Standard Class,CU-0414,Aarav Khan,Home Office,United States,Ohio,East,Technology,Phones,2542.03,7,0.0,162.34
3728,US-2022-01511,12/10/2022,12/15/2022,Standard Class,CU-0414,Aarav Khan,Home Office,United States,Ohio,East,Technology,Copiers,1541.68,2,0.1,398.71
3729,US-2023-01512,03/15/2023,03/21/2023,Standard Class,CU-0167,Zoe Garcia,Consumer,United States,Florida,South,Office Supplies,Binders,95.89,3,0.0,19.78
3730,US-2023-01512,03/15/2023,03/20/2023,Standard Class,CU-0167,Zoe Garcia,Consumer,United States,Florida,South,Furniture,Chairs,232.52,2,0.5,-36.46
3731,US-2023-01512,03/15/2023,03/20/2023,Standard Class,CU-0167,Zoe Garcia,Consumer,United States,Florida,South,Technology,Phones,931.16,5,0.3,-43.09
3732,US-2023-01512,03/15/2023,03/21/2023,Standard Class,CU-0167,Zoe Garcia,Consumer,United States,Florida,South,Office Supplies,Art,73.4,6,0.0,19.43
3733,US-2025-01513,03/15/2025,03/17/2025,First Class,CU-0628,Sara Patel,Home Office,United States,Pennsylvania,East,Office Supplies,Paper,139.53,6,0.0,60.59
3734,US-2025-01513,03/15/2025,03/17/2025,First Class,CU-0628,Sara Patel,Home Office,United States,Pennsylvania,East,Furniture,Furnishings,147.98,2,0.0,15.21
3735,US-2025-01513,03/15/2025,03/18/2025,First Class,CU-0628,Sara Patel,Home Office,United States,Pennsylvania,East,Furniture,Furnishings,170.51,7,0.5,-28.0
3736,US-2025-01513,03/15/2025,03/18/2025,First Class,CU-0628,Sara Patel,Home Office,United States,Pennsylvania,East,Technology,Copiers,1590.59,3,0.4,355.98
3737,US-2023-01514,06/22/2023,06/27/2023,Standard Class,CU-0285,Zoe Brown,Consumer,United States,Georgia,South,Office Supplies,Paper,108.62,6,0.0,41.91
3738,US-2023-01514,06/22/2023,06/27/2023,Standard Class,CU-0285,Zoe Brown,Consumer,United States,Georgia,South,Office Supplies,Labels,30.61,4,0.5,5.33
3739,US-2023-01514,06/22/2023,06/27/2023,Standard Class,CU-0285,Zoe Brown,Consumer,United States,Georgia,South,Technology,Machines,2830.5,6,0.2,-370.37
3740,US-2025-01515,06/13/2025,06/18/2025,Standard Class,CU-0089,Zoe Khan,Corporate,United States,Texas,Central,Furniture,Bookcases,846.7,4,0.3,-125.33
3741,US-2025-01515,06/13/2025,06/18/2025,Standard Class,CU-0089,Zoe Khan,Corporate,United States,Texas,Central,Furniture,Chairs,410.9,2,0.0,14.19
3742,US-2025-01515,06/13/2025,06/18/2025,Standard Class,CU-0089,Zoe Khan,Corporate,United States,Texas,Central,Office Supplies,Binders,68.45,4,0.3,5.43
3743,US-2025-01515,06/13/2025,06/18/2025,Standard Class,CU-0089,Zoe Khan,Corporate,United States,Texas,Central,Office Supplies,Paper,23.59,1,0.0,9.46
3744,US-2022-01516,04/11/2022,04/16/2022,Standard Class,CU-0330,Sara Brown,Home Office,United States,Ohio,East,Technology,Phones,409.33,2,0.2,22.22
3745,US-2022-01516,04/11/2022,04/17/2022,Standard Class,CU-0330,Sara Brown,Home Office,United States,Ohio,East,Furniture,Bookcases,654.58,4,0.5,-168.6
3746,US-2022-01516,04/11/2022,04/17/2022,Standard Class,CU-0330,Sara Brown,Home Office,United States,Ohio,East,Furniture,Tables,1084.71,6,0.5,-438.33
3747,US-2024-01517,02/04/2024,02/09/2024,Standard Class,CU-0334,Noah Wilson,Home Office,United States,Florida,South,Furniture,Chairs,394.53,3,0.5,-56.77
3748,US-2022-01518,08/31/2022,09/06/2022,Standard Class,CU-0410,Zoe Patel,Consumer,United States,Pennsylvania,East,Technology,Phones,157.88,1,0.4,-10.96
3749,US-2022-01518,08/31/2022,09/05/2022,Standard Class,CU-0410,Zoe Patel,Consumer,United States,Pennsylvania,East,Technology,Machines,2271.96,5,0.2,-147.85
3750,US-2022-01518,08/31/2022,09/06/2022,Standard Class,CU-0410,Zoe Patel,Consumer,United States,Pennsylvania,East,Office Supplies,Art,67.13,6,0.1,14.85
3751,US-2024-01519,11/07/2024,11/10/2024,Second Class,CU-0495,Sara Patel,Corporate,United States,Texas,Central,Technology,Accessories,56.08,1,0.1,8.16
3752,US-2024-01519,11/07/2024,11/10/2024,Second Class,CU-0495,Sara Patel,Corporate,United States,Texas,Central,Furniture,Chairs,160.83,1,0.3,-8.93
3753,US-2022-01520,09/28/2022,10/03/2022,Standard Class,CU-0105,Maya Brown,Consumer,United States,Washington,West,Technology,Copiers,3142.52,4,0.2,754.68
3754,US-2022-01520,09/28/2022,10/04/2022,Standard Class,CU-0105,Maya Brown,Consumer,United States,Washington,West,Furniture,Furnishings,500.93,7,0.0,110.13
3755,US-2022-01520,09/28/2022,10/03/2022,Standard Class,CU-0105,Maya Brown,Consumer,United States,Washington,West,Office Supplies,Labels,69.23,5,0.1,25.68
3756,US-2022-01520,09/28/2022,10/03/2022,Standard Class,CU-0105,Maya Brown,Consumer,United States,Washington,West,Furniture,Chairs,261.3,1,0.0,36.59
3757,US-2022-01521,03/28/2022,03/31/2022,First Class,CU-0377,Noah Miller,Corporate,United States,Pennsylvania,East,Office Supplies,Paper,62.15,3,0.1,23.66
3758,US-2022-01521,03/28/2022,03/31/2022,First Class,CU-0377,Noah Miller,Corporate,United States,Pennsylvania,East,Office Supplies,Paper,32.13,4,0.5,4.5
3759,US-2022-01521,03/28/2022,03/31/2022,First Class,CU-0377,Noah Miller,Corporate,United States,Pennsylvania,East,Technology,Copiers,1365.88,3,0.5,137.22
3760,US-2024-01522,09/16/2024,09/22/2024,Standard Class,CU-0102,Ethan Khan,Consumer,United States,Virginia,South,Furniture,Furnishings,244.53,4,0.0,35.96
3761,US-2024-01522,09/16/2024,09/22/2024,Standard Class,CU-0102,Ethan Khan,Consumer,United States,Virginia,South,Office Supplies,Paper,58.46,6,0.5,8.15
3762,US-2025-01523,10/03/2025,10/07/2025,Second Class,CU-0497,Maya Khan,Consumer,United States,Pennsylvania,East,Office Supplies,Paper,33.25,3,0.5,2.11
3763,US-2025-01523,10/03/2025,10/07/2025,Second Class,CU-0497,Maya Khan,Consumer,United States,Pennsylvania,East,Office Supplies,Labels,43.04,6,0.4,9.29
3764,US-2025-01524,09/11/2025,09/17/2025,Standard Class,CU-0032,Liam Wilson,Consumer,United States,Georgia,South,Technology,Phones,120.64,1,0.5,-15.16
3765,US-2025-01524,09/11/2025,09/16/2025,Standard Class,CU-0032,Liam Wilson,Consumer,United States,Georgia,South,Office Supplies,Labels,55.42,5,0.0,22.91
3766,US-2023-01525,10/11/2023,10/16/2023,Standard Class,CU-0463,Noah Lee,Home Office,United States,Oregon,West,Office Supplies,Labels,35.97,4,0.3,8.55
3767,US-2023-01525,10/11/2023,10/17/2023,Standard Class,CU-0463,Noah Lee,Home Office,United States,Oregon,West,Furniture,Tables,890.58,3,0.3,-186.41
3768,US-2023-01525,10/11/2023,10/17/2023,Standard Class,CU-0463,Noah Lee,Home Office,United States,Oregon,West,Technology,Accessories,64.54,1,0.0,16.46
3769,US-2023-01525,10/11/2023,10/17/2023,Standard Class,CU-0463,Noah Lee,Home Office,United States,Oregon,West,Office Supplies,Storage,163.76,3,0.4,-10.23
3770,US-2025-01526,12/10/2025,12/15/2025,Standard Class,CU-0489,Ethan Patel,Corporate,United States,California,West,Technology,Accessories,57.47,2,0.4,-0.01
3771,US-2023-01527,01/27/2023,02/01/2023,Standard Class,CU-0115,Olivia Khan,Home Office,United States,Virginia,South,Technology,Machines,1046.54,2,0.1,-108.07
3772,US-2023-01527,01/27/2023,02/01/2023,Standard Class,CU-0115,Olivia Khan,Home Office,United States,Virginia,South,Technology,Accessories,111.17,3,0.4,-1.4
3773,US-2023-01527,01/27/2023,02/02/2023,Standard Class,CU-0115,Olivia Khan,Home Office,United States,Virginia,South,Furniture,Bookcases,777.43,2,0.0,11.4
3774,US-2025-01528,05/02/2025,05/08/2025,Standard Class,CU-0143,Ethan Wilson,Consumer,United States,Texas,Central,Furniture,Chairs,1271.39,6,0.0,50.79
3775,US-2025-01528,05/02/2025,05/07/2025,Standard Class,CU-0143,Ethan Wilson,Consumer,United States,Texas,Central,Technology,Accessories,164.5,4,0.2,27.19
3776,US-2025-01528,05/02/2025,05/08/2025,Standard Class,CU-0143,Ethan Wilson,Consumer,United States,Texas,Central,Technology,Machines,1712.18,5,0.2,-84.02
3777,US-2024-01529,06/25/2024,06/30/2024,Standard Class,CU-0110,Aarav Patel,Corporate,United States,Ohio,East,Furniture,Tables,767.71,2,0.0,-119.58
3778,US-2025-01530,11/27/2025,12/03/2025,Standard Class,CU-0256,Priya Miller,Corporate,United States,Illinois,Central,Office Supplies,Art,124.68,7,0.0,33.41
3779,US-2025-01530,11/27/2025,12/03/2025,Standard Class,CU-0256,Priya Miller,Corporate,United States,Illinois,Central,Office Supplies,Storage,55.0,1,0.5,-11.92
3780,US-2025-01530,11/27/2025,12/02/2025,Standard Class,CU-0256,Priya Miller,Corporate,United States,Illinois,Central,Office Supplies,Storage,54.16,1,0.3,0.37
3781,US-2025-01530,11/27/2025,12/02/2025,Standard Class,CU-0256,Priya Miller,Corporate,United States,Illinois,Central,Office Supplies,Binders,122.1,6,0.2,24.19
3782,US-2024-01531,03/21/2024,03/22/2024,Same Day,CU-0379,Olivia Smith,Home Office,United States,California,West,Office Supplies,Storage,300.65,3,0.1,52.49
3783,US-2024-01531,03/21/2024,03/21/2024,Same Day,CU-0379,Olivia Smith,Home Office,United States,California,West,Office Supplies,Paper,99.9,5,0.2,28.52
3784,US-2024-01531,03/21/2024,03/22/2024,Same Day,CU-0379,Olivia Smith,Home Office,United States,California,West,Office Supplies,Labels,14.34,1,0.0,5.73
3785,US-2025-01532,07/13/2025,07/18/2025,Standard Class,CU-0410,Zoe Patel,Consumer,United States,Illinois,Central,Technology,Machines,1440.91,4,0.4,-211.81
3786,US-2025-01532,07/13/2025,07/18/2025,Standard Class,CU-0410,Zoe Patel,Consumer,United States,Illinois,Central,Furniture,Bookcases,826.68,5,0.5,-173.55
3787,US-2025-01532,07/13/2025,07/18/2025,Standard Class,CU-0410,Zoe Patel,Consumer,United States,Illinois,Central,Office Supplies,Labels,56.44,6,0.1,15.7
3788,US-2025-01532,07/13/2025,07/18/2025,Standard Class,CU-0410,Zoe Patel,Consumer,United States,Illinois,Central,Technology,Machines,2381.1,5,0.0,188.95
3789,US-2025-01533,11/03/2025,11/08/2025,Standard Class,CU-0205,Priya Lee,Home Office,United States,Oregon,West,Furniture,Bookcases,1698.96,7,0.0,235.9
3790,US-2024-01534,12/03/2024,12/03/2024,Same Day,CU-0049,Zoe Wilson,Consumer,United States,New York,East,Technology,Phones,1226.23,6,0.4,-211.35
3791,US-2024-01534,12/03/2024,12/03/2024,Same Day,CU-0049,Zoe Wilson,Consumer,United States,New York,East,Furniture,Tables,339.66,1,0.0,-27.9
3792,US-2024-01534,12/03/2024,12/03/2024,Same Day,CU-0049,Zoe Wilson,Consumer,United States,New York,East,Furniture,Bookcases,522.7,2,0.1,-19.05
3793,US-2023-01535,10/10/2023,10/16/2023,Standard Class,CU-0396,Sara Patel,Corporate,United States,Florida,South,Furniture,Chairs,833.86,3,0.0,100.25
3794,US-2023-01535,10/10/2023,10/15/2023,Standard Class,CU-0396,Sara Patel,Corporate,United States,Florida,South,Technology,Copiers,6524.93,6,0.0,2197.97
3795,US-2023-01535,10/10/2023,10/16/2023,Standard Class,CU-0396,Sara Patel,Corporate,United States,Florida,South,Office Supplies,Binders,152.91,6,0.0,36.48
3796,US-2023-01535,10/10/2023,10/15/2023,Standard Class,CU-0396,Sara Patel,Corporate,United States,Florida,South,Office Supplies,Storage,272.44,4,0.2,-3.71
3797,US-2023-01536,08/31/2023,09/03/2023,Second Class,CU-0150,Zoe Khan,Consumer,United States,Ohio,East,Office Supplies,Labels,10.93,2,0.5,0.98
3798,US-2023-01536,08/31/2023,09/04/2023,Second Class,CU-0150,Zoe Khan,Consumer,United States,Ohio,East,Technology,Machines,1961.11,6,0.3,-137.88
3799,US-2023-01536,08/31/2023,09/03/2023,Second Class,CU-0150,Zoe Khan,Consumer,United States,Ohio,East,Furniture,Bookcases,270.79,1,0.0,-2.31
3800,US-2024-01537,01/17/2024,01/22/2024,Standard Class,CU-0369,Sara Patel,Consumer,United States,Pennsylvania,East,Technology,Phones,1732.87,6,0.0,270.13
3801,US-2024-01537,01/17/2024,01/22/2024,Standard Class,CU-0369,Sara Patel,Consumer,United States,Pennsylvania,East,Technology,Copiers,5676.54,7,0.0,2010.93
3802,US-2024-01537,01/17/2024,01/23/2024,Standard Class,CU-0369,Sara Patel,Consumer,United States,Pennsylvania,East,Technology,Accessories,322.52,7,0.2,71.13
3803,US-2024-01537,01/17/2024,01/22/2024,Standard Class,CU-0369,Sara Patel,Consumer,United States,Pennsylvania,East,Furniture,Tables,1794.98,7,0.5,-786.86
3804,US-2023-01538,01/27/2023,02/02/2023,Standard Class,CU-0178,Maya Patel,Consumer,United States,Michigan,Central,Furniture,Bookcases,228.92,1,0.3,-43.14
3805,US-2022-01539,02/06/2022,02/12/2022,Standard Class,CU-0501,Noah Brown,Consumer,United States,Illinois,Central,Office Supplies,Paper,115.06,7,0.3,30.95
3806,US-2022-01539,02/06/2022,02/12/2022,Standard Class,CU-0501,Noah Brown,Consumer,United States,Illinois,Central,Technology,Phones,224.56,1,0.3,-9.58
3807,US-2024-01540,06/06/2024,06/12/2024,Standard Class,CU-0427,Aarav Wilson,Home Office,United States,Pennsylvania,East,Furniture,Bookcases,308.49,1,0.2,-20.28
3808,US-2024-01541,10/08/2024,10/13/2024,Standard Class,CU-0495,Sara Patel,Corporate,United States,California,West,Office Supplies,Labels,38.77,5,0.2,11.2
3809,US-2024-01542,08/20/2024,08/26/2024,Standard Class,CU-0496,Ethan Patel,Consumer,United States,Washington,West,Office Supplies,Labels,47.29,4,0.1,20.47
3810,US-2024-01542,08/20/2024,08/26/2024,Standard Class,CU-0496,Ethan Patel,Consumer,United States,Washington,West,Office Supplies,Labels,11.06,1,0.2,3.83
3811,US-2024-01542,08/20/2024,08/26/2024,Standard Class,CU-0496,Ethan Patel,Consumer,United States,Washington,West,Office Supplies,Art,67.6,4,0.0,14.79
3812,US-2024-01542,08/20/2024,08/25/2024,Standard Class,CU-0496,Ethan Patel,Consumer,United States,Washington,West,Furniture,Chairs,1187.43,5,0.0,90.68
3813,US-2024-01543,11/05/2024,11/08/2024,First Class,CU-0147,Aarav Lee,Home Office,United States,Florida,South,Technology,Accessories,234.04,6,0.2,26.17
3814,US-2024-01543,11/05/2024,11/08/2024,First Class,CU-0147,Aarav Lee,Home Office,United States,Florida,South,Technology,Accessories,125.17,3,0.0,32.24
3815,US-2024-01543,11/05/2024,11/08/2024,First Class,CU-0147,Aarav Lee,Home Office,United States,Florida,South,Furniture,Bookcases,1280.74,4,0.0,56.25
3816,US-2024-01543,11/05/2024,11/08/2024,First Class,CU-0147,Aarav Lee,Home Office,United States,Florida,South,Furniture,Bookcases,1151.16,3,0.0,159.5
3817,US-2022-01544,04/03/2022,04/09/2022,Standard Class,CU-0698,Sara Wilson,Consumer,United States,Ohio,East,Furniture,Chairs,269.82,1,0.1,16.13
3818,US-2024-01545,10/07/2024,10/13/2024,Standard Class,CU-0557,Noah Davis,Home Office,United States,Florida,South,Furniture,Chairs,921.46,5,0.4,-199.77
3819,US-2024-01545,10/07/2024,10/12/2024,Standard Class,CU-0557,Noah Davis,Home Office,United States,Florida,South,Furniture,Chairs,793.95,4,0.3,-11.02
3820,US-2023-01546,10/09/2023,10/10/2023,Same Day,CU-0226,Ravi Khan,Consumer,United States,Oregon,West,Furniture,Tables,1439.64,7,0.5,-664.15
3821,US-2025-01547,12/28/2025,01/03/2026,Standard Class,CU-0391,Olivia Miller,Corporate,United States,New York,East,Technology,Accessories,115.74,4,0.4,2.48
3822,US-2025-01548,02/25/2025,03/02/2025,Standard Class,CU-0169,Sara Garcia,Corporate,United States,Michigan,Central,Furniture,Chairs,567.14,3,0.4,-90.45
3823,US-2025-01548,02/25/2025,03/02/2025,Standard Class,CU-0169,Sara Garcia,Corporate,United States,Michigan,Central,Technology,Accessories,166.04,4,0.0,40.25
3824,US-2025-01548,02/25/2025,03/02/2025,Standard Class,CU-0169,Sara Garcia,Corporate,United States,Michigan,Central,Furniture,Bookcases,1347.32,5,0.0,86.92
3825,US-2022-01549,02/16/2022,02/17/2022,Same Day,CU-0023,Ethan Lee,Consumer,United States,New York,East,Office Supplies,Storage,476.11,5,0.0,55.09
3826,US-2022-01550,05/21/2022,05/27/2022,Standard Class,CU-0048,John Brown,Corporate,United States,Ohio,East,Office Supplies,Storage,61.37,1,0.3,-0.33
3827,US-2022-01550,05/21/2022,05/26/2022,Standard Class,CU-0048,John Brown,Corporate,United States,Ohio,East,Office Supplies,Storage,395.4,5,0.0,16.15
3828,US-2022-01550,05/21/2022,05/26/2022,Standard Class,CU-0048,John Brown,Corporate,United States,Ohio,East,Furniture,Tables,2117.07,5,0.0,-111.65
3829,US-2024-01551,09/03/2024,09/08/2024,Standard Class,CU-0560,Emma Clark,Corporate,United States,Illinois,Central,Technology,Phones,359.62,1,0.0,73.64
3830,US-2024-01551,09/03/2024,09/09/2024,Standard Class,CU-0560,Emma Clark,Corporate,United States,Illinois,Central,Office Supplies,Storage,51.34,1,0.3,-4.04
3831,US-2024-01551,09/03/2024,09/08/2024,Standard Class,CU-0560,Emma Clark,Corporate,United States,Illinois,Central,Office Supplies,Art,78.88,6,0.2,7.2
3832,US-2024-01551,09/03/2024,09/08/2024,Standard Class,CU-0560,Emma Clark,Corporate,United States,Illinois,Central,Furniture,Chairs,502.6,2,0.2,-2.66
3833,US-2023-01552,10/06/2023,10/11/2023,Standard Class,CU-0566,Ravi Garcia,Consumer,United States,Ohio,East,Furniture,Tables,1105.02,3,0.0,-36.15
3834,US-2023-01553,11/09/2023,11/15/2023,Standard Class,CU-0153,Maya Miller,Home Office,United States,New York,East,Technology,Phones,637.72,2,0.1,66.59
3835,US-2023-01553,11/09/2023,11/14/2023,Standard Class,CU-0153,Maya Miller,Home Office,United States,New York,East,Technology,Accessories,32.99,1,0.4,1.61
3836,US-2023-01553,11/09/2023,11/15/2023,Standard Class,CU-0153,Maya Miller,Home Office,United States,New York,East,Office Supplies,Storage,593.34,7,0.0,-2.58
3837,US-2023-01553,11/09/2023,11/14/2023,Standard Class,CU-0153,Maya Miller,Home Office,United States,New York,East,Furniture,Tables,1160.45,4,0.1,-79.32
3838,US-2024-01554,03/13/2024,03/14/2024,Same Day,CU-0327,Liam Khan,Corporate,United States,Ohio,East,Furniture,Bookcases,773.87,3,0.3,-89.09
3839,US-2024-01554,03/13/2024,03/14/2024,Same Day,CU-0327,Liam Khan,Corporate,United States,Ohio,East,Technology,Copiers,5229.56,5,0.0,1774.84
3840,US-2024-01555,05/02/2024,05/03/2024,Same Day,CU-0362,Noah Brown,Home Office,United States,Michigan,Central,Technology,Phones,547.67,3,0.4,-11.28
3841,US-2024-01555,05/02/2024,05/02/2024,Same Day,CU-0362,Noah Brown,Home Office,United States,Michigan,Central,Technology,Copiers,4084.28,5,0.3,352.04
3842,US-2024-01555,05/02/2024,05/02/2024,Same Day,CU-0362,Noah Brown,Home Office,United States,Michigan,Central,Furniture,Chairs,763.38,5,0.4,-54.79
3843,US-2024-01555,05/02/2024,05/02/2024,Same Day,CU-0362,Noah Brown,Home Office,United States,Michigan,Central,Office Supplies,Labels,33.33,3,0.2,9.53
3844,US-2022-01556,08/05/2022,08/11/2022,Standard Class,CU-0130,Priya Wilson,Consumer,United States,Pennsylvania,East,Office Supplies,Paper,103.03,4,0.0,37.17
3845,US-2022-01556,08/05/2022,08/10/2022,Standard Class,CU-0130,Priya Wilson,Consumer,United States,Pennsylvania,East,Office Supplies,Binders,104.05,5,0.0,14.96
3846,US-2022-01556,08/05/2022,08/11/2022,Standard Class,CU-0130,Priya Wilson,Consumer,United States,Pennsylvania,East,Technology,Machines,1921.99,7,0.4,-291.44
3847,US-2022-01556,08/05/2022,08/10/2022,Standard Class,CU-0130,Priya Wilson,Consumer,United States,Pennsylvania,East,Technology,Accessories,61.79,2,0.5,1.65
3848,US-2024-01557,12/19/2024,12/20/2024,Same Day,CU-0368,Emma Clark,Consumer,United States,Pennsylvania,East,Office Supplies,Paper,142.69,7,0.0,70.76
3849,US-2022-01558,06/11/2022,06/17/2022,Standard Class,CU-0433,Sara Miller,Corporate,United States,Georgia,South,Technology,Accessories,130.79,4,0.4,5.02
3850,US-2022-01558,06/11/2022,06/17/2022,Standard Class,CU-0433,Sara Miller,Corporate,United States,Georgia,South,Technology,Accessories,243.4,4,0.0,61.58
3851,US-2022-01558,06/11/2022,06/17/2022,Standard Class,CU-0433,Sara Miller,Corporate,United States,Georgia,South,Technology,Copiers,809.87,1,0.1,202.26
3852,US-2023-01559,03/26/2023,03/31/2023,Standard Class,CU-0601,Aarav Garcia,Corporate,United States,Illinois,Central,Technology,Machines,2840.61,7,0.0,-6.57
3853,US-2023-01559,03/26/2023,03/31/2023,Standard Class,CU-0601,Aarav Garcia,Corporate,United States,Illinois,Central,Furniture,Chairs,411.09,2,0.3,-1.01
3854,US-2025-01560,03/18/2025,03/23/2025,Standard Class,CU-0024,Emma Davis,Consumer,United States,New York,East,Technology,Machines,956.11,4,0.5,-278.65
3855,US-2024-01561,04/24/2024,04/30/2024,Standard Class,CU-0434,Aarav Davis,Corporate,United States,Florida,South,Office Supplies,Storage,434.98,5,0.2,22.92
3856,US-2023-01562,09/19/2023,09/23/2023,Second Class,CU-0339,Noah Wilson,Corporate,United States,Washington,West,Furniture,Tables,2451.13,7,0.1,-216.69
3857,US-2023-01562,09/19/2023,09/22/2023,Second Class,CU-0339,Noah Wilson,Corporate,United States,Washington,West,Furniture,Furnishings,102.82,4,0.5,-13.02
3858,US-2022-01563,07/31/2022,08/04/2022,Second Class,CU-0259,Ethan Clark,Corporate,United States,Virginia,South,Office Supplies,Storage,273.7,4,0.4,-47.0
3859,US-2022-01563,07/31/2022,08/04/2022,Second Class,CU-0259,Ethan Clark,Corporate,United States,Virginia,South,Technology,Phones,398.8,2,0.4,-44.3
3860,US-2022-01564,02/13/2022,02/19/2022,Standard Class,CU-0460,Priya Khan,Corporate,United States,Ohio,East,Technology,Accessories,68.45,2,0.3,8.91
3861,US-2022-01564,02/13/2022,02/18/2022,Standard Class,CU-0460,Priya Khan,Corporate,United States,Ohio,East,Office Supplies,Storage,256.27,3,0.2,-11.86
3862,US-2022-01564,02/13/2022,02/18/2022,Standard Class,CU-0460,Priya Khan,Corporate,United States,Ohio,East,Furniture,Tables,913.45,3,0.2,-123.73
3863,US-2024-01565,09/08/2024,09/09/2024,Same Day,CU-0198,Ethan Brown,Home Office,United States,Virginia,South,Furniture,Furnishings,376.15,7,0.0,80.56
3864,US-2025-01566,10/06/2025,10/12/2025,Standard Class,CU-0566,Ravi Garcia,Consumer,United States,Florida,South,Furniture,Furnishings,310.03,7,0.2,-8.25
3865,US-2022-01567,07/22/2022,07/28/2022,Standard Class,CU-0253,Ravi Lee,Consumer,United States,Georgia,South,Office Supplies,Art,45.92,3,0.0,13.16
3866,US-2022-01567,07/22/2022,07/27/2022,Standard Class,CU-0253,Ravi Lee,Consumer,United States,Georgia,South,Office Supplies,Art,50.48,4,0.2,6.07
3867,US-2022-01568,02/15/2022,02/20/2022,Standard Class,CU-0037,Emma Davis,Consumer,United States,Florida,South,Office Supplies,Paper,41.12,3,0.3,10.59
3868,US-2022-01568,02/15/2022,02/20/2022,Standard Class,CU-0037,Emma Davis,Consumer,United States,Florida,South,Technology,Machines,643.44,1,0.0,48.27
3869,US-2022-01568,02/15/2022,02/21/2022,Standard Class,CU-0037,Emma Davis,Consumer,United States,Florida,South,Technology,Accessories,69.74,3,0.5,1.42
3870,US-2022-01568,02/15/2022,02/20/2022,Standard Class,CU-0037,Emma Davis,Consumer,United States,Florida,South,Furniture,Chairs,1612.33,7,0.0,107.44
3871,US-2024-01569,02/20/2024,02/26/2024,Standard Class,CU-0325,Emma Garcia,Consumer,United States,Ohio,East,Technology,Copiers,1473.44,2,0.1,345.45
3872,US-2022-01570,03/02/2022,03/07/2022,Standard Class,CU-0392,John Smith,Corporate,United States,Florida,South,Technology,Copiers,2275.36,5,0.5,157.96
3873,US-2022-01570,03/02/2022,03/08/2022,Standard Class,CU-0392,John Smith,Corporate,United States,Florida,South,Technology,Phones,1177.42,5,0.3,-88.08
3874,US-2022-01570,03/02/2022,03/08/2022,Standard Class,CU-0392,John Smith,Corporate,United States,Florida,South,Office Supplies,Labels,31.55,4,0.4,6.77
3875,US-2022-01570,03/02/2022,03/07/2022,Standard Class,CU-0392,John Smith,Corporate,United States,Florida,South,Furniture,Chairs,680.74,4,0.3,-72.45
3876,US-2025-01571,01/26/2025,02/01/2025,Standard Class,CU-0356,Liam Clark,Corporate,United States,Washington,West,Furniture,Furnishings,273.71,5,0.2,17.85
3877,US-2025-01572,09/03/2025,09/07/2025,Second Class,CU-0509,Olivia Smith,Consumer,United States,Virginia,South,Furniture,Furnishings,229.6,4,0.0,28.86
3878,US-2025-01572,09/03/2025,09/06/2025,Second Class,CU-0509,Olivia Smith,Consumer,United States,Virginia,South,Office Supplies,Paper,128.22,6,0.0,68.46
3879,US-2025-01573,10/27/2025,11/01/2025,Standard Class,CU-0470,Ethan Smith,Consumer,United States,Texas,Central,Furniture,Furnishings,309.09,6,0.0,51.29
3880,US-2025-01573,10/27/2025,11/01/2025,Standard Class,CU-0470,Ethan Smith,Consumer,United States,Texas,Central,Technology,Phones,1850.25,6,0.1,85.42
3881,US-2025-01573,10/27/2025,11/02/2025,Standard Class,CU-0470,Ethan Smith,Consumer,United States,Texas,Central,Furniture,Chairs,114.28,1,0.5,-9.9
3882,US-2025-01573,10/27/2025,11/01/2025,Standard Class,CU-0470,Ethan Smith,Consumer,United States,Texas,Central,Furniture,Tables,361.22,1,0.0,6.01
3883,US-2022-01574,10/27/2022,10/29/2022,First Class,CU-0618,Sara Garcia,Consumer,United States,Virginia,South,Office Supplies,Binders,191.11,7,0.1,26.44
3884,US-2025-01575,03/12/2025,03/15/2025,Second Class,CU-0579,Ethan Davis,Corporate,United States,Ohio,East,Office Supplies,Labels,43.77,3,0.0,16.55
3885,US-2025-01575,03/12/2025,03/15/2025,Second Class,CU-0579,Ethan Davis,Corporate,United States,Ohio,East,Technology,Copiers,2897.78,3,0.0,902.93
3886,US-2025-01575,03/12/2025,03/16/2025,Second Class,CU-0579,Ethan Davis,Corporate,United States,Ohio,East,Office Supplies,Paper,41.38,5,0.5,3.2
3887,US-2025-01575,03/12/2025,03/15/2025,Second Class,CU-0579,Ethan Davis,Corporate,United States,Ohio,East,Furniture,Bookcases,210.17,1,0.4,-61.75
3888,US-2022-01576,12/01/2022,12/06/2022,Standard Class,CU-0546,Noah Patel,Corporate,United States,Florida,South,Furniture,Tables,791.08,3,0.4,-221.0
3889,US-2022-01576,12/01/2022,12/06/2022,Standard Class,CU-0546,Noah Patel,Corporate,United States,Florida,South,Technology,Copiers,4545.83,7,0.2,1143.88
3890,US-2022-01576,12/01/2022,12/06/2022,Standard Class,CU-0546,Noah Patel,Corporate,United States,Florida,South,Office Supplies,Art,46.12,4,0.1,8.15
3891,US-2022-01576,12/01/2022,12/07/2022,Standard Class,CU-0546,Noah Patel,Corporate,United States,Florida,South,Technology,Phones,507.42,3,0.5,-66.85
3892,US-2025-01577,12/08/2025,12/11/2025,First Class,CU-0567,Liam Clark,Consumer,United States,Michigan,Central,Office Supplies,Binders,10.64,1,0.5,-0.72
3893,US-2025-01577,12/08/2025,12/10/2025,First Class,CU-0567,Liam Clark,Consumer,United States,Michigan,Central,Technology,Machines,592.07,1,0.0,-14.55
3894,US-2022-01578,09/10/2022,09/13/2022,Second Class,CU-0630,Liam Smith,Corporate,United States,Pennsylvania,East,Technology,Accessories,168.94,7,0.4,12.37
3895,US-2022-01578,09/10/2022,09/13/2022,Second Class,CU-0630,Liam Smith,Corporate,United States,Pennsylvania,East,Furniture,Bookcases,312.03,1,0.0,11.13
3896,US-2025-01579,10/23/2025,10/28/2025,Standard Class,CU-0374,Emma Smith,Consumer,United States,New York,East,Technology,Phones,324.04,2,0.5,-46.56
3897,US-2025-01579,10/23/2025,10/28/2025,Standard Class,CU-0374,Emma Smith,Consumer,United States,New York,East,Furniture,Tables,918.4,4,0.3,-260.66
3898,US-2025-01579,10/23/2025,10/29/2025,Standard Class,CU-0374,Emma Smith,Consumer,United States,New York,East,Technology,Phones,1342.8,4,0.0,158.35
3899,US-2025-01579,10/23/2025,10/29/2025,Standard Class,CU-0374,Emma Smith,Consumer,United States,New York,East,Technology,Machines,3410.08,6,0.0,-72.27
3900,US-2024-01580,09/14/2024,09/18/2024,Second Class,CU-0298,Ravi Khan,Home Office,United States,Florida,South,Furniture,Chairs,789.83,3,0.0,29.9
3901,US-2024-01580,09/14/2024,09/17/2024,Second Class,CU-0298,Ravi Khan,Home Office,United States,Florida,South,Furniture,Tables,218.74,1,0.5,-68.84
3902,US-2023-01581,01/07/2023,01/13/2023,Standard Class,CU-0396,Sara Patel,Corporate,United States,Georgia,South,Office Supplies,Binders,35.82,2,0.3,1.13
3903,US-2025-01582,03/30/2025,04/05/2025,Standard Class,CU-0487,Sara Khan,Home Office,United States,Texas,Central,Office Supplies,Art,14.19,1,0.1,3.23
3904,US-2024-01583,03/11/2024,03/16/2024,Standard Class,CU-0408,Noah Clark,Corporate,United States,New York,East,Technology,Phones,632.2,3,0.4,-52.86
3905,US-2024-01583,03/11/2024,03/16/2024,Standard Class,CU-0408,Noah Clark,Corporate,United States,New York,East,Office Supplies,Storage,558.71,7,0.1,50.23
3906,US-2024-01583,03/11/2024,03/17/2024,Standard Class,CU-0408,Noah Clark,Corporate,United States,New York,East,Office Supplies,Storage,290.97,6,0.5,-65.75
3907,US-2024-01583,03/11/2024,03/17/2024,Standard Class,CU-0408,Noah Clark,Corporate,United States,New York,East,Furniture,Bookcases,757.44,3,0.2,-18.96
3908,US-2023-01584,10/04/2023,10/09/2023,Standard Class,CU-0483,Zoe Clark,Home Office,United States,Virginia,South,Furniture,Chairs,895.17,3,0.0,128.65
3909,US-2023-01584,10/04/2023,10/09/2023,Standard Class,CU-0483,Zoe Clark,Home Office,United States,Virginia,South,Office Supplies,Storage,241.61,4,0.3,-12.76
3910,US-2022-01585,07/22/2022,07/27/2022,Standard Class,CU-0123,Emma Lee,Consumer,United States,Illinois,Central,Technology,Accessories,305.07,7,0.2,41.88
3911,US-2025-01586,04/10/2025,04/13/2025,Second Class,CU-0274,Zoe Smith,Corporate,United States,California,West,Furniture,Chairs,972.35,4,0.0,63.2
3912,US-2025-01586,04/10/2025,04/14/2025,Second Class,CU-0274,Zoe Smith,Corporate,United States,California,West,Furniture,Tables,1000.07,2,0.0,-121.35
3913,US-2025-01586,04/10/2025,04/14/2025,Second Class,CU-0274,Zoe Smith,Corporate,United States,California,West,Technology,Copiers,1052.84,1,0.1,315.4
3914,US-2024-01587,08/08/2024,08/13/2024,Standard Class,CU-0282,Aarav Smith,Consumer,United States,Virginia,South,Technology,Copiers,2500.11,3,0.0,822.91
3915,US-2024-01587,08/08/2024,08/14/2024,Standard Class,CU-0282,Aarav Smith,Consumer,United States,Virginia,South,Technology,Accessories,95.73,2,0.0,25.26
3916,US-2024-01587,08/08/2024,08/13/2024,Standard Class,CU-0282,Aarav Smith,Consumer,United States,Virginia,South,Furniture,Furnishings,148.04,3,0.2,1.72
3917,US-2024-01587,08/08/2024,08/14/2024,Standard Class,CU-0282,Aarav Smith,Consumer,United States,Virginia,South,Technology,Phones,1503.67,7,0.2,34.34
3918,US-2022-01588,04/04/2022,04/07/2022,First Class,CU-0086,Maya Miller,Consumer,United States,Illinois,Central,Office Supplies,Storage,415.25,7,0.2,-19.75
3919,US-2022-01588,04/04/2022,04/06/2022,First Class,CU-0086,Maya Miller,Consumer,United States,Illinois,Central,Technology,Phones,731.14,3,0.2,21.81
3920,US-2022-01588,04/04/2022,04/06/2022,First Class,CU-0086,Maya Miller,Consumer,United States,Illinois,Central,Furniture,Furnishings,215.81,3,0.0,54.5
3921,US-2022-01588,04/04/2022,04/07/2022,First Class,CU-0086,Maya Miller,Consumer,United States,Illinois,Central,Technology,Copiers,1157.93,1,0.0,384.83
3922,US-2024-01589,04/03/2024,04/07/2024,Second Class,CU-0667,Sara Brown,Home Office,United States,Georgia,South,Furniture,Furnishings,143.21,2,0.0,12.52
3923,US-2022-01590,06/18/2022,06/19/2022,Same Day,CU-0640,Emma Garcia,Corporate,United States,Oregon,West,Office Supplies,Art,38.3,3,0.0,9.5
3924,US-2022-01590,06/18/2022,06/18/2022,Same Day,CU-0640,Emma Garcia,Corporate,United States,Oregon,West,Furniture,Furnishings,161.51,6,0.5,-13.3
3925,US-2022-01590,06/18/2022,06/19/2022,Same Day,CU-0640,Emma Garcia,Corporate,United States,Oregon,West,Technology,Phones,1447.43,6,0.2,100.58
3926,US-2024-01591,03/22/2024,03/27/2024,Standard Class,CU-0469,John Patel,Corporate,United States,New York,East,Office Supplies,Paper,67.79,3,0.0,30.11
3927,US-2024-01591,03/22/2024,03/28/2024,Standard Class,CU-0469,John Patel,Corporate,United States,New York,East,Furniture,Bookcases,122.96,1,0.5,-21.31
3928,US-2024-01591,03/22/2024,03/27/2024,Standard Class,CU-0469,John Patel,Corporate,United States,New York,East,Furniture,Bookcases,1391.18,5,0.0,28.53
3929,US-2024-01592,11/22/2024,11/27/2024,Standard Class,CU-0517,Emma Smith,Consumer,United States,Virginia,South,Office Supplies,Art,28.95,2,0.0,6.32
3930,US-2022-01593,05/09/2022,05/13/2022,Second Class,CU-0204,Ethan Wilson,Corporate,United States,Florida,South,Furniture,Tables,1326.52,4,0.3,-350.72
3931,US-2022-01593,05/09/2022,05/13/2022,Second Class,CU-0204,Ethan Wilson,Corporate,United States,Florida,South,Office Supplies,Binders,165.38,7,0.0,31.13
3932,US-2022-01593,05/09/2022,05/12/2022,Second Class,CU-0204,Ethan Wilson,Corporate,United States,Florida,South,Technology,Machines,573.02,1,0.1,25.28
3933,US-2022-01593,05/09/2022,05/12/2022,Second Class,CU-0204,Ethan Wilson,Corporate,United States,Florida,South,Furniture,Furnishings,214.11,5,0.2,2.51
3934,US-2023-01594,02/11/2023,02/17/2023,Standard Class,CU-0568,John Miller,Consumer,United States,Illinois,Central,Office Supplies,Art,12.51,1,0.0,2.58
3935,US-2023-01594,02/11/2023,02/17/2023,Standard Class,CU-0568,John Miller,Consumer,United States,Illinois,Central,Furniture,Chairs,579.17,2,0.0,65.81
3936,US-2023-01594,02/11/2023,02/17/2023,Standard Class,CU-0568,John Miller,Consumer,United States,Illinois,Central,Furniture,Tables,853.42,2,0.0,11.52
3937,US-2022-01595,12/16/2022,12/18/2022,First Class,CU-0575,Olivia Davis,Corporate,United States,Virginia,South,Technology,Accessories,425.69,7,0.0,120.85
3938,US-2022-01595,12/16/2022,12/19/2022,First Class,CU-0575,Olivia Davis,Corporate,United States,Virginia,South,Technology,Copiers,660.29,1,0.4,92.89
3939,US-2022-01595,12/16/2022,12/18/2022,First Class,CU-0575,Olivia Davis,Corporate,United States,Virginia,South,Technology,Machines,2831.71,5,0.0,-64.35
3940,US-2025-01596,11/08/2025,11/14/2025,Standard Class,CU-0024,Emma Davis,Consumer,United States,California,West,Furniture,Furnishings,258.34,7,0.4,-14.83
3941,US-2025-01596,11/08/2025,11/13/2025,Standard Class,CU-0024,Emma Davis,Consumer,United States,California,West,Office Supplies,Labels,39.9,4,0.2,12.21
3942,US-2025-01596,11/08/2025,11/14/2025,Standard Class,CU-0024,Emma Davis,Consumer,United States,California,West,Office Supplies,Art,49.23,4,0.3,5.88
3943,US-2025-01596,11/08/2025,11/13/2025,Standard Class,CU-0024,Emma Davis,Consumer,United States,California,West,Office Supplies,Labels,46.89,4,0.0,16.88
3944,US-2023-01597,06/08/2023,06/13/2023,Standard Class,CU-0038,Priya Khan,Corporate,United States,Ohio,East,Office Supplies,Labels,56.58,7,0.2,13.35
3945,US-2023-01597,06/08/2023,06/14/2023,Standard Class,CU-0038,Priya Khan,Corporate,United States,Ohio,East,Office Supplies,Labels,41.05,3,0.0,12.53
3946,US-2023-01597,06/08/2023,06/14/2023,Standard Class,CU-0038,Priya Khan,Corporate,United States,Ohio,East,Office Supplies,Binders,126.22,5,0.0,33.36
3947,US-2023-01597,06/08/2023,06/13/2023,Standard Class,CU-0038,Priya Khan,Corporate,United States,Ohio,East,Office Supplies,Storage,627.25,6,0.1,25.11
3948,US-2025-01598,09/30/2025,10/03/2025,First Class,CU-0545,Maya Wilson,Corporate,United States,New York,East,Office Supplies,Storage,414.47,5,0.2,-4.95
3949,US-2024-01599,11/19/2024,11/19/2024,Same Day,CU-0578,Ethan Miller,Home Office,United States,New York,East,Office Supplies,Paper,147.53,6,0.0,64.33
3950,US-2022-01600,05/04/2022,05/07/2022,Second Class,CU-0586,Sara Lee,Corporate,United States,Ohio,East,Office Supplies,Storage,191.25,2,0.0,20.57
3951,US-2022-01600,05/04/2022,05/07/2022,Second Class,CU-0586,Sara Lee,Corporate,United States,Ohio,East,Office Supplies,Storage,161.36,2,0.1,11.4
3952,US-2022-01600,05/04/2022,05/07/2022,Second Class,CU-0586,Sara Lee,Corporate,United States,Ohio,East,Office Supplies,Labels,25.2,2,0.0,8.89
3953,US-2022-01601,06/18/2022,06/24/2022,Standard Class,CU-0516,Olivia Miller,Home Office,United States,Florida,South,Office Supplies,Storage,390.02,4,0.0,35.12
3954,US-2023-01602,09/26/2023,09/28/2023,First Class,CU-0202,Maya Wilson,Corporate,United States,Ohio,East,Furniture,Bookcases,190.04,1,0.5,-73.42
3955,US-2023-01602,09/26/2023,09/29/2023,First Class,CU-0202,Maya Wilson,Corporate,United States,Ohio,East,Technology,Machines,2150.88,5,0.0,-27.26
3956,US-2023-01602,09/26/2023,09/29/2023,First Class,CU-0202,Maya Wilson,Corporate,United States,Ohio,East,Furniture,Bookcases,991.57,4,0.1,-132.28
3957,US-2022-01603,01/30/2022,02/05/2022,Standard Class,CU-0460,Priya Khan,Corporate,United States,Texas,Central,Office Supplies,Paper,33.07,2,0.3,7.93
3958,US-2022-01603,01/30/2022,02/04/2022,Standard Class,CU-0460,Priya Khan,Corporate,United States,Texas,Central,Technology,Machines,3579.76,7,0.0,392.62
3959,US-2022-01603,01/30/2022,02/05/2022,Standard Class,CU-0460,Priya Khan,Corporate,United States,Texas,Central,Office Supplies,Art,42.7,3,0.0,10.3
3960,US-2024-01604,05/01/2024,05/04/2024,Second Class,CU-0094,Aarav Brown,Corporate,United States,Michigan,Central,Office Supplies,Paper,92.29,7,0.3,21.2
3961,US-2024-01604,05/01/2024,05/05/2024,Second Class,CU-0094,Aarav Brown,Corporate,United States,Michigan,Central,Office Supplies,Paper,62.94,3,0.0,28.55
3962,US-2025-01605,08/08/2025,08/12/2025,Second Class,CU-0492,John Clark,Consumer,United States,Georgia,South,Office Supplies,Art,28.27,2,0.1,6.22
3963,US-2025-01605,08/08/2025,08/11/2025,Second Class,CU-0492,John Clark,Consumer,United States,Georgia,South,Furniture,Furnishings,124.35,4,0.5,-16.54
3964,US-2025-01605,08/08/2025,08/12/2025,Second Class,CU-0492,John Clark,Consumer,United States,Georgia,South,Office Supplies,Art,62.63,5,0.1,11.16
3965,US-2022-01606,09/05/2022,09/10/2022,Standard Class,CU-0028,Emma Patel,Home Office,United States,Georgia,South,Technology,Machines,1660.71,4,0.2,-144.74
3966,US-2022-01607,10/14/2022,10/20/2022,Standard Class,CU-0441,Maya Brown,Corporate,United States,Pennsylvania,East,Furniture,Chairs,1655.9,6,0.0,169.75
3967,US-2022-01607,10/14/2022,10/19/2022,Standard Class,CU-0441,Maya Brown,Corporate,United States,Pennsylvania,East,Office Supplies,Binders,88.48,4,0.2,3.31
3968,US-2025-01608,08/05/2025,08/07/2025,First Class,CU-0595,Aarav Clark,Home Office,United States,Illinois,Central,Office Supplies,Storage,53.39,1,0.4,-8.74
3969,US-2025-01608,08/05/2025,08/08/2025,First Class,CU-0595,Aarav Clark,Home Office,United States,Illinois,Central,Office Supplies,Paper,28.73,3,0.5,3.57
3970,US-2025-01608,08/05/2025,08/07/2025,First Class,CU-0595,Aarav Clark,Home Office,United States,Illinois,Central,Office Supplies,Art,57.41,3,0.0,9.3
3971,US-2025-01608,08/05/2025,08/07/2025,First Class,CU-0595,Aarav Clark,Home Office,United States,Illinois,Central,Furniture,Bookcases,1160.42,6,0.5,-242.5
3972,US-2022-01609,06/01/2022,06/05/2022,Second Class,CU-0337,Ravi Khan,Consumer,United States,Pennsylvania,East,Furniture,Furnishings,143.96,2,0.0,25.99
3973,US-2022-01609,06/01/2022,06/04/2022,Second Class,CU-0337,Ravi Khan,Consumer,United States,Pennsylvania,East,Furniture,Tables,1456.75,5,0.3,-475.45
3974,US-2022-01609,06/01/2022,06/04/2022,Second Class,CU-0337,Ravi Khan,Consumer,United States,Pennsylvania,East,Office Supplies,Binders,67.81,3,0.1,11.13
3975,US-2022-01609,06/01/2022,06/05/2022,Second Class,CU-0337,Ravi Khan,Consumer,United States,Pennsylvania,East,Furniture,Furnishings,264.53,6,0.4,-26.97
3976,US-2025-01610,05/02/2025,05/08/2025,Standard Class,CU-0181,Ravi Smith,Consumer,United States,Texas,Central,Technology,Accessories,126.91,2,0.0,28.67
3977,US-2024-01611,10/01/2024,10/07/2024,Standard Class,CU-0305,Liam Clark,Corporate,United States,Virginia,South,Office Supplies,Binders,82.72,6,0.4,-6.48
3978,US-2024-01611,10/01/2024,10/06/2024,Standard Class,CU-0305,Liam Clark,Corporate,United States,Virginia,South,Furniture,Bookcases,1930.07,7,0.0,57.49
3979,US-2024-01611,10/01/2024,10/07/2024,Standard Class,CU-0305,Liam Clark,Corporate,United States,Virginia,South,Office Supplies,Labels,31.19,2,0.0,12.8
3980,US-2024-01611,10/01/2024,10/06/2024,Standard Class,CU-0305,Liam Clark,Corporate,United States,Virginia,South,Furniture,Bookcases,837.35,3,0.0,-46.0
3981,US-2025-01612,04/27/2025,05/03/2025,Standard Class,CU-0588,Liam Smith,Corporate,United States,Virginia,South,Office Supplies,Storage,190.96,2,0.0,13.22
3982,US-2025-01613,09/25/2025,09/28/2025,Second Class,CU-0030,Sara Davis,Home Office,United States,Pennsylvania,East,Furniture,Bookcases,1306.29,4,0.1,-64.1
3983,US-2025-01613,09/25/2025,09/28/2025,Second Class,CU-0030,Sara Davis,Home Office,United States,Pennsylvania,East,Furniture,Bookcases,1319.3,5,0.0,217.37
3984,US-2025-01613,09/25/2025,09/29/2025,Second Class,CU-0030,Sara Davis,Home Office,United States,Pennsylvania,East,Office Supplies,Paper,110.37,6,0.0,51.07
3985,US-2025-01613,09/25/2025,09/29/2025,Second Class,CU-0030,Sara Davis,Home Office,United States,Pennsylvania,East,Office Supplies,Paper,66.04,3,0.1,18.58
3986,US-2025-01614,09/28/2025,10/03/2025,Standard Class,CU-0398,Sara Patel,Home Office,United States,Texas,Central,Technology,Copiers,665.77,1,0.3,140.79
3987,US-2024-01615,02/26/2024,03/03/2024,Standard Class,CU-0077,Noah Patel,Corporate,United States,Michigan,Central,Furniture,Chairs,859.84,6,0.3,-57.12
3988,US-2025-01616,12/18/2025,12/23/2025,Standard Class,CU-0028,Emma Patel,Home Office,United States,California,West,Technology,Accessories,168.93,5,0.2,22.99
3989,US-2022-01617,09/25/2022,09/29/2022,Second Class,CU-0141,Zoe Miller,Home Office,United States,Florida,South,Furniture,Furnishings,272.67,7,0.2,26.55
3990,US-2023-01618,12/17/2023,12/17/2023,Same Day,CU-0106,Olivia Davis,Home Office,United States,Washington,West,Office Supplies,Storage,114.37,1,0.0,8.37
3991,US-2025-01619,07/16/2025,07/21/2025,Standard Class,CU-0032,Liam Wilson,Consumer,United States,Ohio,East,Furniture,Chairs,1935.16,7,0.0,250.03
3992,US-2025-01619,07/16/2025,07/21/2025,Standard Class,CU-0032,Liam Wilson,Consumer,United States,Ohio,East,Technology,Phones,1884.84,6,0.0,24.7
3993,US-2025-01620,01/12/2025,01/17/2025,Standard Class,CU-0010,Priya Khan,Corporate,United States,New York,East,Furniture,Furnishings,300.77,7,0.4,-42.33
3994,US-2025-01621,04/19/2025,04/24/2025,Standard Class,CU-0121,Ethan Wilson,Consumer,United States,Florida,South,Furniture,Bookcases,1887.73,7,0.0,12.69
3995,US-2025-01621,04/19/2025,04/24/2025,Standard Class,CU-0121,Ethan Wilson,Consumer,United States,Florida,South,Office Supplies,Paper,98.15,5,0.0,41.66
3996,US-2025-01621,04/19/2025,04/25/2025,Standard Class,CU-0121,Ethan Wilson,Consumer,United States,Florida,South,Furniture,Bookcases,1629.68,6,0.0,-61.42
3997,US-2025-01622,08/16/2025,08/21/2025,Standard Class,CU-0640,Emma Garcia,Corporate,United States,California,West,Furniture,Furnishings,173.93,4,0.1,30.17
3998,US-2025-01622,08/16/2025,08/21/2025,Standard Class,CU-0640,Emma Garcia,Corporate,United States,California,West,Office Supplies,Labels,77.98,7,0.2,22.79
3999,US-2025-01622,08/16/2025,08/21/2025,Standard Class,CU-0640,Emma Garcia,Corporate,United States,California,West,Office Supplies,Binders,85.25,3,0.1,19.69
4000,US-2025-01622,08/16/2025,08/21/2025,Standard Class,CU-0640,Emma Garcia,Corporate,United States,California,West,Furniture,Tables,506.11,2,0.5,-183.82
4001,US-2025-01623,09/15/2025,09/21/2025,Standard Class,CU-0570,Ethan Brown,Consumer,United States,California,West,Technology,Copiers,656.75,1,0.4,39.26
4002,US-2025-01623,09/15/2025,09/21/2025,Standard Class,CU-0570,Ethan Brown,Consumer,United States,California,West,Technology,Accessories,74.5,2,0.2,15.51
4003,US-2025-01624,01/31/2025,02/06/2025,Standard Class,CU-0212,Liam Patel,Home Office,United States,New York,East,Office Supplies,Labels,12.86,2,0.4,0.53
4004,US-2025-01624,01/31/2025,02/06/2025,Standard Class,CU-0212,Liam Patel,Home Office,United States,New York,East,Furniture,Bookcases,566.62,3,0.5,-82.23
4005,US-2025-01624,01/31/2025,02/06/2025,Standard Class,CU-0212,Liam Patel,Home Office,United States,New York,East,Office Supplies,Paper,153.22,7,0.0,64.37
4006,US-2025-01624,01/31/2025,02/05/2025,Standard Class,CU-0212,Liam Patel,Home Office,United States,New York,East,Furniture,Chairs,1382.7,6,0.2,-47.28
4007,US-2025-01625,04/28/2025,05/04/2025,Standard Class,CU-0228,Maya Clark,Home Office,United States,California,West,Furniture,Tables,546.81,2,0.4,-140.68
4008,US-2025-01625,04/28/2025,05/03/2025,Standard Class,CU-0228,Maya Clark,Home Office,United States,California,West,Furniture,Furnishings,448.38,6,0.0,27.24
4009,US-2025-01625,04/28/2025,05/04/2025,Standard Class,CU-0228,Maya Clark,Home Office,United States,California,West,Technology,Accessories,98.92,2,0.0,23.43
4010,US-2025-01625,04/28/2025,05/03/2025,Standard Class,CU-0228,Maya Clark,Home Office,United States,California,West,Furniture,Furnishings,520.69,7,0.0,64.74
4011,US-2025-01626,03/18/2025,03/23/2025,Standard Class,CU-0476,Priya Miller,Home Office,United States,Oregon,West,Furniture,Bookcases,172.07,1,0.5,-47.53
4012,US-2024-01627,06/26/2024,07/02/2024,Standard Class,CU-0413,Aarav Patel,Consumer,United States,Oregon,West,Furniture,Bookcases,847.72,3,0.0,45.52
4013,US-2024-01627,06/26/2024,07/01/2024,Standard Class,CU-0413,Aarav Patel,Consumer,United States,Oregon,West,Technology,Phones,727.2,2,0.0,113.11
4014,US-2024-01627,06/26/2024,07/01/2024,Standard Class,CU-0413,Aarav Patel,Consumer,United States,Oregon,West,Office Supplies,Paper,92.4,7,0.2,30.66
4015,US-2024-01627,06/26/2024,07/02/2024,Standard Class,CU-0413,Aarav Patel,Consumer,United States,Oregon,West,Office Supplies,Binders,71.76,5,0.4,-0.46
4016,US-2025-01628,02/17/2025,02/22/2025,Standard Class,CU-0063,Maya Lee,Consumer,United States,Illinois,Central,Furniture,Tables,219.22,1,0.5,-52.77
4017,US-2023-01629,07/27/2023,08/01/2023,Standard Class,CU-0532,Aarav Davis,Consumer,United States,California,West,Furniture,Chairs,323.53,1,0.0,38.77
4018,US-2024-01630,08/31/2024,09/05/2024,Standard Class,CU-0596,John Patel,Consumer,United States,Michigan,Central,Technology,Machines,2451.41,6,0.3,-433.61
4019,US-2024-01630,08/31/2024,09/06/2024,Standard Class,CU-0596,John Patel,Consumer,United States,Michigan,Central,Furniture,Bookcases,557.85,2,0.0,-19.69
4020,US-2024-01630,08/31/2024,09/06/2024,Standard Class,CU-0596,John Patel,Consumer,United States,Michigan,Central,Furniture,Bookcases,279.35,1,0.1,-22.07
4021,US-2024-01630,08/31/2024,09/05/2024,Standard Class,CU-0596,John Patel,Consumer,United States,Michigan,Central,Furniture,Tables,2187.07,5,0.1,-286.31
4022,US-2024-01631,03/02/2024,03/08/2024,Standard Class,CU-0498,Emma Smith,Consumer,United States,Texas,Central,Technology,Copiers,4392.27,6,0.0,1564.51
4023,US-2024-01632,09/11/2024,09/14/2024,Second Class,CU-0323,Olivia Lee,Home Office,United States,Michigan,Central,Technology,Phones,675.46,3,0.4,-34.28
4024,US-2024-01632,09/11/2024,09/14/2024,Second Class,CU-0323,Olivia Lee,Home Office,United States,Michigan,Central,Office Supplies,Binders,47.0,3,0.5,-1.74
4025,US-2024-01632,09/11/2024,09/14/2024,Second Class,CU-0323,Olivia Lee,Home Office,United States,Michigan,Central,Technology,Machines,3851.21,7,0.0,114.06
4026,US-2025-01633,03/05/2025,03/08/2025,Second Class,CU-0187,Priya Wilson,Corporate,United States,Ohio,East,Office Supplies,Storage,93.57,1,0.2,-1.34
4027,US-2025-01633,03/05/2025,03/09/2025,Second Class,CU-0187,Priya Wilson,Corporate,United States,Ohio,East,Technology,Accessories,28.77,1,0.3,0.62
4028,US-2025-01633,03/05/2025,03/09/2025,Second Class,CU-0187,Priya Wilson,Corporate,United States,Ohio,East,Technology,Accessories,202.21,5,0.0,51.78
4029,US-2023-01634,08/02/2023,08/05/2023,Second Class,CU-0166,Liam Patel,Corporate,United States,Michigan,Central,Furniture,Furnishings,139.88,3,0.4,-14.02
4030,US-2024-01635,03/10/2024,03/12/2024,First Class,CU-0157,John Clark,Home Office,United States,Michigan,Central,Furniture,Bookcases,1007.07,3,0.0,48.63
4031,US-2025-01636,06/28/2025,07/02/2025,Second Class,CU-0546,Noah Patel,Corporate,United States,Washington,West,Furniture,Bookcases,1547.66,6,0.0,55.22
4032,US-2025-01637,09/19/2025,09/25/2025,Standard Class,CU-0420,Noah Khan,Home Office,United States,Ohio,East,Technology,Copiers,2329.8,4,0.4,367.58
4033,US-2025-01637,09/19/2025,09/24/2025,Standard Class,CU-0420,Noah Khan,Home Office,United States,Ohio,East,Furniture,Chairs,300.96,2,0.5,-45.2
4034,US-2025-01637,09/19/2025,09/25/2025,Standard Class,CU-0420,Noah Khan,Home Office,United States,Ohio,East,Furniture,Tables,938.17,4,0.3,-130.97
4035,US-2025-01637,09/19/2025,09/24/2025,Standard Class,CU-0420,Noah Khan,Home Office,United States,Ohio,East,Technology,Accessories,80.11,2,0.0,18.73
4036,US-2023-01638,05/18/2023,05/24/2023,Standard Class,CU-0457,Zoe Miller,Home Office,United States,Pennsylvania,East,Technology,Copiers,879.8,1,0.0,299.17
4037,US-2023-01638,05/18/2023,05/23/2023,Standard Class,CU-0457,Zoe Miller,Home Office,United States,Pennsylvania,East,Technology,Accessories,308.44,6,0.2,44.41
4038,US-2023-01638,05/18/2023,05/24/2023,Standard Class,CU-0457,Zoe Miller,Home Office,United States,Pennsylvania,East,Furniture,Furnishings,395.05,7,0.0,67.3
4039,US-2023-01638,05/18/2023,05/23/2023,Standard Class,CU-0457,Zoe Miller,Home Office,United States,Pennsylvania,East,Office Supplies,Binders,15.35,1,0.5,-0.25
4040,US-2022-01639,09/02/2022,09/08/2022,Standard Class,CU-0619,Maya Wilson,Corporate,United States,Illinois,Central,Office Supplies,Binders,222.73,7,0.0,45.93
4041,US-2022-01639,09/02/2022,09/07/2022,Standard Class,CU-0619,Maya Wilson,Corporate,United States,Illinois,Central,Furniture,Tables,341.8,1,0.2,-98.82
4042,US-2022-01639,09/02/2022,09/08/2022,Standard Class,CU-0619,Maya Wilson,Corporate,United States,Illinois,Central,Furniture,Tables,617.91,3,0.4,-188.36
4043,US-2023-01640,04/15/2023,04/19/2023,Second Class,CU-0579,Ethan Davis,Corporate,United States,Washington,West,Furniture,Bookcases,716.32,2,0.0,74.67
4044,US-2023-01640,04/15/2023,04/18/2023,Second Class,CU-0579,Ethan Davis,Corporate,United States,Washington,West,Furniture,Tables,760.44,2,0.1,-117.79
4045,US-2023-01640,04/15/2023,04/18/2023,Second Class,CU-0579,Ethan Davis,Corporate,United States,Washington,West,Furniture,Chairs,704.71,4,0.4,1.34
4046,US-2023-01641,09/08/2023,09/13/2023,Standard Class,CU-0572,Ravi Miller,Home Office,United States,Pennsylvania,East,Furniture,Tables,1370.75,4,0.0,-84.92
4047,US-2023-01641,09/08/2023,09/13/2023,Standard Class,CU-0572,Ravi Miller,Home Office,United States,Pennsylvania,East,Technology,Accessories,194.46,6,0.5,-19.26
4048,US-2023-01641,09/08/2023,09/13/2023,Standard Class,CU-0572,Ravi Miller,Home Office,United States,Pennsylvania,East,Technology,Machines,2689.72,7,0.2,-391.35
4049,US-2023-01641,09/08/2023,09/14/2023,Standard Class,CU-0572,Ravi Miller,Home Office,United States,Pennsylvania,East,Furniture,Furnishings,70.42,2,0.4,-3.66
4050,US-2025-01642,10/22/2025,10/24/2025,First Class,CU-0146,Maya Khan,Home Office,United States,California,West,Technology,Machines,2966.5,7,0.3,-598.81
4051,US-2025-01642,10/22/2025,10/24/2025,First Class,CU-0146,Maya Khan,Home Office,United States,California,West,Office Supplies,Storage,200.47,3,0.3,-4.72
4052,US-2025-01642,10/22/2025,10/25/2025,First Class,CU-0146,Maya Khan,Home Office,United States,California,West,Technology,Machines,1143.35,3,0.3,-161.29
4053,US-2025-01642,10/22/2025,10/25/2025,First Class,CU-0146,Maya Khan,Home Office,United States,California,West,Furniture,Furnishings,295.98,7,0.4,-36.62
4054,US-2023-01643,07/27/2023,08/01/2023,Standard Class,CU-0236,Noah Smith,Corporate,United States,Pennsylvania,East,Office Supplies,Art,45.27,3,0.0,11.74
4055,US-2023-01643,07/27/2023,08/01/2023,Standard Class,CU-0236,Noah Smith,Corporate,United States,Pennsylvania,East,Technology,Machines,1263.61,3,0.1,-135.98
4056,US-2023-01643,07/27/2023,08/02/2023,Standard Class,CU-0236,Noah Smith,Corporate,United States,Pennsylvania,East,Furniture,Tables,914.85,2,0.0,-158.73
4057,US-2023-01643,07/27/2023,08/02/2023,Standard Class,CU-0236,Noah Smith,Corporate,United States,Pennsylvania,East,Furniture,Chairs,241.41,1,0.2,-0.85
4058,US-2023-01644,04/03/2023,04/05/2023,First Class,CU-0606,Maya Brown,Consumer,United States,Texas,Central,Office Supplies,Art,49.85,6,0.5,-0.8
4059,US-2023-01644,04/03/2023,04/05/2023,First Class,CU-0606,Maya Brown,Consumer,United States,Texas,Central,Technology,Phones,1358.54,5,0.1,58.31
4060,US-2022-01645,02/24/2022,03/01/2022,Standard Class,CU-0345,Ravi Lee,Consumer,United States,Michigan,Central,Technology,Accessories,45.52,1,0.1,4.84
4061,US-2022-01645,02/24/2022,03/02/2022,Standard Class,CU-0345,Ravi Lee,Consumer,United States,Michigan,Central,Furniture,Furnishings,197.35,3,0.1,24.71
4062,US-2022-01645,02/24/2022,03/01/2022,Standard Class,CU-0345,Ravi Lee,Consumer,United States,Michigan,Central,Technology,Copiers,1135.64,1,0.0,400.68
4063,US-2022-01646,02/02/2022,02/05/2022,First Class,CU-0229,John Wilson,Corporate,United States,California,West,Technology,Copiers,2610.31,5,0.4,389.62
4064,US-2022-01646,02/02/2022,02/05/2022,First Class,CU-0229,John Wilson,Corporate,United States,California,West,Furniture,Tables,294.16,1,0.4,-64.12
4065,US-2022-01646,02/02/2022,02/04/2022,First Class,CU-0229,John Wilson,Corporate,United States,California,West,Technology,Phones,714.52,4,0.4,-32.41
4066,US-2022-01646,02/02/2022,02/04/2022,First Class,CU-0229,John Wilson,Corporate,United States,California,West,Office Supplies,Binders,32.23,1,0.0,6.12
4067,US-2025-01647,04/01/2025,04/05/2025,Second Class,CU-0084,Aarav Patel,Corporate,United States,California,West,Office Supplies,Storage,158.58,2,0.0,10.69
4068,US-2024-01648,07/14/2024,07/17/2024,First Class,CU-0213,John Brown,Home Office,United States,California,West,Technology,Copiers,2171.73,3,0.3,368.98
4069,US-2023-01649,07/05/2023,07/11/2023,Standard Class,CU-0636,John Brown,Consumer,United States,Washington,West,Office Supplies,Binders,41.69,2,0.3,-0.69
4070,US-2023-01649,07/05/2023,07/10/2023,Standard Class,CU-0636,John Brown,Consumer,United States,Washington,West,Technology,Copiers,1380.79,2,0.4,179.96
4071,US-2023-01649,07/05/2023,07/11/2023,Standard Class,CU-0636,John Brown,Consumer,United States,Washington,West,Furniture,Furnishings,78.77,3,0.5,-8.07
4072,US-2023-01649,07/05/2023,07/10/2023,Standard Class,CU-0636,John Brown,Consumer,United States,Washington,West,Office Supplies,Labels,24.95,5,0.5,1.55
4073,US-2024-01650,09/11/2024,09/16/2024,Standard Class,CU-0357,Liam Smith,Home Office,United States,Georgia,South,Furniture,Chairs,815.79,4,0.0,54.97
4074,US-2024-01650,09/11/2024,09/17/2024,Standard Class,CU-0357,Liam Smith,Home Office,United States,Georgia,South,Office Supplies,Binders,21.4,1,0.0,5.71
4075,US-2023-01651,12/12/2023,12/13/2023,Same Day,CU-0286,Ethan Brown,Consumer,United States,Virginia,South,Technology,Machines,2326.7,6,0.3,-296.72
4076,US-2023-01651,12/12/2023,12/13/2023,Same Day,CU-0286,Ethan Brown,Consumer,United States,Virginia,South,Furniture,Furnishings,423.17,7,0.0,113.21
4077,US-2023-01651,12/12/2023,12/13/2023,Same Day,CU-0286,Ethan Brown,Consumer,United States,Virginia,South,Technology,Machines,4413.29,7,0.0,5.1
4078,US-2023-01652,03/01/2023,03/07/2023,Standard Class,CU-0658,Zoe Miller,Corporate,United States,New York,East,Office Supplies,Art,85.5,5,0.0,22.0
4079,US-2024-01653,01/26/2024,01/27/2024,Same Day,CU-0562,Priya Lee,Corporate,United States,Georgia,South,Office Supplies,Art,44.37,5,0.5,0.39
4080,US-2022-01654,09/12/2022,09/17/2022,Standard Class,CU-0035,Priya Smith,Home Office,United States,California,West,Office Supplies,Paper,55.51,4,0.4,10.43
4081,US-2022-01654,09/12/2022,09/17/2022,Standard Class,CU-0035,Priya Smith,Home Office,United States,California,West,Office Supplies,Art,62.51,5,0.3,0.71
4082,US-2025-01655,11/07/2025,11/13/2025,Standard Class,CU-0030,Sara Davis,Home Office,United States,Georgia,South,Technology,Phones,1807.6,6,0.1,141.42
4083,US-2025-01655,11/07/2025,11/13/2025,Standard Class,CU-0030,Sara Davis,Home Office,United States,Georgia,South,Furniture,Bookcases,1049.72,7,0.4,-191.33
4084,US-2025-01655,11/07/2025,11/13/2025,Standard Class,CU-0030,Sara Davis,Home Office,United States,Georgia,South,Technology,Copiers,2691.37,6,0.4,415.21
4085,US-2023-01656,02/09/2023,02/13/2023,Second Class,CU-0082,Olivia Miller,Consumer,United States,Michigan,Central,Office Supplies,Labels,6.37,1,0.5,1.14
4086,US-2025-01657,06/06/2025,06/09/2025,First Class,CU-0557,Noah Davis,Home Office,United States,Florida,South,Office Supplies,Labels,14.05,2,0.4,1.12
4087,US-2022-01658,02/14/2022,02/20/2022,Standard Class,CU-0540,Noah Patel,Home Office,United States,Oregon,West,Office Supplies,Binders,200.85,7,0.1,41.76
4088,US-2022-01658,02/14/2022,02/19/2022,Standard Class,CU-0540,Noah Patel,Home Office,United States,Oregon,West,Furniture,Furnishings,57.13,1,0.2,-0.12
4089,US-2024-01659,12/22/2024,12/27/2024,Standard Class,CU-0695,Sara Miller,Consumer,United States,Florida,South,Office Supplies,Paper,16.22,1,0.3,4.47
4090,US-2024-01659,12/22/2024,12/27/2024,Standard Class,CU-0695,Sara Miller,Consumer,United States,Florida,South,Technology,Accessories,144.25,4,0.3,7.14
4091,US-2024-01659,12/22/2024,12/28/2024,Standard Class,CU-0695,Sara Miller,Consumer,United States,Florida,South,Technology,Machines,1156.34,3,0.4,-252.18
4092,US-2024-01659,12/22/2024,12/27/2024,Standard Class,CU-0695,Sara Miller,Consumer,United States,Florida,South,Technology,Phones,272.7,1,0.0,58.59
4093,US-2023-01660,05/13/2023,05/18/2023,Standard Class,CU-0121,Ethan Wilson,Consumer,United States,Florida,South,Furniture,Furnishings,253.67,4,0.0,58.66
4094,US-2023-01660,05/13/2023,05/19/2023,Standard Class,CU-0121,Ethan Wilson,Consumer,United States,Florida,South,Technology,Copiers,2001.81,4,0.5,209.76
4095,US-2022-01661,12/23/2022,12/27/2022,Second Class,CU-0604,Zoe Brown,Corporate,United States,Ohio,East,Furniture,Furnishings,243.97,4,0.0,33.54
4096,US-2022-01661,12/23/2022,12/26/2022,Second Class,CU-0604,Zoe Brown,Corporate,United States,Ohio,East,Office Supplies,Art,11.95,1,0.2,1.72
4097,US-2022-01661,12/23/2022,12/27/2022,Second Class,CU-0604,Zoe Brown,Corporate,United States,Ohio,East,Technology,Accessories,174.82,3,0.0,42.39
4098,US-2022-01661,12/23/2022,12/27/2022,Second Class,CU-0604,Zoe Brown,Corporate,United States,Ohio,East,Furniture,Furnishings,272.98,6,0.4,-35.77
4099,US-2023-01662,09/30/2023,10/03/2023,Second Class,CU-0244,Olivia Davis,Corporate,United States,Florida,South,Furniture,Furnishings,391.46,7,0.2,25.71
4100,US-2023-01662,09/30/2023,10/04/2023,Second Class,CU-0244,Olivia Davis,Corporate,United States,Florida,South,Office Supplies,Binders,72.18,5,0.4,-0.32
4101,US-2023-01662,09/30/2023,10/04/2023,Second Class,CU-0244,Olivia Davis,Corporate,United States,Florida,South,Office Supplies,Paper,52.42,3,0.0,21.41
4102,US-2023-01662,09/30/2023,10/03/2023,Second Class,CU-0244,Olivia Davis,Corporate,United States,Florida,South,Office Supplies,Paper,11.58,1,0.4,1.56
4103,US-2025-01663,02/14/2025,02/17/2025,Second Class,CU-0201,Olivia Davis,Home Office,United States,Ohio,East,Technology,Phones,258.08,1,0.1,2.07
4104,US-2025-01664,02/08/2025,02/14/2025,Standard Class,CU-0012,Noah Wilson,Consumer,United States,California,West,Office Supplies,Storage,241.95,4,0.4,-30.97
4105,US-2023-01665,04/25/2023,04/30/2023,Standard Class,CU-0196,Zoe Miller,Consumer,United States,Pennsylvania,East,Furniture,Tables,1163.57,4,0.2,-182.05
4106,US-2023-01665,04/25/2023,05/01/2023,Standard Class,CU-0196,Zoe Miller,Consumer,United States,Pennsylvania,East,Technology,Machines,2097.45,6,0.2,-363.93
4107,US-2023-01665,04/25/2023,05/01/2023,Standard Class,CU-0196,Zoe Miller,Consumer,United States,Pennsylvania,East,Furniture,Furnishings,222.02,6,0.3,-3.41
4108,US-2023-01665,04/25/2023,04/30/2023,Standard Class,CU-0196,Zoe Miller,Consumer,United States,Pennsylvania,East,Furniture,Tables,2524.9,7,0.3,-511.76
4109,US-2025-01666,03/01/2025,03/07/2025,Standard Class,CU-0155,Ravi Garcia,Consumer,United States,Georgia,South,Office Supplies,Paper,127.16,5,0.0,56.39
4110,US-2025-01666,03/01/2025,03/06/2025,Standard Class,CU-0155,Ravi Garcia,Consumer,United States,Georgia,South,Furniture,Bookcases,318.3,1,0.0,8.77
4111,US-2022-01667,01/02/2022,01/07/2022,Standard Class,CU-0102,Ethan Khan,Consumer,United States,Texas,Central,Furniture,Tables,1937.72,6,0.0,-50.4
4112,US-2023-01668,05/28/2023,05/28/2023,Same Day,CU-0521,Sara Brown,Consumer,United States,Ohio,East,Furniture,Chairs,204.78,1,0.0,16.3
4113,US-2023-01668,05/28/2023,05/28/2023,Same Day,CU-0521,Sara Brown,Consumer,United States,Ohio,East,Furniture,Bookcases,899.76,5,0.5,-192.0
4114,US-2023-01668,05/28/2023,05/28/2023,Same Day,CU-0521,Sara Brown,Consumer,United States,Ohio,East,Office Supplies,Art,64.06,7,0.4,2.72
4115,US-2023-01668,05/28/2023,05/29/2023,Same Day,CU-0521,Sara Brown,Consumer,United States,Ohio,East,Furniture,Furnishings,193.15,3,0.1,41.5
4116,US-2023-01669,11/09/2023,11/14/2023,Standard Class,CU-0547,John Brown,Home Office,United States,Michigan,Central,Office Supplies,Paper,24.75,2,0.5,3.38
4117,US-2023-01669,11/09/2023,11/15/2023,Standard Class,CU-0547,John Brown,Home Office,United States,Michigan,Central,Furniture,Tables,423.69,1,0.1,-70.84
4118,US-2023-01670,05/16/2023,05/18/2023,First Class,CU-0032,Liam Wilson,Consumer,United States,Texas,Central,Office Supplies,Labels,21.69,2,0.0,7.47
4119,US-2023-01670,05/16/2023,05/19/2023,First Class,CU-0032,Liam Wilson,Consumer,United States,Texas,Central,Furniture,Chairs,580.0,2,0.0,53.31
4120,US-2023-01670,05/16/2023,05/19/2023,First Class,CU-0032,Liam Wilson,Consumer,United States,Texas,Central,Office Supplies,Paper,56.13,3,0.1,16.2
4121,US-2024-01671,10/25/2024,10/31/2024,Standard Class,CU-0554,Sara Miller,Corporate,United States,Florida,South,Furniture,Bookcases,1508.73,5,0.0,32.88
4122,US-2024-01671,10/25/2024,10/30/2024,Standard Class,CU-0554,Sara Miller,Corporate,United States,Florida,South,Furniture,Bookcases,241.95,1,0.0,25.3
4123,US-2022-01672,03/23/2022,03/27/2022,Second Class,CU-0530,Aarav Wilson,Consumer,United States,Pennsylvania,East,Furniture,Bookcases,1311.14,5,0.0,24.97
4124,US-2022-01672,03/23/2022,03/26/2022,Second Class,CU-0530,Aarav Wilson,Consumer,United States,Pennsylvania,East,Furniture,Tables,1165.49,3,0.0,-74.64
4125,US-2022-01672,03/23/2022,03/27/2022,Second Class,CU-0530,Aarav Wilson,Consumer,United States,Pennsylvania,East,Furniture,Chairs,1660.75,7,0.0,264.15
4126,US-2025-01673,02/25/2025,02/27/2025,First Class,CU-0121,Ethan Wilson,Consumer,United States,New York,East,Office Supplies,Paper,42.82,4,0.4,7.19
4127,US-2025-01674,10/12/2025,10/18/2025,Standard Class,CU-0576,Priya Clark,Corporate,United States,Virginia,South,Furniture,Tables,1650.04,6,0.2,-335.68
4128,US-2025-01674,10/12/2025,10/17/2025,Standard Class,CU-0576,Priya Clark,Corporate,United States,Virginia,South,Furniture,Furnishings,404.33,7,0.1,19.9
4129,US-2025-01674,10/12/2025,10/18/2025,Standard Class,CU-0576,Priya Clark,Corporate,United States,Virginia,South,Office Supplies,Storage,580.65,7,0.1,22.01
4130,US-2022-01675,06/14/2022,06/18/2022,Second Class,CU-0570,Ethan Brown,Consumer,United States,Illinois,Central,Technology,Machines,3055.96,5,0.0,63.79
4131,US-2022-01675,06/14/2022,06/18/2022,Second Class,CU-0570,Ethan Brown,Consumer,United States,Illinois,Central,Technology,Accessories,150.74,3,0.0,32.81
4132,US-2022-01675,06/14/2022,06/17/2022,Second Class,CU-0570,Ethan Brown,Consumer,United States,Illinois,Central,Office Supplies,Labels,44.8,6,0.4,8.78
4133,US-2022-01675,06/14/2022,06/18/2022,Second Class,CU-0570,Ethan Brown,Consumer,United States,Illinois,Central,Technology,Accessories,317.08,5,0.0,96.15
4134,US-2023-01676,06/24/2023,06/29/2023,Standard Class,CU-0686,Liam Davis,Home Office,United States,Michigan,Central,Furniture,Tables,1640.14,5,0.1,-288.29
4135,US-2023-01677,02/02/2023,02/06/2023,Second Class,CU-0022,Zoe Garcia,Consumer,United States,Washington,West,Furniture,Bookcases,923.15,5,0.3,-140.79
4136,US-2023-01678,12/05/2023,12/08/2023,First Class,CU-0569,Zoe Wilson,Home Office,United States,Oregon,West,Office Supplies,Storage,176.84,4,0.4,-26.38
4137,US-2024-01679,02/12/2024,02/17/2024,Standard Class,CU-0425,Zoe Miller,Home Office,United States,New York,East,Office Supplies,Art,42.39,5,0.5,-0.97
4138,US-2024-01680,06/19/2024,06/23/2024,Second Class,CU-0277,Ethan Smith,Consumer,United States,Michigan,Central,Furniture,Bookcases,615.15,2,0.1,-19.2
4139,US-2024-01681,03/24/2024,03/28/2024,Second Class,CU-0300,Aarav Smith,Corporate,United States,Florida,South,Furniture,Bookcases,1017.63,6,0.5,-232.88
4140,US-2024-01681,03/24/2024,03/27/2024,Second Class,CU-0300,Aarav Smith,Corporate,United States,Florida,South,Office Supplies,Storage,72.43,1,0.3,-10.04
4141,US-2024-01681,03/24/2024,03/27/2024,Second Class,CU-0300,Aarav Smith,Corporate,United States,Florida,South,Office Supplies,Paper,25.79,1,0.0,11.33
4142,US-2024-01681,03/24/2024,03/27/2024,Second Class,CU-0300,Aarav Smith,Corporate,United States,Florida,South,Furniture,Tables,418.5,2,0.5,-157.85
4143,US-2024-01682,05/04/2024,05/09/2024,Standard Class,CU-0634,Liam Khan,Corporate,United States,Ohio,East,Office Supplies,Storage,274.06,3,0.0,25.03
4144,US-2024-01682,05/04/2024,05/10/2024,Standard Class,CU-0634,Liam Khan,Corporate,United States,Ohio,East,Technology,Copiers,3837.47,6,0.3,488.93
4145,US-2024-01683,05/22/2024,05/25/2024,First Class,CU-0245,Zoe Davis,Consumer,United States,Pennsylvania,East,Furniture,Tables,1024.22,2,0.0,-77.77
4146,US-2024-01684,06/27/2024,07/03/2024,Standard Class,CU-0519,Emma Patel,Home Office,United States,Virginia,South,Technology,Accessories,60.63,2,0.3,4.4
4147,US-2024-01684,06/27/2024,07/02/2024,Standard Class,CU-0519,Emma Patel,Home Office,United States,Virginia,South,Furniture,Chairs,859.46,6,0.4,-59.05
4148,US-2024-01684,06/27/2024,07/03/2024,Standard Class,CU-0519,Emma Patel,Home Office,United States,Virginia,South,Furniture,Furnishings,105.04,3,0.5,-19.63
4149,US-2023-01685,02/12/2023,02/18/2023,Standard Class,CU-0231,Zoe Davis,Home Office,United States,Pennsylvania,East,Technology,Accessories,60.71,2,0.5,-2.72
4150,US-2023-01685,02/12/2023,02/18/2023,Standard Class,CU-0231,Zoe Davis,Home Office,United States,Pennsylvania,East,Technology,Machines,1256.35,3,0.0,19.4
4151,US-2023-01685,02/12/2023,02/18/2023,Standard Class,CU-0231,Zoe Davis,Home Office,United States,Pennsylvania,East,Technology,Phones,1783.89,6,0.0,440.89
4152,US-2023-01686,11/18/2023,11/20/2023,First Class,CU-0058,Maya Davis,Home Office,United States,New York,East,Office Supplies,Labels,39.37,4,0.3,5.71
4153,US-2023-01686,11/18/2023,11/20/2023,First Class,CU-0058,Maya Davis,Home Office,United States,New York,East,Technology,Phones,1394.55,6,0.1,108.96
4154,US-2025-01687,02/21/2025,02/26/2025,Standard Class,CU-0583,Zoe Lee,Home Office,United States,Florida,South,Furniture,Bookcases,989.22,4,0.0,-39.74
4155,US-2025-01687,02/21/2025,02/26/2025,Standard Class,CU-0583,Zoe Lee,Home Office,United States,Florida,South,Office Supplies,Labels,58.54,5,0.2,20.29
4156,US-2025-01687,02/21/2025,02/27/2025,Standard Class,CU-0583,Zoe Lee,Home Office,United States,Florida,South,Technology,Phones,542.15,2,0.3,-26.89
4157,US-2025-01687,02/21/2025,02/26/2025,Standard Class,CU-0583,Zoe Lee,Home Office,United States,Florida,South,Office Supplies,Paper,28.78,2,0.4,3.85
4158,US-2022-01688,03/31/2022,04/05/2022,Standard Class,CU-0219,Noah Khan,Home Office,United States,Oregon,West,Technology,Machines,2724.69,6,0.0,-29.86
4159,US-2022-01688,03/31/2022,04/06/2022,Standard Class,CU-0219,Noah Khan,Home Office,United States,Oregon,West,Office Supplies,Art,72.52,4,0.0,23.31
4160,US-2022-01688,03/31/2022,04/05/2022,Standard Class,CU-0219,Noah Khan,Home Office,United States,Oregon,West,Technology,Copiers,3038.36,6,0.3,658.56
4161,US-2022-01688,03/31/2022,04/05/2022,Standard Class,CU-0219,Noah Khan,Home Office,United States,Oregon,West,Technology,Copiers,6753.68,6,0.0,2332.64
4162,US-2024-01689,08/13/2024,08/18/2024,Standard Class,CU-0590,Emma Smith,Consumer,United States,Virginia,South,Furniture,Chairs,941.03,5,0.4,-56.28
4163,US-2024-01689,08/13/2024,08/19/2024,Standard Class,CU-0590,Emma Smith,Consumer,United States,Virginia,South,Technology,Accessories,73.9,3,0.5,-0.72
4164,US-2024-01689,08/13/2024,08/18/2024,Standard Class,CU-0590,Emma Smith,Consumer,United States,Virginia,South,Furniture,Furnishings,358.24,6,0.2,17.01
4165,US-2024-01689,08/13/2024,08/19/2024,Standard Class,CU-0590,Emma Smith,Consumer,United States,Virginia,South,Technology,Machines,1298.61,4,0.4,-234.49
4166,US-2024-01690,01/03/2024,01/07/2024,Second Class,CU-0033,John Miller,Corporate,United States,Illinois,Central,Office Supplies,Storage,162.54,2,0.1,-8.22
4167,US-2024-01690,01/03/2024,01/06/2024,Second Class,CU-0033,John Miller,Corporate,United States,Illinois,Central,Furniture,Bookcases,932.4,3,0.1,-82.51
4168,US-2024-01690,01/03/2024,01/06/2024,Second Class,CU-0033,John Miller,Corporate,United States,Illinois,Central,Technology,Accessories,69.4,2,0.2,6.14
4169,US-2024-01690,01/03/2024,01/06/2024,Second Class,CU-0033,John Miller,Corporate,United States,Illinois,Central,Office Supplies,Labels,6.87,1,0.5,1.32
4170,US-2023-01691,02/26/2023,03/02/2023,Second Class,CU-0306,Emma Khan,Home Office,United States,New York,East,Office Supplies,Storage,430.7,5,0.1,-15.49
4171,US-2023-01691,02/26/2023,03/01/2023,Second Class,CU-0306,Emma Khan,Home Office,United States,New York,East,Office Supplies,Art,76.02,6,0.3,3.9
4172,US-2023-01691,02/26/2023,03/01/2023,Second Class,CU-0306,Emma Khan,Home Office,United States,New York,East,Furniture,Tables,457.17,2,0.4,-99.57
4173,US-2025-01692,09/23/2025,09/27/2025,Second Class,CU-0058,Maya Davis,Home Office,United States,California,West,Technology,Machines,526.07,1,0.0,16.47
4174,US-2025-01692,09/23/2025,09/26/2025,Second Class,CU-0058,Maya Davis,Home Office,United States,California,West,Furniture,Bookcases,609.35,2,0.1,-56.42
4175,US-2023-01693,06/11/2023,06/16/2023,Standard Class,CU-0435,Ravi Wilson,Corporate,United States,Washington,West,Technology,Phones,746.67,4,0.5,-11.53
4176,US-2023-01693,06/11/2023,06/16/2023,Standard Class,CU-0435,Ravi Wilson,Corporate,United States,Washington,West,Technology,Machines,862.04,2,0.0,-2.48
4177,US-2023-01694,09/09/2023,09/14/2023,Standard Class,CU-0251,Zoe Patel,Consumer,United States,New York,East,Office Supplies,Art,64.48,6,0.4,6.47
4178,US-2023-01694,09/09/2023,09/14/2023,Standard Class,CU-0251,Zoe Patel,Consumer,United States,New York,East,Furniture,Furnishings,432.49,6,0.0,33.44
4179,US-2023-01694,09/09/2023,09/14/2023,Standard Class,CU-0251,Zoe Patel,Consumer,United States,New York,East,Furniture,Bookcases,308.55,2,0.4,-68.71
4180,US-2023-01694,09/09/2023,09/15/2023,Standard Class,CU-0251,Zoe Patel,Consumer,United States,New York,East,Furniture,Chairs,2100.76,7,0.0,319.87
4181,US-2022-01695,04/13/2022,04/19/2022,Standard Class,CU-0228,Maya Clark,Home Office,United States,Michigan,Central,Office Supplies,Art,41.35,4,0.2,3.96
4182,US-2022-01695,04/13/2022,04/18/2022,Standard Class,CU-0228,Maya Clark,Home Office,United States,Michigan,Central,Technology,Accessories,327.22,6,0.0,106.12
4183,US-2022-01695,04/13/2022,04/19/2022,Standard Class,CU-0228,Maya Clark,Home Office,United States,Michigan,Central,Furniture,Chairs,2076.54,7,0.0,231.54
4184,US-2025-01696,12/14/2025,12/19/2025,Standard Class,CU-0455,Liam Brown,Corporate,United States,Texas,Central,Office Supplies,Binders,30.92,2,0.5,0.44
4185,US-2025-01696,12/14/2025,12/19/2025,Standard Class,CU-0455,Liam Brown,Corporate,United States,Texas,Central,Technology,Accessories,205.0,7,0.5,-12.36
4186,US-2022-01697,03/06/2022,03/12/2022,Standard Class,CU-0333,Noah Lee,Home Office,United States,Michigan,Central,Technology,Copiers,2298.8,3,0.0,706.36
4187,US-2023-01698,10/23/2023,10/29/2023,Standard Class,CU-0611,Liam Clark,Corporate,United States,Florida,South,Office Supplies,Art,36.41,2,0.0,9.16
4188,US-2023-01698,10/23/2023,10/29/2023,Standard Class,CU-0611,Liam Clark,Corporate,United States,Florida,South,Office Supplies,Storage,232.01,3,0.0,24.79
4189,US-2023-01699,05/14/2023,05/20/2023,Standard Class,CU-0223,Noah Wilson,Home Office,United States,Georgia,South,Furniture,Chairs,991.39,4,0.2,27.64
4190,US-2024-01700,06/12/2024,06/15/2024,Second Class,CU-0212,Liam Patel,Home Office,United States,Ohio,East,Technology,Machines,340.99,1,0.2,-15.31
4191,US-2024-01700,06/12/2024,06/15/2024,Second Class,CU-0212,Liam Patel,Home Office,United States,Ohio,East,Furniture,Furnishings,75.22,2,0.3,-6.36
4192,US-2024-01700,06/12/2024,06/16/2024,Second Class,CU-0212,Liam Patel,Home Office,United States,Ohio,East,Technology,Phones,1115.27,4,0.0,158.14
4193,US-2023-01701,02/04/2023,02/10/2023,Standard Class,CU-0177,Ethan Clark,Corporate,United States,Texas,Central,Furniture,Tables,1220.97,4,0.4,-411.27
4194,US-2023-01701,02/04/2023,02/09/2023,Standard Class,CU-0177,Ethan Clark,Corporate,United States,Texas,Central,Office Supplies,Labels,34.45,3,0.2,10.13
4195,US-2023-01701,02/04/2023,02/10/2023,Standard Class,CU-0177,Ethan Clark,Corporate,United States,Texas,Central,Office Supplies,Storage,227.27,2,0.0,15.64
4196,US-2023-01701,02/04/2023,02/10/2023,Standard Class,CU-0177,Ethan Clark,Corporate,United States,Texas,Central,Furniture,Tables,1626.01,7,0.4,-496.49
4197,US-2023-01702,10/04/2023,10/09/2023,Standard Class,CU-0207,Aarav Patel,Corporate,United States,Virginia,South,Furniture,Bookcases,1122.63,5,0.1,-12.43
4198,US-2023-01702,10/04/2023,10/10/2023,Standard Class,CU-0207,Aarav Patel,Corporate,United States,Virginia,South,Furniture,Bookcases,1259.41,7,0.3,-176.22
4199,US-2023-01702,10/04/2023,10/10/2023,Standard Class,CU-0207,Aarav Patel,Corporate,United States,Virginia,South,Office Supplies,Binders,158.46,5,0.0,37.85
4200,US-2025-01703,02/28/2025,03/02/2025,First Class,CU-0470,Ethan Smith,Consumer,United States,Virginia,South,Office Supplies,Labels,43.55,5,0.3,15.08
4201,US-2025-01703,02/28/2025,03/03/2025,First Class,CU-0470,Ethan Smith,Consumer,United States,Virginia,South,Office Supplies,Binders,53.91,4,0.4,-0.8
4202,US-2024-01704,06/21/2024,06/26/2024,Standard Class,CU-0004,Maya Khan,Home Office,United States,Washington,West,Office Supplies,Paper,34.75,4,0.5,3.76
4203,US-2024-01704,06/21/2024,06/27/2024,Standard Class,CU-0004,Maya Khan,Home Office,United States,Washington,West,Office Supplies,Storage,357.75,6,0.3,-22.3
4204,US-2024-01704,06/21/2024,06/26/2024,Standard Class,CU-0004,Maya Khan,Home Office,United States,Washington,West,Office Supplies,Binders,14.4,1,0.4,0.66
4205,US-2024-01705,06/05/2024,06/11/2024,Standard Class,CU-0668,Aarav Lee,Corporate,United States,Florida,South,Technology,Machines,2895.6,7,0.2,-329.41
4206,US-2025-01706,04/22/2025,04/27/2025,Standard Class,CU-0566,Ravi Garcia,Consumer,United States,Georgia,South,Furniture,Furnishings,280.24,4,0.0,40.76
4207,US-2025-01706,04/22/2025,04/27/2025,Standard Class,CU-0566,Ravi Garcia,Consumer,United States,Georgia,South,Furniture,Chairs,1779.19,6,0.0,135.22
4208,US-2025-01706,04/22/2025,04/28/2025,Standard Class,CU-0566,Ravi Garcia,Consumer,United States,Georgia,South,Office Supplies,Art,52.93,4,0.1,12.78
4209,US-2023-01707,02/07/2023,02/13/2023,Standard Class,CU-0252,Zoe Khan,Corporate,United States,California,West,Technology,Machines,1210.63,2,0.0,84.89
4210,US-2023-01707,02/07/2023,02/13/2023,Standard Class,CU-0252,Zoe Khan,Corporate,United States,California,West,Office Supplies,Binders,32.42,2,0.4,-1.3
4211,US-2023-01708,02/17/2023,02/22/2023,Standard Class,CU-0005,Ravi Davis,Home Office,United States,Ohio,East,Furniture,Chairs,505.56,2,0.1,55.09
4212,US-2023-01708,02/17/2023,02/22/2023,Standard Class,CU-0005,Ravi Davis,Home Office,United States,Ohio,East,Technology,Accessories,116.73,3,0.1,16.28
4213,US-2024-01709,04/07/2024,04/10/2024,First Class,CU-0366,Aarav Wilson,Home Office,United States,New York,East,Technology,Copiers,3206.67,3,0.0,1366.95
4214,US-2024-01709,04/07/2024,04/10/2024,First Class,CU-0366,Aarav Wilson,Home Office,United States,New York,East,Office Supplies,Paper,132.61,6,0.0,52.0
4215,US-2024-01709,04/07/2024,04/09/2024,First Class,CU-0366,Aarav Wilson,Home Office,United States,New York,East,Technology,Copiers,1932.91,3,0.3,356.35
4216,US-2022-01710,10/05/2022,10/09/2022,Second Class,CU-0270,Maya Lee,Home Office,United States,New York,East,Furniture,Furnishings,95.46,2,0.3,-1.53
4217,US-2024-01711,11/22/2024,11/26/2024,Second Class,CU-0087,John Khan,Home Office,United States,Florida,South,Furniture,Tables,1740.31,6,0.3,-525.69
4218,US-2024-01711,11/22/2024,11/25/2024,Second Class,CU-0087,John Khan,Home Office,United States,Florida,South,Furniture,Furnishings,295.09,7,0.3,-11.26
4219,US-2024-01711,11/22/2024,11/25/2024,Second Class,CU-0087,John Khan,Home Office,United States,Florida,South,Office Supplies,Binders,30.24,3,0.5,-0.21
4220,US-2023-01712,11/04/2023,11/07/2023,Second Class,CU-0672,Zoe Miller,Consumer,United States,Michigan,Central,Office Supplies,Binders,33.68,2,0.3,2.84
4221,US-2023-01712,11/04/2023,11/07/2023,Second Class,CU-0672,Zoe Miller,Consumer,United States,Michigan,Central,Furniture,Furnishings,53.62,1,0.0,8.02
4222,US-2023-01713,11/04/2023,11/10/2023,Standard Class,CU-0368,Emma Clark,Consumer,United States,Washington,West,Technology,Phones,867.23,5,0.5,-155.7
4223,US-2023-01713,11/04/2023,11/10/2023,Standard Class,CU-0368,Emma Clark,Consumer,United States,Washington,West,Furniture,Tables,858.64,3,0.4,-230.98
4224,US-2022-01714,04/09/2022,04/14/2022,Standard Class,CU-0383,Noah Davis,Home Office,United States,Ohio,East,Furniture,Bookcases,657.73,3,0.3,-92.21
4225,US-2022-01714,04/09/2022,04/14/2022,Standard Class,CU-0383,Noah Davis,Home Office,United States,Ohio,East,Furniture,Bookcases,949.59,5,0.5,-253.77
4226,US-2022-01714,04/09/2022,04/15/2022,Standard Class,CU-0383,Noah Davis,Home Office,United States,Ohio,East,Technology,Accessories,176.45,6,0.4,13.72
4227,US-2022-01714,04/09/2022,04/14/2022,Standard Class,CU-0383,Noah Davis,Home Office,United States,Ohio,East,Furniture,Furnishings,138.56,2,0.0,11.28
4228,US-2023-01715,07/23/2023,07/28/2023,Standard Class,CU-0253,Ravi Lee,Consumer,United States,Michigan,Central,Furniture,Chairs,2010.27,7,0.0,217.34
4229,US-2023-01715,07/23/2023,07/28/2023,Standard Class,CU-0253,Ravi Lee,Consumer,United States,Michigan,Central,Furniture,Chairs,858.7,5,0.2,-14.7
4230,US-2023-01715,07/23/2023,07/28/2023,Standard Class,CU-0253,Ravi Lee,Consumer,United States,Michigan,Central,Office Supplies,Storage,606.16,6,0.1,45.57
4231,US-2025-01716,01/13/2025,01/19/2025,Standard Class,CU-0516,Olivia Miller,Home Office,United States,Ohio,East,Office Supplies,Labels,30.15,4,0.4,4.1
4232,US-2025-01716,01/13/2025,01/18/2025,Standard Class,CU-0516,Olivia Miller,Home Office,United States,Ohio,East,Office Supplies,Labels,10.1,1,0.3,2.7
4233,US-2025-01716,01/13/2025,01/18/2025,Standard Class,CU-0516,Olivia Miller,Home Office,United States,Ohio,East,Furniture,Bookcases,935.2,5,0.4,-227.27
4234,US-2025-01716,01/13/2025,01/19/2025,Standard Class,CU-0516,Olivia Miller,Home Office,United States,Ohio,East,Furniture,Furnishings,364.23,6,0.0,34.15
4235,US-2023-01717,11/18/2023,11/20/2023,First Class,CU-0297,Aarav Brown,Consumer,United States,Ohio,East,Technology,Copiers,3777.55,5,0.0,1166.31
4236,US-2022-01718,01/19/2022,01/19/2022,Same Day,CU-0489,Ethan Patel,Corporate,United States,Texas,Central,Furniture,Tables,244.35,1,0.5,-85.33
4237,US-2022-01718,01/19/2022,01/20/2022,Same Day,CU-0489,Ethan Patel,Corporate,United States,Texas,Central,Technology,Copiers,1156.16,1,0.0,374.05
4238,US-2022-01718,01/19/2022,01/20/2022,Same Day,CU-0489,Ethan Patel,Corporate,United States,Texas,Central,Furniture,Bookcases,1153.67,4,0.0,-24.24
4239,US-2022-01718,01/19/2022,01/19/2022,Same Day,CU-0489,Ethan Patel,Corporate,United States,Texas,Central,Furniture,Furnishings,95.34,2,0.3,-10.29
4240,US-2023-01719,03/19/2023,03/25/2023,Standard Class,CU-0455,Liam Brown,Corporate,United States,Ohio,East,Technology,Phones,1775.13,6,0.0,355.64
4241,US-2023-01719,03/19/2023,03/25/2023,Standard Class,CU-0455,Liam Brown,Corporate,United States,Ohio,East,Office Supplies,Binders,123.17,6,0.1,18.94
4242,US-2023-01719,03/19/2023,03/24/2023,Standard Class,CU-0455,Liam Brown,Corporate,United States,Ohio,East,Technology,Machines,1428.93,3,0.1,-18.96
4243,US-2023-01720,11/25/2023,11/25/2023,Same Day,CU-0343,Aarav Brown,Corporate,United States,New York,East,Technology,Machines,1576.81,5,0.4,-261.15
4244,US-2023-01720,11/25/2023,11/26/2023,Same Day,CU-0343,Aarav Brown,Corporate,United States,New York,East,Office Supplies,Art,51.97,4,0.1,6.32
4245,US-2022-01721,08/09/2022,08/14/2022,Standard Class,CU-0635,Ravi Brown,Consumer,United States,Pennsylvania,East,Technology,Machines,490.62,1,0.2,-60.81
4246,US-2022-01721,08/09/2022,08/15/2022,Standard Class,CU-0635,Ravi Brown,Consumer,United States,Pennsylvania,East,Office Supplies,Art,50.65,4,0.0,15.32
4247,US-2022-01721,08/09/2022,08/14/2022,Standard Class,CU-0635,Ravi Brown,Consumer,United States,Pennsylvania,East,Furniture,Chairs,1098.11,7,0.3,-56.55
4248,US-2024-01722,12/31/2024,01/02/2025,First Class,CU-0090,Liam Miller,Corporate,United States,New York,East,Technology,Phones,1263.33,7,0.4,-113.74
4249,US-2024-01722,12/31/2024,01/02/2025,First Class,CU-0090,Liam Miller,Corporate,United States,New York,East,Office Supplies,Storage,147.58,2,0.0,24.37
4250,US-2024-01722,12/31/2024,01/03/2025,First Class,CU-0090,Liam Miller,Corporate,United States,New York,East,Furniture,Bookcases,652.06,4,0.5,-164.05
4251,US-2024-01722,12/31/2024,01/02/2025,First Class,CU-0090,Liam Miller,Corporate,United States,New York,East,Furniture,Bookcases,884.68,3,0.0,-28.3
4252,US-2022-01723,01/12/2022,01/16/2022,Second Class,CU-0235,John Patel,Consumer,United States,Pennsylvania,East,Furniture,Chairs,1279.23,6,0.0,212.58
4253,US-2022-01723,01/12/2022,01/16/2022,Second Class,CU-0235,John Patel,Consumer,United States,Pennsylvania,East,Furniture,Tables,1340.5,4,0.0,-65.54
4254,US-2022-01723,01/12/2022,01/15/2022,Second Class,CU-0235,John Patel,Consumer,United States,Pennsylvania,East,Technology,Phones,652.98,3,0.3,-45.16
4255,US-2025-01724,11/15/2025,11/18/2025,First Class,CU-0007,Ethan Garcia,Corporate,United States,Georgia,South,Furniture,Furnishings,106.29,3,0.4,-7.81
4256,US-2025-01724,11/15/2025,11/18/2025,First Class,CU-0007,Ethan Garcia,Corporate,United States,Georgia,South,Office Supplies,Storage,259.6,4,0.4,-40.73
4257,US-2025-01724,11/15/2025,11/18/2025,First Class,CU-0007,Ethan Garcia,Corporate,United States,Georgia,South,Technology,Copiers,2005.57,4,0.5,79.05
4258,US-2022-01725,10/05/2022,10/10/2022,Standard Class,CU-0540,Noah Patel,Home Office,United States,California,West,Furniture,Tables,1021.54,5,0.4,-387.43
4259,US-2023-01726,06/22/2023,06/25/2023,Second Class,CU-0422,Priya Brown,Consumer,United States,Florida,South,Furniture,Furnishings,211.7,4,0.1,11.21
4260,US-2023-01726,06/22/2023,06/25/2023,Second Class,CU-0422,Priya Brown,Consumer,United States,Florida,South,Office Supplies,Paper,58.49,5,0.4,4.91
4261,US-2023-01727,12/31/2023,01/06/2024,Standard Class,CU-0018,John Lee,Corporate,United States,New York,East,Furniture,Bookcases,1879.1,5,0.0,125.46
4262,US-2023-01727,12/31/2023,01/05/2024,Standard Class,CU-0018,John Lee,Corporate,United States,New York,East,Furniture,Tables,945.3,3,0.3,-285.38
4263,US-2023-01728,12/21/2023,12/23/2023,First Class,CU-0376,Ethan Wilson,Corporate,United States,Oregon,West,Technology,Copiers,5433.67,7,0.3,837.34
4264,US-2023-01728,12/21/2023,12/24/2023,First Class,CU-0376,Ethan Wilson,Corporate,United States,Oregon,West,Office Supplies,Paper,174.01,7,0.0,78.99
4265,US-2022-01729,12/02/2022,12/07/2022,Standard Class,CU-0368,Emma Clark,Consumer,United States,Michigan,Central,Technology,Accessories,176.88,6,0.5,-9.14
4266,US-2022-01729,12/02/2022,12/07/2022,Standard Class,CU-0368,Emma Clark,Consumer,United States,Michigan,Central,Technology,Machines,503.16,1,0.1,33.87
4267,US-2022-01729,12/02/2022,12/08/2022,Standard Class,CU-0368,Emma Clark,Consumer,United States,Michigan,Central,Technology,Machines,1525.91,4,0.3,-137.34
4268,US-2025-01730,08/09/2025,08/11/2025,First Class,CU-0218,Olivia Brown,Home Office,United States,New York,East,Technology,Machines,1131.02,3,0.4,-236.52
4269,US-2025-01730,08/09/2025,08/11/2025,First Class,CU-0218,Olivia Brown,Home Office,United States,New York,East,Technology,Copiers,5184.54,7,0.0,1342.44
4270,US-2024-01731,01/26/2024,02/01/2024,Standard Class,CU-0589,Noah Clark,Corporate,United States,New York,East,Office Supplies,Art,92.05,7,0.1,14.42
4271,US-2024-01731,01/26/2024,02/01/2024,Standard Class,CU-0589,Noah Clark,Corporate,United States,New York,East,Office Supplies,Storage,439.3,7,0.3,-10.81
4272,US-2023-01732,09/21/2023,09/25/2023,Second Class,CU-0238,Noah Davis,Home Office,United States,California,West,Technology,Copiers,566.1,1,0.3,127.92
4273,US-2025-01733,12/10/2025,12/16/2025,Standard Class,CU-0061,Zoe Patel,Corporate,United States,Pennsylvania,East,Technology,Machines,1816.18,5,0.3,-309.93
4274,US-2025-01734,08/24/2025,08/30/2025,Standard Class,CU-0638,Ethan Smith,Home Office,United States,California,West,Office Supplies,Binders,42.63,2,0.3,3.8
4275,US-2025-01734,08/24/2025,08/30/2025,Standard Class,CU-0638,Ethan Smith,Home Office,United States,California,West,Technology,Machines,850.75,2,0.2,-40.7
4276,US-2025-01734,08/24/2025,08/30/2025,Standard Class,CU-0638,Ethan Smith,Home Office,United States,California,West,Technology,Machines,3068.53,5,0.0,97.54
4277,US-2023-01735,11/08/2023,11/14/2023,Standard Class,CU-0007,Ethan Garcia,Corporate,United States,Virginia,South,Technology,Machines,983.67,2,0.0,31.06
4278,US-2023-01735,11/08/2023,11/14/2023,Standard Class,CU-0007,Ethan Garcia,Corporate,United States,Virginia,South,Technology,Copiers,1930.59,3,0.4,273.05
4279,US-2023-01735,11/08/2023,11/13/2023,Standard Class,CU-0007,Ethan Garcia,Corporate,United States,Virginia,South,Office Supplies,Paper,79.17,4,0.2,12.5
4280,US-2023-01735,11/08/2023,11/13/2023,Standard Class,CU-0007,Ethan Garcia,Corporate,United States,Virginia,South,Furniture,Chairs,409.23,2,0.3,-38.55
4281,US-2022-01736,07/09/2022,07/14/2022,Standard Class,CU-0511,Maya Smith,Home Office,United States,Washington,West,Office Supplies,Art,45.9,4,0.4,4.97
4282,US-2022-01736,07/09/2022,07/15/2022,Standard Class,CU-0511,Maya Smith,Home Office,United States,Washington,West,Technology,Copiers,4096.24,6,0.3,908.58
4283,US-2022-01737,09/11/2022,09/15/2022,Second Class,CU-0303,Liam Patel,Corporate,United States,New York,East,Technology,Copiers,4509.33,5,0.0,1304.48
4284,US-2025-01738,02/22/2025,02/28/2025,Standard Class,CU-0535,Priya Lee,Consumer,United States,Washington,West,Office Supplies,Labels,52.03,7,0.3,16.27
4285,US-2025-01738,02/22/2025,02/28/2025,Standard Class,CU-0535,Priya Lee,Consumer,United States,Washington,West,Office Supplies,Labels,34.41,4,0.3,10.32
4286,US-2025-01738,02/22/2025,02/27/2025,Standard Class,CU-0535,Priya Lee,Consumer,United States,Washington,West,Technology,Machines,2458.61,6,0.0,-79.48
4287,US-2025-01738,02/22/2025,02/28/2025,Standard Class,CU-0535,Priya Lee,Consumer,United States,Washington,West,Technology,Copiers,3082.48,3,0.0,1153.73
4288,US-2023-01739,03/31/2023,04/03/2023,Second Class,CU-0464,Ethan Lee,Corporate,United States,Pennsylvania,East,Furniture,Chairs,1535.21,7,0.3,-199.24
4289,US-2023-01739,03/31/2023,04/04/2023,Second Class,CU-0464,Ethan Lee,Corporate,United States,Pennsylvania,East,Furniture,Tables,2967.35,6,0.0,-185.22
4290,US-2023-01740,09/28/2023,10/03/2023,Standard Class,CU-0267,Sara Garcia,Consumer,United States,Washington,West,Technology,Phones,544.77,3,0.5,-67.12
4291,US-2023-01740,09/28/2023,10/03/2023,Standard Class,CU-0267,Sara Garcia,Consumer,United States,Washington,West,Technology,Machines,3069.08,6,0.0,8.66
4292,US-2023-01740,09/28/2023,10/04/2023,Standard Class,CU-0267,Sara Garcia,Consumer,United States,Washington,West,Office Supplies,Labels,88.57,6,0.0,40.24
4293,US-2022-01741,09/16/2022,09/22/2022,Standard Class,CU-0189,Ethan Brown,Consumer,United States,Florida,South,Technology,Machines,844.21,2,0.0,-2.9
4294,US-2022-01741,09/16/2022,09/21/2022,Standard Class,CU-0189,Ethan Brown,Consumer,United States,Florida,South,Furniture,Chairs,734.53,3,0.0,87.68
4295,US-2023-01742,03/22/2023,03/27/2023,Standard Class,CU-0456,Aarav Lee,Corporate,United States,Pennsylvania,East,Office Supplies,Art,63.06,6,0.4,3.18
4296,US-2023-01742,03/22/2023,03/27/2023,Standard Class,CU-0456,Aarav Lee,Corporate,United States,Pennsylvania,East,Office Supplies,Labels,5.9,1,0.4,1.34
4297,US-2023-01742,03/22/2023,03/28/2023,Standard Class,CU-0456,Aarav Lee,Corporate,United States,Pennsylvania,East,Technology,Copiers,1566.11,2,0.0,539.51
4298,US-2023-01742,03/22/2023,03/28/2023,Standard Class,CU-0456,Aarav Lee,Corporate,United States,Pennsylvania,East,Office Supplies,Binders,31.21,2,0.5,-3.49
4299,US-2022-01743,10/14/2022,10/20/2022,Standard Class,CU-0326,John Smith,Corporate,United States,Oregon,West,Technology,Accessories,302.53,6,0.1,49.52
4300,US-2023-01744,09/17/2023,09/20/2023,Second Class,CU-0008,Liam Patel,Home Office,United States,Florida,South,Furniture,Chairs,1051.67,5,0.2,-88.65
4301,US-2023-01744,09/17/2023,09/21/2023,Second Class,CU-0008,Liam Patel,Home Office,United States,Florida,South,Technology,Machines,1770.98,4,0.0,1.16
4302,US-2022-01745,06/24/2022,06/28/2022,Second Class,CU-0017,Ravi Davis,Home Office,United States,Michigan,Central,Furniture,Bookcases,1047.19,7,0.5,-261.32
4303,US-2022-01745,06/24/2022,06/27/2022,Second Class,CU-0017,Ravi Davis,Home Office,United States,Michigan,Central,Technology,Phones,310.24,2,0.4,-19.48
4304,US-2022-01745,06/24/2022,06/28/2022,Second Class,CU-0017,Ravi Davis,Home Office,United States,Michigan,Central,Office Supplies,Binders,186.63,6,0.0,29.1
4305,US-2022-01745,06/24/2022,06/27/2022,Second Class,CU-0017,Ravi Davis,Home Office,United States,Michigan,Central,Technology,Machines,2869.31,7,0.1,-163.56
4306,US-2024-01746,04/23/2024,04/28/2024,Standard Class,CU-0680,Aarav Clark,Corporate,United States,Georgia,South,Technology,Copiers,2312.09,6,0.5,-47.24
4307,US-2024-01746,04/23/2024,04/28/2024,Standard Class,CU-0680,Aarav Clark,Corporate,United States,Georgia,South,Furniture,Bookcases,315.68,2,0.4,-68.51
4308,US-2023-01747,01/22/2023,01/22/2023,Same Day,CU-0168,Olivia Clark,Home Office,United States,Pennsylvania,East,Office Supplies,Binders,121.47,5,0.2,13.68
4309,US-2023-01747,01/22/2023,01/22/2023,Same Day,CU-0168,Olivia Clark,Home Office,United States,Pennsylvania,East,Technology,Machines,4294.94,7,0.0,87.18
4310,US-2025-01748,01/19/2025,01/24/2025,Standard Class,CU-0224,Maya Clark,Corporate,United States,Illinois,Central,Office Supplies,Paper,23.71,1,0.0,10.17
4311,US-2025-01748,01/19/2025,01/24/2025,Standard Class,CU-0224,Maya Clark,Corporate,United States,Illinois,Central,Furniture,Bookcases,799.19,5,0.5,-174.06
4312,US-2025-01748,01/19/2025,01/25/2025,Standard Class,CU-0224,Maya Clark,Corporate,United States,Illinois,Central,Technology,Machines,1299.19,3,0.0,54.23
4313,US-2025-01748,01/19/2025,01/24/2025,Standard Class,CU-0224,Maya Clark,Corporate,United States,Illinois,Central,Office Supplies,Labels,15.26,1,0.0,6.25
4314,US-2023-01749,10/01/2023,10/05/2023,Second Class,CU-0383,Noah Davis,Home Office,United States,Ohio,East,Technology,Machines,1995.05,6,0.3,-168.09
4315,US-2023-01749,10/01/2023,10/05/2023,Second Class,CU-0383,Noah Davis,Home Office,United States,Ohio,East,Furniture,Chairs,885.48,5,0.4,-130.27
4316,US-2022-01750,05/10/2022,05/16/2022,Standard Class,CU-0076,Sara Wilson,Corporate,United States,Pennsylvania,East,Technology,Phones,266.37,1,0.0,56.85
4317,US-2022-01750,05/10/2022,05/15/2022,Standard Class,CU-0076,Sara Wilson,Corporate,United States,Pennsylvania,East,Technology,Copiers,6314.37,6,0.1,1798.45
4318,US-2022-01750,05/10/2022,05/16/2022,Standard Class,CU-0076,Sara Wilson,Corporate,United States,Pennsylvania,East,Technology,Copiers,4851.24,6,0.0,1749.01
4319,US-2022-01750,05/10/2022,05/15/2022,Standard Class,CU-0076,Sara Wilson,Corporate,United States,Pennsylvania,East,Furniture,Furnishings,197.87,3,0.0,36.31
4320,US-2022-01751,01/03/2022,01/04/2022,Same Day,CU-0215,Ethan Garcia,Home Office,United States,Virginia,South,Furniture,Chairs,764.11,3,0.0,20.27
4321,US-2022-01751,01/03/2022,01/04/2022,Same Day,CU-0215,Ethan Garcia,Home Office,United States,Virginia,South,Office Supplies,Paper,101.87,5,0.0,43.46
4322,US-2022-01751,01/03/2022,01/04/2022,Same Day,CU-0215,Ethan Garcia,Home Office,United States,Virginia,South,Technology,Accessories,57.52,1,0.0,8.29
4323,US-2022-01751,01/03/2022,01/04/2022,Same Day,CU-0215,Ethan Garcia,Home Office,United States,Virginia,South,Technology,Phones,1194.42,5,0.3,130.47
4324,US-2024-01752,07/29/2024,07/31/2024,First Class,CU-0039,Noah Khan,Consumer,United States,Washington,West,Furniture,Tables,1807.84,4,0.0,-115.96
4325,US-2024-01752,07/29/2024,08/01/2024,First Class,CU-0039,Noah Khan,Consumer,United States,Washington,West,Furniture,Furnishings,50.0,1,0.0,5.6
4326,US-2024-01752,07/29/2024,07/31/2024,First Class,CU-0039,Noah Khan,Consumer,United States,Washington,West,Technology,Copiers,2721.85,5,0.4,439.46
4327,US-2022-01753,03/25/2022,03/29/2022,Second Class,CU-0170,John Brown,Consumer,United States,Ohio,East,Furniture,Bookcases,1512.38,5,0.2,-363.79
4328,US-2022-01753,03/25/2022,03/28/2022,Second Class,CU-0170,John Brown,Consumer,United States,Ohio,East,Office Supplies,Binders,59.86,3,0.3,8.38
4329,US-2022-01753,03/25/2022,03/28/2022,Second Class,CU-0170,John Brown,Consumer,United States,Ohio,East,Furniture,Bookcases,1103.85,7,0.5,-275.77
4330,US-2023-01754,01/12/2023,01/17/2023,Standard Class,CU-0197,Ethan Wilson,Home Office,United States,Washington,West,Office Supplies,Binders,42.1,2,0.1,5.06
4331,US-2023-01754,01/12/2023,01/18/2023,Standard Class,CU-0197,Ethan Wilson,Home Office,United States,Washington,West,Technology,Accessories,245.46,7,0.3,53.67
4332,US-2023-01754,01/12/2023,01/17/2023,Standard Class,CU-0197,Ethan Wilson,Home Office,United States,Washington,West,Technology,Copiers,733.17,1,0.2,147.58
4333,US-2023-01754,01/12/2023,01/17/2023,Standard Class,CU-0197,Ethan Wilson,Home Office,United States,Washington,West,Office Supplies,Art,43.14,3,0.2,6.2
4334,US-2023-01755,01/22/2023,01/28/2023,Standard Class,CU-0457,Zoe Miller,Home Office,United States,Georgia,South,Office Supplies,Binders,16.23,1,0.5,-0.54
4335,US-2022-01756,01/06/2022,01/12/2022,Standard Class,CU-0484,Maya Brown,Consumer,United States,Georgia,South,Furniture,Tables,2024.16,5,0.0,-113.62
4336,US-2022-01756,01/06/2022,01/11/2022,Standard Class,CU-0484,Maya Brown,Consumer,United States,Georgia,South,Technology,Phones,968.39,4,0.0,155.47
4337,US-2022-01757,12/17/2022,12/23/2022,Standard Class,CU-0131,Ravi Patel,Corporate,United States,Pennsylvania,East,Furniture,Tables,1468.44,4,0.0,-205.2
4338,US-2022-01757,12/17/2022,12/23/2022,Standard Class,CU-0131,Ravi Patel,Corporate,United States,Pennsylvania,East,Furniture,Furnishings,462.41,7,0.0,91.86
4339,US-2022-01757,12/17/2022,12/23/2022,Standard Class,CU-0131,Ravi Patel,Corporate,United States,Pennsylvania,East,Technology,Accessories,39.72,1,0.3,2.42
4340,US-2022-01757,12/17/2022,12/22/2022,Standard Class,CU-0131,Ravi Patel,Corporate,United States,Pennsylvania,East,Office Supplies,Binders,40.7,2,0.0,9.72
4341,US-2023-01758,06/19/2023,06/25/2023,Standard Class,CU-0291,Emma Brown,Consumer,United States,Florida,South,Technology,Accessories,30.32,1,0.4,2.23
4342,US-2023-01758,06/19/2023,06/25/2023,Standard Class,CU-0291,Emma Brown,Consumer,United States,Florida,South,Office Supplies,Art,40.39,3,0.0,9.45
4343,US-2024-01759,09/02/2024,09/07/2024,Standard Class,CU-0240,Emma Brown,Corporate,United States,Illinois,Central,Furniture,Tables,2109.78,7,0.1,-194.45
4344,US-2024-01759,09/02/2024,09/08/2024,Standard Class,CU-0240,Emma Brown,Corporate,United States,Illinois,Central,Office Supplies,Paper,89.41,5,0.3,24.02
4345,US-2024-01759,09/02/2024,09/08/2024,Standard Class,CU-0240,Emma Brown,Corporate,United States,Illinois,Central,Technology,Accessories,269.98,5,0.0,74.98
4346,US-2025-01760,06/09/2025,06/15/2025,Standard Class,CU-0492,John Clark,Consumer,United States,Illinois,Central,Technology,Accessories,86.06,2,0.2,13.39
4347,US-2024-01761,03/04/2024,03/07/2024,Second Class,CU-0358,John Davis,Corporate,United States,Oregon,West,Furniture,Furnishings,145.48,3,0.0,23.47
4348,US-2024-01761,03/04/2024,03/07/2024,Second Class,CU-0358,John Davis,Corporate,United States,Oregon,West,Furniture,Furnishings,431.62,6,0.0,53.79
4349,US-2024-01761,03/04/2024,03/08/2024,Second Class,CU-0358,John Davis,Corporate,United States,Oregon,West,Office Supplies,Storage,558.05,6,0.0,12.0
4350,US-2023-01762,05/21/2023,05/24/2023,Second Class,CU-0050,John Wilson,Consumer,United States,Texas,Central,Technology,Phones,1599.04,5,0.1,143.67
4351,US-2023-01762,05/21/2023,05/25/2023,Second Class,CU-0050,John Wilson,Consumer,United States,Texas,Central,Furniture,Furnishings,163.02,3,0.1,10.01
4352,US-2023-01762,05/21/2023,05/25/2023,Second Class,CU-0050,John Wilson,Consumer,United States,Texas,Central,Furniture,Chairs,203.99,1,0.3,-22.08
4353,US-2023-01762,05/21/2023,05/25/2023,Second Class,CU-0050,John Wilson,Consumer,United States,Texas,Central,Technology,Machines,2927.43,6,0.2,-385.7
4354,US-2025-01763,07/12/2025,07/17/2025,Standard Class,CU-0146,Maya Khan,Home Office,United States,Washington,West,Furniture,Chairs,787.54,5,0.3,-87.89
4355,US-2025-01763,07/12/2025,07/18/2025,Standard Class,CU-0146,Maya Khan,Home Office,United States,Washington,West,Office Supplies,Storage,299.29,5,0.3,-7.29
4356,US-2025-01763,07/12/2025,07/17/2025,Standard Class,CU-0146,Maya Khan,Home Office,United States,Washington,West,Technology,Copiers,5902.8,6,0.0,2163.83
4357,US-2025-01763,07/12/2025,07/18/2025,Standard Class,CU-0146,Maya Khan,Home Office,United States,Washington,West,Technology,Accessories,232.56,4,0.0,47.25
4358,US-2023-01764,11/17/2023,11/22/2023,Standard Class,CU-0060,Maya Clark,Corporate,United States,Ohio,East,Technology,Phones,1744.79,5,0.0,194.79
4359,US-2023-01765,12/25/2023,12/28/2023,Second Class,CU-0166,Liam Patel,Corporate,United States,Washington,West,Technology,Machines,1486.38,3,0.1,38.72
4360,US-2023-01765,12/25/2023,12/29/2023,Second Class,CU-0166,Liam Patel,Corporate,United States,Washington,West,Office Supplies,Labels,6.73,1,0.4,1.43
4361,US-2023-01765,12/25/2023,12/29/2023,Second Class,CU-0166,Liam Patel,Corporate,United States,Washington,West,Office Supplies,Binders,148.5,5,0.0,20.09
4362,US-2022-01766,10/05/2022,10/10/2022,Standard Class,CU-0575,Olivia Davis,Corporate,United States,Pennsylvania,East,Office Supplies,Art,84.62,5,0.0,22.86
4363,US-2023-01767,07/13/2023,07/19/2023,Standard Class,CU-0124,Priya Lee,Corporate,United States,Florida,South,Technology,Copiers,7003.64,6,0.0,1599.72
4364,US-2023-01767,07/13/2023,07/18/2023,Standard Class,CU-0124,Priya Lee,Corporate,United States,Florida,South,Technology,Copiers,1529.94,2,0.3,423.14
4365,US-2023-01767,07/13/2023,07/18/2023,Standard Class,CU-0124,Priya Lee,Corporate,United States,Florida,South,Office Supplies,Binders,18.65,1,0.2,2.58
4366,US-2023-01768,03/19/2023,03/24/2023,Standard Class,CU-0626,Maya Brown,Home Office,United States,California,West,Technology,Accessories,261.1,7,0.3,9.43
4367,US-2023-01768,03/19/2023,03/24/2023,Standard Class,CU-0626,Maya Brown,Home Office,United States,California,West,Technology,Copiers,1094.06,1,0.0,406.87
4368,US-2023-01768,03/19/2023,03/25/2023,Standard Class,CU-0626,Maya Brown,Home Office,United States,California,West,Office Supplies,Art,75.91,6,0.0,20.19
4369,US-2023-01769,08/12/2023,08/17/2023,Standard Class,CU-0254,Ravi Patel,Corporate,United States,Washington,West,Furniture,Bookcases,195.76,1,0.3,-20.29
4370,US-2023-01769,08/12/2023,08/18/2023,Standard Class,CU-0254,Ravi Patel,Corporate,United States,Washington,West,Office Supplies,Art,32.93,2,0.0,9.51
4371,US-2023-01769,08/12/2023,08/18/2023,Standard Class,CU-0254,Ravi Patel,Corporate,United States,Washington,West,Technology,Phones,866.03,6,0.5,-128.91
4372,US-2023-01769,08/12/2023,08/17/2023,Standard Class,CU-0254,Ravi Patel,Corporate,United States,Washington,West,Technology,Machines,2549.86,5,0.1,9.34
4373,US-2025-01770,08/09/2025,08/12/2025,First Class,CU-0258,Zoe Smith,Home Office,United States,Florida,South,Office Supplies,Art,21.6,2,0.2,4.93
4374,US-2025-01770,08/09/2025,08/12/2025,First Class,CU-0258,Zoe Smith,Home Office,United States,Florida,South,Technology,Phones,1014.18,4,0.2,-1.01
4375,US-2025-01770,08/09/2025,08/12/2025,First Class,CU-0258,Zoe Smith,Home Office,United States,Florida,South,Office Supplies,Binders,86.61,3,0.0,15.44
4376,US-2025-01770,08/09/2025,08/12/2025,First Class,CU-0258,Zoe Smith,Home Office,United States,Florida,South,Furniture,Tables,1239.29,3,0.0,-101.38
4377,US-2023-01771,01/21/2023,01/27/2023,Standard Class,CU-0491,Ethan Miller,Corporate,United States,Oregon,West,Office Supplies,Storage,440.35,6,0.1,56.75
4378,US-2022-01772,03/11/2022,03/17/2022,Standard Class,CU-0078,Ethan Smith,Home Office,United States,Texas,Central,Technology,Accessories,269.27,5,0.1,54.73
4379,US-2022-01772,03/11/2022,03/17/2022,Standard Class,CU-0078,Ethan Smith,Home Office,United States,Texas,Central,Furniture,Furnishings,223.02,3,0.0,26.85
4380,US-2025-01773,04/11/2025,04/17/2025,Standard Class,CU-0204,Ethan Wilson,Corporate,United States,Pennsylvania,East,Office Supplies,Labels,58.36,7,0.4,12.7
4381,US-2022-01774,10/24/2022,10/28/2022,Second Class,CU-0198,Ethan Brown,Home Office,United States,Florida,South,Technology,Accessories,289.41,6,0.0,53.02
4382,US-2022-01774,10/24/2022,10/28/2022,Second Class,CU-0198,Ethan Brown,Home Office,United States,Florida,South,Furniture,Tables,943.9,3,0.3,-226.75
4383,US-2022-01774,10/24/2022,10/28/2022,Second Class,CU-0198,Ethan Brown,Home Office,United States,Florida,South,Technology,Phones,690.61,3,0.3,-71.21
4384,US-2025-01775,11/21/2025,11/24/2025,First Class,CU-0457,Zoe Miller,Home Office,United States,Washington,West,Technology,Copiers,1469.56,3,0.5,-18.3
4385,US-2025-01775,11/21/2025,11/24/2025,First Class,CU-0457,Zoe Miller,Home Office,United States,Washington,West,Furniture,Tables,435.94,1,0.1,-46.85
4386,US-2022-01776,11/05/2022,11/11/2022,Standard Class,CU-0320,Olivia Clark,Corporate,United States,Washington,West,Technology,Machines,1478.08,3,0.2,-171.84
4387,US-2022-01776,11/05/2022,11/10/2022,Standard Class,CU-0320,Olivia Clark,Corporate,United States,Washington,West,Furniture,Bookcases,1053.32,3,0.0,20.03
4388,US-2022-01776,11/05/2022,11/10/2022,Standard Class,CU-0320,Olivia Clark,Corporate,United States,Washington,West,Technology,Copiers,5264.04,5,0.0,1308.08
4389,US-2025-01777,06/30/2025,07/06/2025,Standard Class,CU-0501,Noah Brown,Consumer,United States,New York,East,Office Supplies,Paper,107.62,6,0.0,43.52
4390,US-2025-01778,06/02/2025,06/05/2025,Second Class,CU-0588,Liam Smith,Corporate,United States,Texas,Central,Office Supplies,Storage,579.18,5,0.0,47.86
4391,US-2025-01778,06/02/2025,06/06/2025,Second Class,CU-0588,Liam Smith,Corporate,United States,Texas,Central,Office Supplies,Binders,111.28,7,0.4,2.71
4392,US-2025-01779,02/11/2025,02/16/2025,Standard Class,CU-0651,Ethan Miller,Consumer,United States,New York,East,Office Supplies,Labels,25.88,4,0.5,3.16
4393,US-2025-01779,02/11/2025,02/16/2025,Standard Class,CU-0651,Ethan Miller,Consumer,United States,New York,East,Office Supplies,Art,65.74,6,0.3,-1.63
4394,US-2025-01779,02/11/2025,02/17/2025,Standard Class,CU-0651,Ethan Miller,Consumer,United States,New York,East,Technology,Machines,3498.46,6,0.0,487.26
4395,US-2025-01779,02/11/2025,02/16/2025,Standard Class,CU-0651,Ethan Miller,Consumer,United States,New York,East,Office Supplies,Art,10.48,1,0.2,0.84
4396,US-2024-01780,12/08/2024,12/14/2024,Standard Class,CU-0181,Ravi Smith,Consumer,United States,Texas,Central,Technology,Phones,1564.67,5,0.0,133.31
4397,US-2024-01780,12/08/2024,12/14/2024,Standard Class,CU-0181,Ravi Smith,Consumer,United States,Texas,Central,Furniture,Furnishings,213.33,4,0.0,59.07
4398,US-2022-01781,03/27/2022,04/01/2022,Standard Class,CU-0124,Priya Lee,Corporate,United States,Oregon,West,Technology,Phones,942.38,4,0.3,-4.1
4399,US-2022-01781,03/27/2022,04/02/2022,Standard Class,CU-0124,Priya Lee,Corporate,United States,Oregon,West,Furniture,Bookcases,1212.07,7,0.5,-300.51
4400,US-2022-01781,03/27/2022,04/01/2022,Standard Class,CU-0124,Priya Lee,Corporate,United States,Oregon,West,Technology,Accessories,188.82,6,0.3,25.0
4401,US-2022-01782,10/07/2022,10/13/2022,Standard Class,CU-0454,Liam Smith,Consumer,United States,Pennsylvania,East,Technology,Copiers,3454.14,3,0.0,1214.0
4402,US-2022-01782,10/07/2022,10/13/2022,Standard Class,CU-0454,Liam Smith,Consumer,United States,Pennsylvania,East,Technology,Phones,429.48,3,0.5,-67.77
4403,US-2022-01782,10/07/2022,10/12/2022,Standard Class,CU-0454,Liam Smith,Consumer,United States,Pennsylvania,East,Technology,Phones,1266.9,7,0.4,-141.4
4404,US-2022-01782,10/07/2022,10/13/2022,Standard Class,CU-0454,Liam Smith,Consumer,United States,Pennsylvania,East,Furniture,Bookcases,552.27,3,0.4,-156.47
4405,US-2025-01783,06/25/2025,06/29/2025,Second Class,CU-0225,Olivia Smith,Corporate,United States,Ohio,East,Technology,Phones,968.82,5,0.2,-36.29
4406,US-2025-01783,06/25/2025,06/29/2025,Second Class,CU-0225,Olivia Smith,Corporate,United States,Ohio,East,Furniture,Bookcases,282.19,1,0.0,-0.27
4407,US-2022-01784,11/12/2022,11/17/2022,Standard Class,CU-0249,Priya Lee,Corporate,United States,Washington,West,Office Supplies,Paper,83.13,4,0.2,16.63
4408,US-2024-01785,11/17/2024,11/22/2024,Standard Class,CU-0455,Liam Brown,Corporate,United States,Pennsylvania,East,Office Supplies,Paper,108.56,5,0.0,34.61
4409,US-2022-01786,10/10/2022,10/16/2022,Standard Class,CU-0446,Zoe Miller,Consumer,United States,Pennsylvania,East,Furniture,Tables,936.96,4,0.3,-210.87
4410,US-2022-01786,10/10/2022,10/15/2022,Standard Class,CU-0446,Zoe Miller,Consumer,United States,Pennsylvania,East,Technology,Copiers,2801.75,4,0.4,172.45
4411,US-2022-01786,10/10/2022,10/16/2022,Standard Class,CU-0446,Zoe Miller,Consumer,United States,Pennsylvania,East,Office Supplies,Storage,311.21,5,0.3,-32.79
4412,US-2025-01787,01/08/2025,01/13/2025,Standard Class,CU-0541,Sara Smith,Home Office,United States,Ohio,East,Furniture,Bookcases,600.78,2,0.0,21.45
4413,US-2025-01787,01/08/2025,01/13/2025,Standard Class,CU-0541,Sara Smith,Home Office,United States,Ohio,East,Technology,Machines,385.86,1,0.2,-64.09
4414,US-2025-01787,01/08/2025,01/13/2025,Standard Class,CU-0541,Sara Smith,Home Office,United States,Ohio,East,Office Supplies,Binders,146.01,5,0.0,26.77
4415,US-2022-01788,11/13/2022,11/19/2022,Standard Class,CU-0686,Liam Davis,Home Office,United States,Pennsylvania,East,Technology,Copiers,6395.04,7,0.0,2047.95
4416,US-2022-01788,11/13/2022,11/19/2022,Standard Class,CU-0686,Liam Davis,Home Office,United States,Pennsylvania,East,Office Supplies,Storage,171.21,3,0.4,-14.52
4417,US-2022-01788,11/13/2022,11/18/2022,Standard Class,CU-0686,Liam Davis,Home Office,United States,Pennsylvania,East,Office Supplies,Paper,40.31,2,0.0,17.31
4418,US-2024-01789,04/07/2024,04/13/2024,Standard Class,CU-0162,Priya Garcia,Consumer,United States,Illinois,Central,Furniture,Tables,848.74,2,0.1,-139.43
4419,US-2024-01789,04/07/2024,04/13/2024,Standard Class,CU-0162,Priya Garcia,Consumer,United States,Illinois,Central,Office Supplies,Binders,41.97,4,0.5,-1.7
4420,US-2024-01789,04/07/2024,04/13/2024,Standard Class,CU-0162,Priya Garcia,Consumer,United States,Illinois,Central,Technology,Phones,1897.2,7,0.0,350.98
4421,US-2022-01790,01/23/2022,01/24/2022,Same Day,CU-0252,Zoe Khan,Corporate,United States,Florida,South,Technology,Phones,314.27,2,0.5,-54.53
4422,US-2022-01790,01/23/2022,01/24/2022,Same Day,CU-0252,Zoe Khan,Corporate,United States,Florida,South,Furniture,Furnishings,391.31,6,0.0,43.29
4423,US-2022-01790,01/23/2022,01/23/2022,Same Day,CU-0252,Zoe Khan,Corporate,United States,Florida,South,Office Supplies,Labels,75.77,6,0.0,39.34
4424,US-2022-01790,01/23/2022,01/24/2022,Same Day,CU-0252,Zoe Khan,Corporate,United States,Florida,South,Office Supplies,Labels,48.53,5,0.2,13.27
4425,US-2023-01791,02/24/2023,03/01/2023,Standard Class,CU-0662,Priya Miller,Home Office,United States,Michigan,Central,Office Supplies,Art,37.99,4,0.4,-1.56
4426,US-2023-01791,02/24/2023,03/01/2023,Standard Class,CU-0662,Priya Miller,Home Office,United States,Michigan,Central,Office Supplies,Art,31.26,4,0.5,1.22
4427,US-2025-01792,04/01/2025,04/03/2025,First Class,CU-0624,Priya Smith,Consumer,United States,Georgia,South,Technology,Machines,1111.78,2,0.0,51.34
4428,US-2025-01792,04/01/2025,04/04/2025,First Class,CU-0624,Priya Smith,Consumer,United States,Georgia,South,Office Supplies,Art,47.28,6,0.5,-1.78
4429,US-2022-01793,05/14/2022,05/17/2022,Second Class,CU-0143,Ethan Wilson,Consumer,United States,California,West,Furniture,Furnishings,518.39,7,0.0,56.96
4430,US-2022-01793,05/14/2022,05/17/2022,Second Class,CU-0143,Ethan Wilson,Consumer,United States,California,West,Furniture,Furnishings,237.25,4,0.2,-2.78
4431,US-2022-01793,05/14/2022,05/18/2022,Second Class,CU-0143,Ethan Wilson,Consumer,United States,California,West,Office Supplies,Paper,21.63,1,0.0,6.26
4432,US-2022-01793,05/14/2022,05/17/2022,Second Class,CU-0143,Ethan Wilson,Consumer,United States,California,West,Office Supplies,Binders,40.81,2,0.2,4.38
4433,US-2024-01794,11/11/2024,11/14/2024,Second Class,CU-0422,Priya Brown,Consumer,United States,Washington,West,Office Supplies,Labels,102.24,7,0.0,44.96
4434,US-2024-01794,11/11/2024,11/15/2024,Second Class,CU-0422,Priya Brown,Consumer,United States,Washington,West,Office Supplies,Paper,125.09,7,0.0,52.12
4435,US-2024-01794,11/11/2024,11/14/2024,Second Class,CU-0422,Priya Brown,Consumer,United States,Washington,West,Office Supplies,Binders,129.7,4,0.0,26.5
4436,US-2024-01794,11/11/2024,11/15/2024,Second Class,CU-0422,Priya Brown,Consumer,United States,Washington,West,Technology,Machines,1523.52,4,0.3,-48.31
4437,US-2024-01795,08/26/2024,08/29/2024,Second Class,CU-0047,Liam Garcia,Home Office,United States,Ohio,East,Furniture,Chairs,787.69,4,0.2,-51.26
4438,US-2024-01795,08/26/2024,08/29/2024,Second Class,CU-0047,Liam Garcia,Home Office,United States,Ohio,East,Furniture,Furnishings,399.05,7,0.0,77.62
4439,US-2023-01796,07/13/2023,07/19/2023,Standard Class,CU-0564,Maya Davis,Home Office,United States,Virginia,South,Furniture,Tables,2432.81,7,0.0,-406.42
4440,US-2023-01796,07/13/2023,07/18/2023,Standard Class,CU-0564,Maya Davis,Home Office,United States,Virginia,South,Office Supplies,Binders,90.01,3,0.0,21.42
4441,US-2023-01796,07/13/2023,07/18/2023,Standard Class,CU-0564,Maya Davis,Home Office,United States,Virginia,South,Furniture,Chairs,140.34,1,0.4,-25.1
4442,US-2023-01796,07/13/2023,07/19/2023,Standard Class,CU-0564,Maya Davis,Home Office,United States,Virginia,South,Office Supplies,Storage,416.81,5,0.1,25.98
4443,US-2022-01797,08/22/2022,08/28/2022,Standard Class,CU-0506,Zoe Garcia,Consumer,United States,California,West,Office Supplies,Labels,13.12,1,0.0,4.99
4444,US-2025-01798,05/11/2025,05/14/2025,First Class,CU-0700,Ethan Davis,Consumer,United States,New York,East,Office Supplies,Labels,16.44,2,0.2,4.79
4445,US-2025-01798,05/11/2025,05/13/2025,First Class,CU-0700,Ethan Davis,Consumer,United States,New York,East,Office Supplies,Art,60.6,4,0.0,13.69
4446,US-2025-01798,05/11/2025,05/14/2025,First Class,CU-0700,Ethan Davis,Consumer,United States,New York,East,Technology,Phones,988.69,3,0.1,86.06
4447,US-2025-01798,05/11/2025,05/13/2025,First Class,CU-0700,Ethan Davis,Consumer,United States,New York,East,Office Supplies,Art,12.81,1,0.0,1.75
4448,US-2025-01799,11/17/2025,11/22/2025,Standard Class,CU-0061,Zoe Patel,Corporate,United States,Michigan,Central,Technology,Accessories,169.32,3,0.0,49.54
4449,US-2024-01800,12/01/2024,12/05/2024,Second Class,CU-0249,Priya Lee,Corporate,United States,California,West,Office Supplies,Binders,25.53,1,0.0,8.12
4450,US-2024-01800,12/01/2024,12/04/2024,Second Class,CU-0249,Priya Lee,Corporate,United States,California,West,Technology,Phones,1217.32,5,0.0,156.16
4451,US-2022-01801,09/24/2022,09/27/2022,Second Class,CU-0627,Ravi Patel,Corporate,United States,Oregon,West,Furniture,Tables,3034.24,7,0.1,-390.08
4452,US-2022-01801,09/24/2022,09/27/2022,Second Class,CU-0627,Ravi Patel,Corporate,United States,Oregon,West,Technology,Accessories,164.06,3,0.0,51.49
4453,US-2022-01801,09/24/2022,09/27/2022,Second Class,CU-0627,Ravi Patel,Corporate,United States,Oregon,West,Technology,Phones,1225.43,5,0.2,76.97
4454,US-2024-01802,06/20/2024,06/25/2024,Standard Class,CU-0320,Olivia Clark,Corporate,United States,Oregon,West,Technology,Copiers,3209.81,6,0.5,207.77
4455,US-2024-01802,06/20/2024,06/25/2024,Standard Class,CU-0320,Olivia Clark,Corporate,United States,Oregon,West,Technology,Machines,564.8,2,0.5,-126.07
4456,US-2024-01802,06/20/2024,06/26/2024,Standard Class,CU-0320,Olivia Clark,Corporate,United States,Oregon,West,Office Supplies,Binders,12.49,1,0.5,-0.86
4457,US-2024-01802,06/20/2024,06/26/2024,Standard Class,CU-0320,Olivia Clark,Corporate,United States,Oregon,West,Office Supplies,Labels,22.82,2,0.1,7.99
4458,US-2023-01803,05/28/2023,06/02/2023,Standard Class,CU-0462,Ethan Lee,Consumer,United States,Virginia,South,Office Supplies,Labels,4.87,1,0.5,0.33
4459,US-2023-01803,05/28/2023,06/03/2023,Standard Class,CU-0462,Ethan Lee,Consumer,United States,Virginia,South,Furniture,Bookcases,1136.11,5,0.1,7.3
4460,US-2023-01803,05/28/2023,06/03/2023,Standard Class,CU-0462,Ethan Lee,Consumer,United States,Virginia,South,Technology,Phones,300.79,1,0.1,49.02
4461,US-2025-01804,04/15/2025,04/18/2025,Second Class,CU-0682,Ravi Brown,Home Office,United States,New York,East,Furniture,Chairs,876.59,3,0.1,-5.35
4462,US-2025-01804,04/15/2025,04/18/2025,Second Class,CU-0682,Ravi Brown,Home Office,United States,New York,East,Office Supplies,Binders,80.15,5,0.2,9.76
4463,US-2025-01804,04/15/2025,04/18/2025,Second Class,CU-0682,Ravi Brown,Home Office,United States,New York,East,Furniture,Bookcases,1291.48,5,0.1,56.91
4464,US-2023-01805,03/04/2023,03/10/2023,Standard Class,CU-0663,Priya Brown,Consumer,United States,Michigan,Central,Furniture,Tables,354.02,1,0.2,-54.51
4465,US-2023-01805,03/04/2023,03/09/2023,Standard Class,CU-0663,Priya Brown,Consumer,United States,Michigan,Central,Office Supplies,Labels,29.04,5,0.4,2.11
4466,US-2023-01806,10/01/2023,10/06/2023,Standard Class,CU-0581,Emma Davis,Corporate,United States,California,West,Office Supplies,Labels,52.08,4,0.1,15.43
4467,US-2023-01806,10/01/2023,10/07/2023,Standard Class,CU-0581,Emma Davis,Corporate,United States,California,West,Office Supplies,Art,8.73,1,0.5,0.59
4468,US-2023-01806,10/01/2023,10/07/2023,Standard Class,CU-0581,Emma Davis,Corporate,United States,California,West,Office Supplies,Binders,32.34,1,0.0,8.1
4469,US-2023-01806,10/01/2023,10/07/2023,Standard Class,CU-0581,Emma Davis,Corporate,United States,California,West,Technology,Accessories,378.05,7,0.0,131.24
4470,US-2024-01807,08/07/2024,08/10/2024,First Class,CU-0509,Olivia Smith,Consumer,United States,California,West,Furniture,Tables,1429.27,7,0.5,-542.82
4471,US-2024-01807,08/07/2024,08/10/2024,First Class,CU-0509,Olivia Smith,Consumer,United States,California,West,Technology,Copiers,2091.62,2,0.0,820.87
4472,US-2024-01807,08/07/2024,08/10/2024,First Class,CU-0509,Olivia Smith,Consumer,United States,California,West,Office Supplies,Art,60.91,5,0.0,15.49
4473,US-2024-01807,08/07/2024,08/09/2024,First Class,CU-0509,Olivia Smith,Consumer,United States,California,West,Furniture,Furnishings,58.59,1,0.0,8.52
4474,US-2023-01808,07/27/2023,08/01/2023,Standard Class,CU-0111,Noah Lee,Consumer,United States,Virginia,South,Technology,Phones,196.88,1,0.2,8.65
4475,US-2023-01808,07/27/2023,08/01/2023,Standard Class,CU-0111,Noah Lee,Consumer,United States,Virginia,South,Office Supplies,Storage,518.09,5,0.0,30.31
4476,US-2023-01808,07/27/2023,08/02/2023,Standard Class,CU-0111,Noah Lee,Consumer,United States,Virginia,South,Technology,Phones,359.77,2,0.5,-33.0
4477,US-2023-01808,07/27/2023,08/02/2023,Standard Class,CU-0111,Noah Lee,Consumer,United States,Virginia,South,Office Supplies,Paper,31.53,2,0.2,5.98
4478,US-2023-01809,04/10/2023,04/16/2023,Standard Class,CU-0658,Zoe Miller,Corporate,United States,Georgia,South,Office Supplies,Storage,626.08,6,0.1,51.55
4479,US-2023-01810,11/21/2023,11/24/2023,Second Class,CU-0388,Emma Wilson,Corporate,United States,Florida,South,Furniture,Bookcases,635.44,4,0.5,-200.78
4480,US-2023-01810,11/21/2023,11/25/2023,Second Class,CU-0388,Emma Wilson,Corporate,United States,Florida,South,Office Supplies,Art,118.65,7,0.0,34.07
4481,US-2023-01810,11/21/2023,11/24/2023,Second Class,CU-0388,Emma Wilson,Corporate,United States,Florida,South,Furniture,Tables,1212.51,3,0.0,-50.2
4482,US-2023-01810,11/21/2023,11/25/2023,Second Class,CU-0388,Emma Wilson,Corporate,United States,Florida,South,Office Supplies,Labels,69.03,6,0.0,30.9
4483,US-2025-01811,05/28/2025,05/31/2025,Second Class,CU-0248,Priya Miller,Consumer,United States,Michigan,Central,Technology,Accessories,184.65,5,0.2,13.23
4484,US-2024-01812,11/20/2024,11/25/2024,Standard Class,CU-0343,Aarav Brown,Corporate,United States,Oregon,West,Office Supplies,Art,114.35,6,0.0,26.03
4485,US-2024-01812,11/20/2024,11/26/2024,Standard Class,CU-0343,Aarav Brown,Corporate,United States,Oregon,West,Office Supplies,Binders,12.96,1,0.4,1.05
4486,US-2024-01812,11/20/2024,11/25/2024,Standard Class,CU-0343,Aarav Brown,Corporate,United States,Oregon,West,Furniture,Tables,2584.92,6,0.1,-412.71
4487,US-2024-01812,11/20/2024,11/26/2024,Standard Class,CU-0343,Aarav Brown,Corporate,United States,Oregon,West,Furniture,Tables,1116.74,6,0.5,-388.55
4488,US-2025-01813,12/25/2025,12/31/2025,Standard Class,CU-0601,Aarav Garcia,Corporate,United States,Texas,Central,Technology,Accessories,222.59,6,0.4,23.85
4489,US-2025-01813,12/25/2025,12/30/2025,Standard Class,CU-0601,Aarav Garcia,Corporate,United States,Texas,Central,Furniture,Tables,1989.6,5,0.0,-186.21
4490,US-2025-01813,12/25/2025,12/31/2025,Standard Class,CU-0601,Aarav Garcia,Corporate,United States,Texas,Central,Furniture,Bookcases,1588.89,5,0.0,93.99
4491,US-2025-01813,12/25/2025,12/31/2025,Standard Class,CU-0601,Aarav Garcia,Corporate,United States,Texas,Central,Technology,Machines,1836.94,3,0.0,48.14
4492,US-2023-01814,12/05/2023,12/09/2023,Second Class,CU-0494,Liam Patel,Consumer,United States,Ohio,East,Furniture,Furnishings,356.77,5,0.0,51.52
4493,US-2023-01814,12/05/2023,12/08/2023,Second Class,CU-0494,Liam Patel,Consumer,United States,Ohio,East,Office Supplies,Binders,189.13,7,0.1,19.31
4494,US-2023-01814,12/05/2023,12/09/2023,Second Class,CU-0494,Liam Patel,Consumer,United States,Ohio,East,Office Supplies,Binders,73.6,6,0.4,5.63
4495,US-2023-01814,12/05/2023,12/09/2023,Second Class,CU-0494,Liam Patel,Consumer,United States,Ohio,East,Furniture,Tables,1145.67,6,0.5,-383.97
4496,US-2024-01815,05/23/2024,05/27/2024,Second Class,CU-0055,Liam Garcia,Corporate,United States,Ohio,East,Furniture,Tables,2096.72,5,0.0,-57.91
4497,US-2024-01815,05/23/2024,05/26/2024,Second Class,CU-0055,Liam Garcia,Corporate,United States,Ohio,East,Technology,Machines,1145.79,3,0.2,-46.26
4498,US-2024-01815,05/23/2024,05/26/2024,Second Class,CU-0055,Liam Garcia,Corporate,United States,Ohio,East,Office Supplies,Labels,50.96,4,0.1,16.2
4499,US-2024-01815,05/23/2024,05/26/2024,Second Class,CU-0055,Liam Garcia,Corporate,United States,Ohio,East,Furniture,Chairs,901.54,5,0.2,-64.8
4500,US-2025-01816,09/09/2025,09/15/2025,Standard Class,CU-0407,Priya Garcia,Corporate,United States,Michigan,Central,Furniture,Tables,2362.25,7,0.3,-469.13
4501,US-2025-01817,02/07/2025,02/12/2025,Standard Class,CU-0189,Ethan Brown,Consumer,United States,Pennsylvania,East,Furniture,Furnishings,134.57,4,0.3,-3.72
4502,US-2025-01817,02/07/2025,02/13/2025,Standard Class,CU-0189,Ethan Brown,Consumer,United States,Pennsylvania,East,Furniture,Tables,983.34,4,0.5,-311.57
4503,US-2025-01817,02/07/2025,02/13/2025,Standard Class,CU-0189,Ethan Brown,Consumer,United States,Pennsylvania,East,Furniture,Furnishings,287.17,6,0.1,39.38
4504,US-2024-01818,07/06/2024,07/10/2024,Second Class,CU-0454,Liam Smith,Consumer,United States,Florida,South,Office Supplies,Art,15.02,2,0.5,-1.42
4505,US-2024-01818,07/06/2024,07/09/2024,Second Class,CU-0454,Liam Smith,Consumer,United States,Florida,South,Furniture,Tables,840.6,3,0.2,-248.1
4506,US-2024-01818,07/06/2024,07/10/2024,Second Class,CU-0454,Liam Smith,Consumer,United States,Florida,South,Technology,Accessories,129.65,6,0.5,-0.84
4507,US-2022-01819,03/02/2022,03/08/2022,Standard Class,CU-0177,Ethan Clark,Corporate,United States,Georgia,South,Office Supplies,Storage,273.44,4,0.3,-6.48
4508,US-2022-01819,03/02/2022,03/08/2022,Standard Class,CU-0177,Ethan Clark,Corporate,United States,Georgia,South,Office Supplies,Art,54.76,5,0.3,4.24
4509,US-2022-01819,03/02/2022,03/07/2022,Standard Class,CU-0177,Ethan Clark,Corporate,United States,Georgia,South,Office Supplies,Storage,171.2,4,0.5,-30.7
4510,US-2025-01820,06/08/2025,06/14/2025,Standard Class,CU-0007,Ethan Garcia,Corporate,United States,Illinois,Central,Office Supplies,Labels,103.24,7,0.0,45.92
4511,US-2025-01820,06/08/2025,06/13/2025,Standard Class,CU-0007,Ethan Garcia,Corporate,United States,Illinois,Central,Furniture,Chairs,705.73,3,0.0,95.82
4512,US-2025-01820,06/08/2025,06/14/2025,Standard Class,CU-0007,Ethan Garcia,Corporate,United States,Illinois,Central,Technology,Phones,2315.22,7,0.0,228.0
4513,US-2025-01821,09/26/2025,09/27/2025,Same Day,CU-0309,John Clark,Corporate,United States,New York,East,Technology,Machines,648.23,3,0.5,-134.75
4514,US-2025-01821,09/26/2025,09/27/2025,Same Day,CU-0309,John Clark,Corporate,United States,New York,East,Technology,Copiers,7370.88,7,0.1,2654.24
4515,US-2024-01822,07/09/2024,07/12/2024,First Class,CU-0454,Liam Smith,Consumer,United States,Texas,Central,Technology,Accessories,197.38,4,0.2,32.81
4516,US-2024-01822,07/09/2024,07/11/2024,First Class,CU-0454,Liam Smith,Consumer,United States,Texas,Central,Technology,Copiers,1922.96,4,0.5,62.76
4517,US-2024-01822,07/09/2024,07/11/2024,First Class,CU-0454,Liam Smith,Consumer,United States,Texas,Central,Technology,Phones,706.94,2,0.0,105.7
4518,US-2024-01822,07/09/2024,07/11/2024,First Class,CU-0454,Liam Smith,Consumer,United States,Texas,Central,Office Supplies,Art,14.1,2,0.5,-0.3
4519,US-2022-01823,09/02/2022,09/07/2022,Standard Class,CU-0659,Noah Smith,Home Office,United States,Washington,West,Office Supplies,Storage,225.97,3,0.2,0.55
4520,US-2022-01823,09/02/2022,09/07/2022,Standard Class,CU-0659,Noah Smith,Home Office,United States,Washington,West,Technology,Accessories,112.17,2,0.1,17.43
4521,US-2022-01823,09/02/2022,09/07/2022,Standard Class,CU-0659,Noah Smith,Home Office,United States,Washington,West,Technology,Phones,605.91,3,0.2,-17.12
4522,US-2024-01824,07/16/2024,07/21/2024,Standard Class,CU-0394,Aarav Miller,Home Office,United States,Illinois,Central,Furniture,Bookcases,460.8,3,0.5,-116.47
4523,US-2025-01825,02/04/2025,02/07/2025,Second Class,CU-0514,Olivia Garcia,Consumer,United States,Georgia,South,Office Supplies,Storage,158.73,2,0.2,-9.67
4524,US-2025-01825,02/04/2025,02/07/2025,Second Class,CU-0514,Olivia Garcia,Consumer,United States,Georgia,South,Office Supplies,Storage,176.7,3,0.4,-28.88
4525,US-2025-01825,02/04/2025,02/07/2025,Second Class,CU-0514,Olivia Garcia,Consumer,United States,Georgia,South,Furniture,Chairs,1719.36,7,0.0,212.45
4526,US-2022-01826,04/07/2022,04/10/2022,First Class,CU-0295,Emma Patel,Home Office,United States,Illinois,Central,Technology,Machines,1418.31,4,0.4,-305.64
4527,US-2022-01826,04/07/2022,04/09/2022,First Class,CU-0295,Emma Patel,Home Office,United States,Illinois,Central,Office Supplies,Storage,147.89,2,0.0,14.27
4528,US-2022-01826,04/07/2022,04/09/2022,First Class,CU-0295,Emma Patel,Home Office,United States,Illinois,Central,Technology,Machines,3671.92,7,0.0,104.75
4529,US-2022-01827,12/19/2022,12/24/2022,Standard Class,CU-0172,Priya Clark,Consumer,United States,Pennsylvania,East,Office Supplies,Art,16.1,2,0.4,0.56
4530,US-2022-01827,12/19/2022,12/24/2022,Standard Class,CU-0172,Priya Clark,Consumer,United States,Pennsylvania,East,Technology,Accessories,278.26,7,0.1,26.64
4531,US-2022-01827,12/19/2022,12/24/2022,Standard Class,CU-0172,Priya Clark,Consumer,United States,Pennsylvania,East,Office Supplies,Art,78.32,6,0.1,6.25
4532,US-2022-01827,12/19/2022,12/25/2022,Standard Class,CU-0172,Priya Clark,Consumer,United States,Pennsylvania,East,Furniture,Chairs,437.7,2,0.3,-65.51
4533,US-2024-01828,03/29/2024,04/03/2024,Standard Class,CU-0560,Emma Clark,Corporate,United States,Ohio,East,Technology,Machines,4100.99,7,0.0,87.03
4534,US-2024-01828,03/29/2024,04/03/2024,Standard Class,CU-0560,Emma Clark,Corporate,United States,Ohio,East,Furniture,Bookcases,460.72,2,0.1,2.58
4535,US-2023-01829,01/02/2023,01/07/2023,Standard Class,CU-0631,John Brown,Home Office,United States,Florida,South,Furniture,Furnishings,32.75,1,0.4,0.61
4536,US-2024-01830,01/31/2024,02/04/2024,Second Class,CU-0131,Ravi Patel,Corporate,United States,California,West,Technology,Machines,403.47,1,0.3,-76.48
4537,US-2024-01830,01/31/2024,02/04/2024,Second Class,CU-0131,Ravi Patel,Corporate,United States,California,West,Office Supplies,Art,7.91,1,0.5,0.08
4538,US-2024-01830,01/31/2024,02/03/2024,Second Class,CU-0131,Ravi Patel,Corporate,United States,California,West,Office Supplies,Art,65.85,5,0.3,-0.34
4539,US-2024-01830,01/31/2024,02/03/2024,Second Class,CU-0131,Ravi Patel,Corporate,United States,California,West,Office Supplies,Art,20.69,2,0.4,2.1
4540,US-2024-01831,02/03/2024,02/06/2024,First Class,CU-0038,Priya Khan,Corporate,United States,Virginia,South,Technology,Machines,3356.49,6,0.0,6.45
4541,US-2023-01832,01/06/2023,01/08/2023,First Class,CU-0240,Emma Brown,Corporate,United States,New York,East,Office Supplies,Art,22.37,3,0.5,-0.9
4542,US-2023-01832,01/06/2023,01/08/2023,First Class,CU-0240,Emma Brown,Corporate,United States,New York,East,Office Supplies,Labels,36.14,5,0.4,10.73
4543,US-2023-01832,01/06/2023,01/09/2023,First Class,CU-0240,Emma Brown,Corporate,United States,New York,East,Furniture,Bookcases,438.59,3,0.5,-82.51
4544,US-2024-01833,04/30/2024,05/03/2024,Second Class,CU-0058,Maya Davis,Home Office,United States,California,West,Office Supplies,Labels,37.81,3,0.0,15.49
4545,US-2022-01834,11/05/2022,11/11/2022,Standard Class,CU-0137,Zoe Smith,Consumer,United States,Michigan,Central,Technology,Copiers,3000.43,3,0.1,872.12
4546,US-2022-01834,11/05/2022,11/10/2022,Standard Class,CU-0137,Zoe Smith,Consumer,United States,Michigan,Central,Office Supplies,Art,81.08,7,0.1,9.62
4547,US-2025-01835,01/10/2025,01/13/2025,Second Class,CU-0238,Noah Davis,Home Office,United States,Virginia,South,Furniture,Furnishings,282.53,7,0.4,-20.8
4548,US-2025-01836,05/28/2025,06/02/2025,Standard Class,CU-0455,Liam Brown,Corporate,United States,Virginia,South,Office Supplies,Binders,121.45,7,0.3,10.43
4549,US-2025-01837,08/10/2025,08/15/2025,Standard Class,CU-0484,Maya Brown,Consumer,United States,Ohio,East,Furniture,Bookcases,1234.73,4,0.1,13.91
4550,US-2024-01838,08/28/2024,09/03/2024,Standard Class,CU-0394,Aarav Miller,Home Office,United States,California,West,Technology,Machines,3027.91,7,0.1,-67.71
4551,US-2022-01839,07/31/2022,08/03/2022,Second Class,CU-0688,Noah Patel,Home Office,United States,Michigan,Central,Office Supplies,Paper,21.3,1,0.0,8.2
4552,US-2022-01839,07/31/2022,08/04/2022,Second Class,CU-0688,Noah Patel,Home Office,United States,Michigan,Central,Furniture,Chairs,1065.28,7,0.5,-231.45
4553,US-2024-01840,07/12/2024,07/15/2024,First Class,CU-0381,Ethan Lee,Home Office,United States,Florida,South,Office Supplies,Storage,75.76,1,0.1,-7.14
4554,US-2024-01840,07/12/2024,07/14/2024,First Class,CU-0381,Ethan Lee,Home Office,United States,Florida,South,Furniture,Chairs,1663.31,6,0.0,131.39
4555,US-2024-01840,07/12/2024,07/14/2024,First Class,CU-0381,Ethan Lee,Home Office,United States,Florida,South,Furniture,Tables,982.99,3,0.2,-145.82
4556,US-2025-01841,04/09/2025,04/12/2025,Second Class,CU-0131,Ravi Patel,Corporate,United States,Georgia,South,Office Supplies,Labels,21.5,2,0.0,9.76
4557,US-2025-01841,04/09/2025,04/12/2025,Second Class,CU-0131,Ravi Patel,Corporate,United States,Georgia,South,Office Supplies,Paper,38.89,3,0.4,4.7
4558,US-2025-01841,04/09/2025,04/12/2025,Second Class,CU-0131,Ravi Patel,Corporate,United States,Georgia,South,Furniture,Tables,781.87,3,0.2,-144.03
4559,US-2022-01842,06/14/2022,06/20/2022,Standard Class,CU-0619,Maya Wilson,Corporate,United States,Oregon,West,Office Supplies,Art,48.91,3,0.1,9.47
4560,US-2022-01842,06/14/2022,06/20/2022,Standard Class,CU-0619,Maya Wilson,Corporate,United States,Oregon,West,Office Supplies,Storage,97.89,1,0.1,2.86
4561,US-2022-01842,06/14/2022,06/20/2022,Standard Class,CU-0619,Maya Wilson,Corporate,United States,Oregon,West,Furniture,Tables,1108.59,3,0.2,-199.72
4562,US-2025-01843,01/13/2025,01/15/2025,First Class,CU-0674,Emma Lee,Corporate,United States,New York,East,Office Supplies,Paper,100.18,6,0.1,28.16
4563,US-2025-01843,01/13/2025,01/15/2025,First Class,CU-0674,Emma Lee,Corporate,United States,New York,East,Furniture,Furnishings,203.32,3,0.0,23.64
4564,US-2025-01843,01/13/2025,01/15/2025,First Class,CU-0674,Emma Lee,Corporate,United States,New York,East,Furniture,Furnishings,50.94,1,0.2,8.68
4565,US-2025-01843,01/13/2025,01/16/2025,First Class,CU-0674,Emma Lee,Corporate,United States,New York,East,Office Supplies,Art,60.41,4,0.0,12.61
4566,US-2023-01844,02/07/2023,02/12/2023,Standard Class,CU-0291,Emma Brown,Consumer,United States,Oregon,West,Technology,Phones,790.47,3,0.0,103.92
4567,US-2023-01844,02/07/2023,02/13/2023,Standard Class,CU-0291,Emma Brown,Consumer,United States,Oregon,West,Technology,Machines,507.82,1,0.2,11.93
4568,US-2023-01845,10/29/2023,11/03/2023,Standard Class,CU-0535,Priya Lee,Consumer,United States,Pennsylvania,East,Office Supplies,Paper,96.62,7,0.3,21.7
4569,US-2022-01846,01/20/2022,01/24/2022,Second Class,CU-0478,John Patel,Corporate,United States,Oregon,West,Technology,Phones,1294.77,5,0.3,-1.09
4570,US-2022-01846,01/20/2022,01/23/2022,Second Class,CU-0478,John Patel,Corporate,United States,Oregon,West,Furniture,Tables,2248.68,7,0.2,-382.46
4571,US-2022-01846,01/20/2022,01/24/2022,Second Class,CU-0478,John Patel,Corporate,United States,Oregon,West,Furniture,Chairs,717.52,4,0.4,-64.29
4572,US-2024-01847,06/20/2024,06/23/2024,First Class,CU-0253,Ravi Lee,Consumer,United States,Michigan,Central,Office Supplies,Binders,46.36,4,0.5,-5.28
4573,US-2024-01847,06/20/2024,06/23/2024,First Class,CU-0253,Ravi Lee,Consumer,United States,Michigan,Central,Office Supplies,Art,41.2,4,0.2,5.01
4574,US-2022-01848,04/12/2022,04/14/2022,First Class,CU-0221,John Davis,Consumer,United States,Georgia,South,Technology,Phones,2518.78,7,0.0,446.12
4575,US-2022-01848,04/12/2022,04/15/2022,First Class,CU-0221,John Davis,Consumer,United States,Georgia,South,Technology,Accessories,99.61,3,0.3,19.02
4576,US-2022-01848,04/12/2022,04/15/2022,First Class,CU-0221,John Davis,Consumer,United States,Georgia,South,Technology,Accessories,148.35,3,0.0,28.63
4577,US-2022-01848,04/12/2022,04/14/2022,First Class,CU-0221,John Davis,Consumer,United States,Georgia,South,Technology,Accessories,227.67,5,0.2,-5.19
4578,US-2023-01849,11/14/2023,11/19/2023,Standard Class,CU-0394,Aarav Miller,Home Office,United States,Georgia,South,Technology,Accessories,106.85,4,0.5,2.42
4579,US-2025-01850,04/30/2025,05/04/2025,Second Class,CU-0596,John Patel,Consumer,United States,Florida,South,Technology,Machines,1021.61,2,0.2,-105.4
4580,US-2025-01850,04/30/2025,05/03/2025,Second Class,CU-0596,John Patel,Consumer,United States,Florida,South,Furniture,Furnishings,118.87,2,0.1,-1.57
4581,US-2024-01851,06/07/2024,06/09/2024,First Class,CU-0552,Olivia Patel,Consumer,United States,Florida,South,Furniture,Chairs,543.33,2,0.1,-0.3
4582,US-2024-01851,06/07/2024,06/10/2024,First Class,CU-0552,Olivia Patel,Consumer,United States,Florida,South,Technology,Machines,1507.42,4,0.4,-214.05
4583,US-2024-01851,06/07/2024,06/10/2024,First Class,CU-0552,Olivia Patel,Consumer,United States,Florida,South,Furniture,Chairs,447.28,2,0.0,36.96
4584,US-2024-01851,06/07/2024,06/10/2024,First Class,CU-0552,Olivia Patel,Consumer,United States,Florida,South,Office Supplies,Art,19.81,2,0.2,3.8
4585,US-2022-01852,04/01/2022,04/04/2022,Second Class,CU-0347,Emma Wilson,Home Office,United States,Washington,West,Furniture,Bookcases,1394.78,7,0.3,-251.11
4586,US-2022-01852,04/01/2022,04/05/2022,Second Class,CU-0347,Emma Wilson,Home Office,United States,Washington,West,Office Supplies,Labels,74.01,5,0.0,34.28
4587,US-2022-01852,04/01/2022,04/05/2022,Second Class,CU-0347,Emma Wilson,Home Office,United States,Washington,West,Technology,Accessories,122.46,3,0.0,33.88
4588,US-2022-01852,04/01/2022,04/05/2022,Second Class,CU-0347,Emma Wilson,Home Office,United States,Washington,West,Furniture,Furnishings,102.09,3,0.5,-14.86
4589,US-2022-01853,02/13/2022,02/19/2022,Standard Class,CU-0681,Sara Wilson,Home Office,United States,Texas,Central,Office Supplies,Binders,83.31,4,0.2,7.58
4590,US-2022-01853,02/13/2022,02/18/2022,Standard Class,CU-0681,Sara Wilson,Home Office,United States,Texas,Central,Technology,Copiers,3076.29,3,0.1,1089.04
4591,US-2022-01853,02/13/2022,02/19/2022,Standard Class,CU-0681,Sara Wilson,Home Office,United States,Texas,Central,Furniture,Furnishings,73.86,3,0.5,-1.5
4592,US-2023-01854,09/04/2023,09/09/2023,Standard Class,CU-0666,Aarav Khan,Home Office,United States,Illinois,Central,Technology,Phones,624.85,3,0.4,-40.12
4593,US-2023-01854,09/04/2023,09/10/2023,Standard Class,CU-0666,Aarav Khan,Home Office,United States,Illinois,Central,Technology,Machines,2015.18,6,0.2,-216.66
4594,US-2023-01855,02/23/2023,02/28/2023,Standard Class,CU-0230,Olivia Garcia,Home Office,United States,Pennsylvania,East,Technology,Phones,746.29,3,0.3,-11.4
4595,US-2023-01855,02/23/2023,03/01/2023,Standard Class,CU-0230,Olivia Garcia,Home Office,United States,Pennsylvania,East,Technology,Machines,3141.36,7,0.3,-242.2
4596,US-2023-01855,02/23/2023,03/01/2023,Standard Class,CU-0230,Olivia Garcia,Home Office,United States,Pennsylvania,East,Furniture,Chairs,1114.98,7,0.5,-105.95
4597,US-2024-01856,01/16/2024,01/21/2024,Standard Class,CU-0391,Olivia Miller,Corporate,United States,Ohio,East,Technology,Copiers,2460.95,4,0.4,400.89
4598,US-2024-01856,01/16/2024,01/21/2024,Standard Class,CU-0391,Olivia Miller,Corporate,United States,Ohio,East,Technology,Accessories,45.83,1,0.0,13.58
4599,US-2024-01856,01/16/2024,01/21/2024,Standard Class,CU-0391,Olivia Miller,Corporate,United States,Ohio,East,Office Supplies,Paper,106.59,6,0.1,35.01
4600,US-2023-01857,12/18/2023,12/24/2023,Standard Class,CU-0088,John Brown,Home Office,United States,Georgia,South,Furniture,Chairs,651.29,4,0.2,-6.77
4601,US-2023-01858,03/23/2023,03/28/2023,Standard Class,CU-0447,Priya Garcia,Corporate,United States,New York,East,Technology,Machines,2660.85,7,0.3,-374.79
4602,US-2024-01859,05/09/2024,05/13/2024,Second Class,CU-0177,Ethan Clark,Corporate,United States,Washington,West,Furniture,Tables,2394.16,6,0.1,-452.35
4603,US-2024-01859,05/09/2024,05/12/2024,Second Class,CU-0177,Ethan Clark,Corporate,United States,Washington,West,Technology,Accessories,96.37,2,0.0,18.35
4604,US-2024-01859,05/09/2024,05/13/2024,Second Class,CU-0177,Ethan Clark,Corporate,United States,Washington,West,Furniture,Furnishings,186.05,4,0.3,-5.84
4605,US-2024-01860,05/07/2024,05/11/2024,Second Class,CU-0245,Zoe Davis,Consumer,United States,Washington,West,Technology,Phones,1688.92,5,0.1,198.64
4606,US-2024-01860,05/07/2024,05/10/2024,Second Class,CU-0245,Zoe Davis,Consumer,United States,Washington,West,Office Supplies,Binders,147.44,6,0.1,18.16
4607,US-2022-01861,09/03/2022,09/07/2022,Second Class,CU-0463,Noah Lee,Home Office,United States,Illinois,Central,Furniture,Bookcases,1810.1,6,0.0,4.46
4608,US-2022-01861,09/03/2022,09/06/2022,Second Class,CU-0463,Noah Lee,Home Office,United States,Illinois,Central,Furniture,Furnishings,188.0,5,0.5,-20.79
4609,US-2022-01861,09/03/2022,09/07/2022,Second Class,CU-0463,Noah Lee,Home Office,United States,Illinois,Central,Technology,Accessories,170.57,4,0.0,45.01
4610,US-2022-01861,09/03/2022,09/06/2022,Second Class,CU-0463,Noah Lee,Home Office,United States,Illinois,Central,Office Supplies,Binders,143.16,5,0.0,39.65
4611,US-2023-01862,11/22/2023,11/27/2023,Standard Class,CU-0623,Maya Davis,Consumer,United States,Georgia,South,Furniture,Bookcases,1854.22,6,0.0,284.57
4612,US-2025-01863,08/15/2025,08/21/2025,Standard Class,CU-0697,Sara Smith,Home Office,United States,Michigan,Central,Furniture,Bookcases,1195.7,7,0.5,-247.38
4613,US-2024-01864,03/08/2024,03/08/2024,Same Day,CU-0384,Ethan Lee,Corporate,United States,Virginia,South,Furniture,Tables,834.26,2,0.1,-89.52
4614,US-2025-01865,08/19/2025,08/25/2025,Standard Class,CU-0017,Ravi Davis,Home Office,United States,California,West,Technology,Accessories,43.05,1,0.2,4.13
4615,US-2025-01865,08/19/2025,08/24/2025,Standard Class,CU-0017,Ravi Davis,Home Office,United States,California,West,Furniture,Tables,515.12,2,0.3,-131.58
4616,US-2025-01865,08/19/2025,08/25/2025,Standard Class,CU-0017,Ravi Davis,Home Office,United States,California,West,Furniture,Furnishings,141.56,5,0.5,-28.19
4617,US-2023-01866,12/20/2023,12/23/2023,Second Class,CU-0472,Priya Khan,Home Office,United States,Oregon,West,Office Supplies,Paper,87.53,5,0.1,27.35
4618,US-2023-01867,08/07/2023,08/13/2023,Standard Class,CU-0548,Aarav Garcia,Corporate,United States,Washington,West,Office Supplies,Labels,52.29,5,0.0,16.05
4619,US-2023-01867,08/07/2023,08/13/2023,Standard Class,CU-0548,Aarav Garcia,Corporate,United States,Washington,West,Technology,Phones,359.07,1,0.0,64.78
4620,US-2024-01868,06/01/2024,06/07/2024,Standard Class,CU-0542,Aarav Khan,Home Office,United States,Illinois,Central,Furniture,Chairs,721.14,3,0.0,78.7
4621,US-2024-01868,06/01/2024,06/06/2024,Standard Class,CU-0542,Aarav Khan,Home Office,United States,Illinois,Central,Technology,Machines,1583.1,3,0.0,92.9
4622,US-2024-01868,06/01/2024,06/07/2024,Standard Class,CU-0542,Aarav Khan,Home Office,United States,Illinois,Central,Technology,Accessories,47.54,1,0.0,11.67
4623,US-2023-01869,03/31/2023,04/05/2023,Standard Class,CU-0048,John Brown,Corporate,United States,Washington,West,Technology,Machines,3522.09,6,0.0,-29.77
4624,US-2023-01869,03/31/2023,04/05/2023,Standard Class,CU-0048,John Brown,Corporate,United States,Washington,West,Technology,Phones,628.74,4,0.5,-120.78
4625,US-2024-01870,05/17/2024,05/23/2024,Standard Class,CU-0162,Priya Garcia,Consumer,United States,California,West,Technology,Accessories,111.98,4,0.5,1.31
4626,US-2024-01870,05/17/2024,05/22/2024,Standard Class,CU-0162,Priya Garcia,Consumer,United States,California,West,Technology,Accessories,77.8,2,0.4,3.86
4627,US-2024-01870,05/17/2024,05/23/2024,Standard Class,CU-0162,Priya Garcia,Consumer,United States,California,West,Technology,Accessories,27.69,1,0.4,2.07
4628,US-2024-01871,03/11/2024,03/13/2024,First Class,CU-0054,Priya Clark,Corporate,United States,Pennsylvania,East,Technology,Copiers,2426.06,4,0.3,542.59
4629,US-2023-01872,10/08/2023,10/13/2023,Standard Class,CU-0581,Emma Davis,Corporate,United States,Washington,West,Office Supplies,Paper,34.07,2,0.0,12.37
4630,US-2023-01872,10/08/2023,10/14/2023,Standard Class,CU-0581,Emma Davis,Corporate,United States,Washington,West,Technology,Machines,1833.71,4,0.2,-244.08
4631,US-2023-01872,10/08/2023,10/14/2023,Standard Class,CU-0581,Emma Davis,Corporate,United States,Washington,West,Technology,Copiers,4620.55,4,0.0,1597.53
4632,US-2023-01872,10/08/2023,10/13/2023,Standard Class,CU-0581,Emma Davis,Corporate,United States,Washington,West,Technology,Machines,2232.44,5,0.0,-6.98
4633,US-2023-01873,08/18/2023,08/20/2023,First Class,CU-0347,Emma Wilson,Home Office,United States,Ohio,East,Office Supplies,Art,50.48,5,0.4,3.09
4634,US-2023-01874,01/07/2023,01/09/2023,First Class,CU-0308,Noah Garcia,Consumer,United States,Virginia,South,Furniture,Tables,2388.62,6,0.1,-311.78
4635,US-2023-01874,01/07/2023,01/10/2023,First Class,CU-0308,Noah Garcia,Consumer,United States,Virginia,South,Technology,Machines,1028.07,3,0.3,-109.6
4636,US-2023-01874,01/07/2023,01/10/2023,First Class,CU-0308,Noah Garcia,Consumer,United States,Virginia,South,Office Supplies,Binders,52.06,4,0.5,-4.37
4637,US-2023-01874,01/07/2023,01/10/2023,First Class,CU-0308,Noah Garcia,Consumer,United States,Virginia,South,Furniture,Chairs,530.18,3,0.3,-63.82
4638,US-2024-01875,12/04/2024,12/06/2024,First Class,CU-0144,Ravi Smith,Home Office,United States,Oregon,West,Office Supplies,Storage,352.3,5,0.3,21.72
4639,US-2024-01875,12/04/2024,12/06/2024,First Class,CU-0144,Ravi Smith,Home Office,United States,Oregon,West,Office Supplies,Storage,272.18,5,0.4,-13.85
4640,US-2024-01875,12/04/2024,12/07/2024,First Class,CU-0144,Ravi Smith,Home Office,United States,Oregon,West,Furniture,Tables,1138.11,5,0.3,-210.05
4641,US-2022-01876,07/20/2022,07/25/2022,Standard Class,CU-0426,Ravi Miller,Home Office,United States,Ohio,East,Furniture,Bookcases,940.15,5,0.4,-213.19
4642,US-2022-01876,07/20/2022,07/26/2022,Standard Class,CU-0426,Ravi Miller,Home Office,United States,Ohio,East,Office Supplies,Binders,35.75,3,0.5,0.91
4643,US-2022-01876,07/20/2022,07/25/2022,Standard Class,CU-0426,Ravi Miller,Home Office,United States,Ohio,East,Technology,Phones,895.02,6,0.4,-45.63
4644,US-2025-01877,09/17/2025,09/23/2025,Standard Class,CU-0554,Sara Miller,Corporate,United States,New York,East,Office Supplies,Storage,144.89,2,0.1,1.18
4645,US-2025-01877,09/17/2025,09/23/2025,Standard Class,CU-0554,Sara Miller,Corporate,United States,New York,East,Furniture,Tables,1801.99,5,0.0,-158.54
4646,US-2023-01878,11/14/2023,11/16/2023,First Class,CU-0478,John Patel,Corporate,United States,Ohio,East,Technology,Machines,864.5,2,0.0,95.3
4647,US-2023-01878,11/14/2023,11/16/2023,First Class,CU-0478,John Patel,Corporate,United States,Ohio,East,Furniture,Chairs,900.06,6,0.5,-136.89
4648,US-2023-01878,11/14/2023,11/16/2023,First Class,CU-0478,John Patel,Corporate,United States,Ohio,East,Furniture,Chairs,1015.27,4,0.0,58.88
4649,US-2025-01879,03/06/2025,03/12/2025,Standard Class,CU-0623,Maya Davis,Consumer,United States,Virginia,South,Furniture,Bookcases,1163.42,6,0.2,-119.09
4650,US-2025-01879,03/06/2025,03/11/2025,Standard Class,CU-0623,Maya Davis,Consumer,United States,Virginia,South,Furniture,Furnishings,142.31,4,0.5,-27.08
4651,US-2024-01880,04/21/2024,04/27/2024,Standard Class,CU-0481,Priya Khan,Home Office,United States,Oregon,West,Office Supplies,Storage,582.82,6,0.0,39.53
4652,US-2024-01880,04/21/2024,04/27/2024,Standard Class,CU-0481,Priya Khan,Home Office,United States,Oregon,West,Furniture,Furnishings,111.61,3,0.4,-10.16
4653,US-2024-01880,04/21/2024,04/27/2024,Standard Class,CU-0481,Priya Khan,Home Office,United States,Oregon,West,Technology,Machines,3851.88,6,0.0,-124.49
4654,US-2023-01881,03/13/2023,03/18/2023,Standard Class,CU-0677,Noah Lee,Corporate,United States,Florida,South,Technology,Phones,1364.33,4,0.0,206.12
4655,US-2023-01881,03/13/2023,03/19/2023,Standard Class,CU-0677,Noah Lee,Corporate,United States,Florida,South,Technology,Phones,275.54,1,0.2,2.89
4656,US-2024-01882,09/07/2024,09/07/2024,Same Day,CU-0079,Emma Davis,Corporate,United States,New York,East,Technology,Copiers,2628.23,3,0.2,628.66
4657,US-2024-01882,09/07/2024,09/08/2024,Same Day,CU-0079,Emma Davis,Corporate,United States,New York,East,Furniture,Chairs,1329.5,5,0.1,76.36
4658,US-2024-01882,09/07/2024,09/07/2024,Same Day,CU-0079,Emma Davis,Corporate,United States,New York,East,Furniture,Tables,2305.6,6,0.2,-655.0
4659,US-2024-01882,09/07/2024,09/07/2024,Same Day,CU-0079,Emma Davis,Corporate,United States,New York,East,Office Supplies,Art,13.92,1,0.0,4.81
4660,US-2024-01883,01/19/2024,01/25/2024,Standard Class,CU-0079,Emma Davis,Corporate,United States,Virginia,South,Office Supplies,Art,108.73,7,0.1,16.42
4661,US-2024-01883,01/19/2024,01/24/2024,Standard Class,CU-0079,Emma Davis,Corporate,United States,Virginia,South,Furniture,Furnishings,307.36,4,0.0,32.29
4662,US-2023-01884,06/01/2023,06/04/2023,Second Class,CU-0013,Ethan Wilson,Consumer,United States,Texas,Central,Office Supplies,Art,15.39,1,0.0,4.77
4663,US-2023-01884,06/01/2023,06/05/2023,Second Class,CU-0013,Ethan Wilson,Consumer,United States,Texas,Central,Furniture,Furnishings,250.86,5,0.1,23.86
4664,US-2023-01884,06/01/2023,06/04/2023,Second Class,CU-0013,Ethan Wilson,Consumer,United States,Texas,Central,Technology,Phones,322.56,1,0.0,30.3
4665,US-2023-01884,06/01/2023,06/04/2023,Second Class,CU-0013,Ethan Wilson,Consumer,United States,Texas,Central,Office Supplies,Paper,92.79,4,0.0,39.18
4666,US-2023-01885,09/17/2023,09/23/2023,Standard Class,CU-0550,Olivia Clark,Home Office,United States,Florida,South,Technology,Copiers,4275.07,6,0.2,852.77
4667,US-2024-01886,08/08/2024,08/11/2024,Second Class,CU-0338,Priya Brown,Consumer,United States,Florida,South,Furniture,Bookcases,794.56,3,0.2,-152.86
4668,US-2025-01887,05/17/2025,05/23/2025,Standard Class,CU-0347,Emma Wilson,Home Office,United States,Oregon,West,Technology,Phones,2131.88,7,0.1,459.41
4669,US-2025-01888,08/21/2025,08/26/2025,Standard Class,CU-0086,Maya Miller,Consumer,United States,Virginia,South,Technology,Accessories,46.35,1,0.1,9.27
4670,US-2025-01888,08/21/2025,08/27/2025,Standard Class,CU-0086,Maya Miller,Consumer,United States,Virginia,South,Technology,Machines,1275.99,4,0.3,-273.61
4671,US-2025-01888,08/21/2025,08/27/2025,Standard Class,CU-0086,Maya Miller,Consumer,United States,Virginia,South,Technology,Accessories,183.08,4,0.0,45.57
4672,US-2023-01889,07/03/2023,07/06/2023,First Class,CU-0005,Ravi Davis,Home Office,United States,Washington,West,Office Supplies,Storage,395.1,4,0.1,14.1
4673,US-2023-01889,07/03/2023,07/06/2023,First Class,CU-0005,Ravi Davis,Home Office,United States,Washington,West,Office Supplies,Storage,138.53,3,0.5,-13.85
4674,US-2023-01889,07/03/2023,07/06/2023,First Class,CU-0005,Ravi Davis,Home Office,United States,Washington,West,Office Supplies,Paper,34.57,4,0.5,4.06
4675,US-2023-01889,07/03/2023,07/05/2023,First Class,CU-0005,Ravi Davis,Home Office,United States,Washington,West,Technology,Machines,294.08,1,0.5,-71.29
4676,US-2025-01890,10/03/2025,10/09/2025,Standard Class,CU-0047,Liam Garcia,Home Office,United States,Texas,Central,Office Supplies,Storage,143.63,2,0.3,-0.95
4677,US-2025-01890,10/03/2025,10/08/2025,Standard Class,CU-0047,Liam Garcia,Home Office,United States,Texas,Central,Technology,Accessories,74.05,3,0.5,-0.01
4678,US-2025-01890,10/03/2025,10/09/2025,Standard Class,CU-0047,Liam Garcia,Home Office,United States,Texas,Central,Technology,Machines,1386.08,5,0.5,-399.74
4679,US-2023-01891,07/15/2023,07/17/2023,First Class,CU-0150,Zoe Khan,Consumer,United States,Michigan,Central,Furniture,Furnishings,74.46,1,0.0,17.04
4680,US-2023-01892,04/13/2023,04/16/2023,Second Class,CU-0083,Priya Garcia,Home Office,United States,New York,East,Technology,Machines,1642.92,4,0.0,-82.4
4681,US-2023-01892,04/13/2023,04/17/2023,Second Class,CU-0083,Priya Garcia,Home Office,United States,New York,East,Furniture,Furnishings,90.86,3,0.5,-4.28
4682,US-2023-01892,04/13/2023,04/16/2023,Second Class,CU-0083,Priya Garcia,Home Office,United States,New York,East,Office Supplies,Art,19.3,1,0.0,5.69
4683,US-2023-01892,04/13/2023,04/17/2023,Second Class,CU-0083,Priya Garcia,Home Office,United States,New York,East,Furniture,Tables,684.47,2,0.1,-135.96
4684,US-2024-01893,10/03/2024,10/08/2024,Standard Class,CU-0559,Ravi Clark,Consumer,United States,Illinois,Central,Office Supplies,Storage,283.57,5,0.5,-26.67
4685,US-2024-01893,10/03/2024,10/08/2024,Standard Class,CU-0559,Ravi Clark,Consumer,United States,Illinois,Central,Technology,Accessories,88.62,3,0.3,4.31
4686,US-2023-01894,09/09/2023,09/14/2023,Standard Class,CU-0269,Ravi Davis,Corporate,United States,Michigan,Central,Furniture,Chairs,1097.27,4,0.0,75.98
4687,US-2023-01894,09/09/2023,09/15/2023,Standard Class,CU-0269,Ravi Davis,Corporate,United States,Michigan,Central,Furniture,Bookcases,618.89,3,0.3,-115.15
4688,US-2025-01895,05/09/2025,05/15/2025,Standard Class,CU-0037,Emma Davis,Consumer,United States,Pennsylvania,East,Furniture,Chairs,1003.37,4,0.1,43.9
4689,US-2025-01895,05/09/2025,05/15/2025,Standard Class,CU-0037,Emma Davis,Consumer,United States,Pennsylvania,East,Office Supplies,Binders,18.05,1,0.2,2.45
4690,US-2025-01895,05/09/2025,05/14/2025,Standard Class,CU-0037,Emma Davis,Consumer,United States,Pennsylvania,East,Furniture,Tables,1602.4,5,0.0,-164.09
4691,US-2025-01896,07/19/2025,07/24/2025,Standard Class,CU-0016,Zoe Garcia,Home Office,United States,Michigan,Central,Furniture,Bookcases,359.72,1,0.0,-4.57
4692,US-2025-01896,07/19/2025,07/24/2025,Standard Class,CU-0016,Zoe Garcia,Home Office,United States,Michigan,Central,Furniture,Tables,200.96,1,0.4,-57.4
4693,US-2025-01896,07/19/2025,07/25/2025,Standard Class,CU-0016,Zoe Garcia,Home Office,United States,Michigan,Central,Technology,Phones,1516.68,6,0.0,191.76
4694,US-2023-01897,05/17/2023,05/23/2023,Standard Class,CU-0292,Maya Miller,Corporate,United States,Florida,South,Technology,Accessories,355.22,7,0.0,60.29
4695,US-2023-01897,05/17/2023,05/22/2023,Standard Class,CU-0292,Maya Miller,Corporate,United States,Florida,South,Office Supplies,Art,48.24,4,0.3,5.61
4696,US-2023-01897,05/17/2023,05/22/2023,Standard Class,CU-0292,Maya Miller,Corporate,United States,Florida,South,Office Supplies,Binders,130.62,6,0.3,11.69
4697,US-2025-01898,08/26/2025,08/29/2025,Second Class,CU-0064,Sara Miller,Corporate,United States,Illinois,Central,Office Supplies,Binders,127.47,5,0.1,19.55
4698,US-2022-01899,03/23/2022,03/28/2022,Standard Class,CU-0390,Liam Clark,Home Office,United States,New York,East,Office Supplies,Binders,14.82,1,0.4,0.35
4699,US-2022-01899,03/23/2022,03/28/2022,Standard Class,CU-0390,Liam Clark,Home Office,United States,New York,East,Technology,Copiers,2205.29,3,0.2,536.77
4700,US-2022-01899,03/23/2022,03/29/2022,Standard Class,CU-0390,Liam Clark,Home Office,United States,New York,East,Office Supplies,Binders,83.03,3,0.1,13.52
4701,US-2024-01900,02/12/2024,02/15/2024,Second Class,CU-0241,Maya Clark,Home Office,United States,Pennsylvania,East,Office Supplies,Labels,27.61,4,0.5,2.56
4702,US-2024-01900,02/12/2024,02/16/2024,Second Class,CU-0241,Maya Clark,Home Office,United States,Pennsylvania,East,Office Supplies,Storage,300.59,7,0.5,-63.8
4703,US-2023-01901,09/14/2023,09/19/2023,Standard Class,CU-0451,Aarav Lee,Corporate,United States,California,West,Technology,Phones,1534.45,7,0.1,79.46
4704,US-2025-01902,12/02/2025,12/08/2025,Standard Class,CU-0296,Ravi Smith,Consumer,United States,Michigan,Central,Office Supplies,Storage,238.01,5,0.5,-58.78
4705,US-2024-01903,08/12/2024,08/17/2024,Standard Class,CU-0016,Zoe Garcia,Home Office,United States,Oregon,West,Furniture,Chairs,562.52,4,0.5,-87.16
4706,US-2022-01904,05/06/2022,05/11/2022,Standard Class,CU-0078,Ethan Smith,Home Office,United States,Ohio,East,Technology,Copiers,6521.19,6,0.0,2337.04
4707,US-2022-01904,05/06/2022,05/11/2022,Standard Class,CU-0078,Ethan Smith,Home Office,United States,Ohio,East,Office Supplies,Labels,44.72,6,0.5,1.45
4708,US-2022-01904,05/06/2022,05/11/2022,Standard Class,CU-0078,Ethan Smith,Home Office,United States,Ohio,East,Office Supplies,Paper,95.89,4,0.0,41.16
4709,US-2022-01905,01/23/2022,01/28/2022,Standard Class,CU-0569,Zoe Wilson,Home Office,United States,Georgia,South,Office Supplies,Art,64.61,7,0.3,8.96
4710,US-2022-01906,09/28/2022,10/03/2022,Standard Class,CU-0584,Ravi Clark,Home Office,United States,Pennsylvania,East,Furniture,Bookcases,1494.1,4,0.0,31.92
4711,US-2022-01906,09/28/2022,10/03/2022,Standard Class,CU-0584,Ravi Clark,Home Office,United States,Pennsylvania,East,Technology,Accessories,264.97,6,0.1,56.11
4712,US-2023-01907,10/27/2023,10/30/2023,First Class,CU-0073,Aarav Smith,Corporate,United States,Michigan,Central,Technology,Phones,697.78,3,0.1,38.04
4713,US-2023-01907,10/27/2023,10/29/2023,First Class,CU-0073,Aarav Smith,Corporate,United States,Michigan,Central,Technology,Copiers,4478.25,5,0.0,1899.41
4714,US-2024-01908,04/07/2024,04/09/2024,First Class,CU-0299,Ravi Miller,Corporate,United States,Oregon,West,Office Supplies,Paper,26.43,2,0.3,6.84
4715,US-2025-01909,11/14/2025,11/17/2025,First Class,CU-0585,Olivia Lee,Corporate,United States,Pennsylvania,East,Furniture,Furnishings,36.44,1,0.3,-1.44
4716,US-2025-01909,11/14/2025,11/16/2025,First Class,CU-0585,Olivia Lee,Corporate,United States,Pennsylvania,East,Furniture,Chairs,602.62,3,0.1,113.01
4717,US-2025-01909,11/14/2025,11/16/2025,First Class,CU-0585,Olivia Lee,Corporate,United States,Pennsylvania,East,Furniture,Tables,2764.63,6,0.1,-277.15
4718,US-2025-01909,11/14/2025,11/17/2025,First Class,CU-0585,Olivia Lee,Corporate,United States,Pennsylvania,East,Technology,Machines,3107.53,5,0.0,-33.3
4719,US-2024-01910,05/05/2024,05/10/2024,Standard Class,CU-0263,Aarav Miller,Corporate,United States,Oregon,West,Office Supplies,Art,90.15,6,0.1,18.62
4720,US-2024-01910,05/05/2024,05/11/2024,Standard Class,CU-0263,Aarav Miller,Corporate,United States,Oregon,West,Technology,Accessories,121.48,2,0.0,28.09
4721,US-2024-01910,05/05/2024,05/10/2024,Standard Class,CU-0263,Aarav Miller,Corporate,United States,Oregon,West,Furniture,Bookcases,960.66,5,0.5,-256.33
4722,US-2024-01910,05/05/2024,05/10/2024,Standard Class,CU-0263,Aarav Miller,Corporate,United States,Oregon,West,Furniture,Furnishings,70.69,2,0.5,-13.33
4723,US-2022-01911,06/13/2022,06/19/2022,Standard Class,CU-0274,Zoe Smith,Corporate,United States,Ohio,East,Technology,Accessories,111.06,2,0.0,25.6
4724,US-2022-01911,06/13/2022,06/18/2022,Standard Class,CU-0274,Zoe Smith,Corporate,United States,Ohio,East,Technology,Copiers,3484.59,5,0.1,1029.34
4725,US-2022-01912,12/18/2022,12/21/2022,First Class,CU-0391,Olivia Miller,Corporate,United States,Virginia,South,Office Supplies,Binders,108.5,7,0.5,-4.19
4726,US-2022-01912,12/18/2022,12/20/2022,First Class,CU-0391,Olivia Miller,Corporate,United States,Virginia,South,Furniture,Bookcases,2624.86,7,0.0,195.72
4727,US-2024-01913,02/08/2024,02/14/2024,Standard Class,CU-0617,Noah Patel,Consumer,United States,Texas,Central,Office Supplies,Binders,124.45,4,0.0,26.09
4728,US-2024-01913,02/08/2024,02/13/2024,Standard Class,CU-0617,Noah Patel,Consumer,United States,Texas,Central,Office Supplies,Storage,172.86,2,0.1,1.92
4729,US-2024-01913,02/08/2024,02/14/2024,Standard Class,CU-0617,Noah Patel,Consumer,United States,Texas,Central,Office Supplies,Art,29.22,2,0.0,5.36
4730,US-2024-01913,02/08/2024,02/14/2024,Standard Class,CU-0617,Noah Patel,Consumer,United States,Texas,Central,Furniture,Tables,1852.49,6,0.4,-622.13
4731,US-2023-01914,03/20/2023,03/25/2023,Standard Class,CU-0501,Noah Brown,Consumer,United States,Illinois,Central,Technology,Phones,1415.9,6,0.2,-35.57
4732,US-2023-01914,03/20/2023,03/26/2023,Standard Class,CU-0501,Noah Brown,Consumer,United States,Illinois,Central,Technology,Phones,199.65,1,0.3,1.49
4733,US-2023-01914,03/20/2023,03/25/2023,Standard Class,CU-0501,Noah Brown,Consumer,United States,Illinois,Central,Office Supplies,Binders,110.91,7,0.5,-0.25
4734,US-2023-01915,09/18/2023,09/24/2023,Standard Class,CU-0382,Ethan Lee,Corporate,United States,Georgia,South,Furniture,Chairs,1104.91,5,0.0,126.23
4735,US-2023-01915,09/18/2023,09/23/2023,Standard Class,CU-0382,Ethan Lee,Corporate,United States,Georgia,South,Office Supplies,Binders,113.74,7,0.4,6.11
4736,US-2023-01915,09/18/2023,09/23/2023,Standard Class,CU-0382,Ethan Lee,Corporate,United States,Georgia,South,Furniture,Chairs,312.67,1,0.0,13.12
4737,US-2024-01916,01/17/2024,01/22/2024,Standard Class,CU-0310,Sara Garcia,Corporate,United States,Florida,South,Technology,Copiers,2941.33,5,0.2,508.56
4738,US-2024-01916,01/17/2024,01/22/2024,Standard Class,CU-0310,Sara Garcia,Corporate,United States,Florida,South,Furniture,Chairs,722.79,4,0.1,-9.99
4739,US-2024-01916,01/17/2024,01/22/2024,Standard Class,CU-0310,Sara Garcia,Corporate,United States,Florida,South,Furniture,Tables,230.67,1,0.3,-83.92
4740,US-2025-01917,06/13/2025,06/19/2025,Standard Class,CU-0158,Priya Garcia,Corporate,United States,Florida,South,Technology,Copiers,2907.09,3,0.1,968.45
4741,US-2025-01917,06/13/2025,06/18/2025,Standard Class,CU-0158,Priya Garcia,Corporate,United States,Florida,South,Office Supplies,Storage,323.15,3,0.0,42.64
4742,US-2024-01918,04/21/2024,04/24/2024,Second Class,CU-0239,Zoe Davis,Corporate,United States,Oregon,West,Furniture,Bookcases,1376.51,6,0.2,-75.05
4743,US-2024-01918,04/21/2024,04/25/2024,Second Class,CU-0239,Zoe Davis,Corporate,United States,Oregon,West,Furniture,Furnishings,73.81,1,0.0,13.7
4744,US-2024-01918,04/21/2024,04/24/2024,Second Class,CU-0239,Zoe Davis,Corporate,United States,Oregon,West,Technology,Phones,311.69,1,0.2,6.14
4745,US-2022-01919,06/28/2022,07/04/2022,Standard Class,CU-0391,Olivia Miller,Corporate,United States,Michigan,Central,Office Supplies,Art,62.39,6,0.4,2.49
4746,US-2022-01919,06/28/2022,07/03/2022,Standard Class,CU-0391,Olivia Miller,Corporate,United States,Michigan,Central,Office Supplies,Art,49.44,4,0.0,10.31
4747,US-2022-01919,06/28/2022,07/03/2022,Standard Class,CU-0391,Olivia Miller,Corporate,United States,Michigan,Central,Furniture,Furnishings,179.51,6,0.5,-37.63
4748,US-2022-01919,06/28/2022,07/04/2022,Standard Class,CU-0391,Olivia Miller,Corporate,United States,Michigan,Central,Office Supplies,Labels,57.97,6,0.0,21.18
4749,US-2022-01920,07/10/2022,07/13/2022,Second Class,CU-0348,Ethan Garcia,Corporate,United States,Georgia,South,Furniture,Chairs,436.78,2,0.1,19.51
4750,US-2022-01920,07/10/2022,07/13/2022,Second Class,CU-0348,Ethan Garcia,Corporate,United States,Georgia,South,Technology,Accessories,112.94,2,0.0,31.75
4751,US-2024-01921,07/05/2024,07/10/2024,Standard Class,CU-0654,John Wilson,Home Office,United States,New York,East,Technology,Accessories,236.06,7,0.4,4.19
4752,US-2025-01922,04/27/2025,04/29/2025,First Class,CU-0210,Liam Khan,Corporate,United States,Virginia,South,Technology,Machines,3039.46,6,0.2,-325.22
4753,US-2023-01923,03/19/2023,03/24/2023,Standard Class,CU-0175,John Wilson,Consumer,United States,Illinois,Central,Furniture,Bookcases,757.99,4,0.4,-97.65
4754,US-2025-01924,09/15/2025,09/20/2025,Standard Class,CU-0244,Olivia Davis,Corporate,United States,Virginia,South,Technology,Phones,1632.24,6,0.2,63.44
4755,US-2025-01924,09/15/2025,09/20/2025,Standard Class,CU-0244,Olivia Davis,Corporate,United States,Virginia,South,Technology,Accessories,104.63,5,0.5,4.89
4756,US-2025-01925,11/26/2025,12/02/2025,Standard Class,CU-0493,Emma Lee,Consumer,United States,California,West,Technology,Machines,1818.02,3,0.0,37.28
4757,US-2025-01925,11/26/2025,12/02/2025,Standard Class,CU-0493,Emma Lee,Consumer,United States,California,West,Office Supplies,Paper,32.28,2,0.0,12.69
4758,US-2025-01925,11/26/2025,12/01/2025,Standard Class,CU-0493,Emma Lee,Consumer,United States,California,West,Office Supplies,Binders,130.66,5,0.0,25.52
4759,US-2022-01926,02/11/2022,02/11/2022,Same Day,CU-0327,Liam Khan,Corporate,United States,Ohio,East,Furniture,Chairs,521.98,2,0.1,37.19
4760,US-2022-01927,11/09/2022,11/14/2022,Standard Class,CU-0011,Emma Brown,Consumer,United States,Virginia,South,Furniture,Chairs,1442.06,5,0.1,118.79
4761,US-2022-01927,11/09/2022,11/14/2022,Standard Class,CU-0011,Emma Brown,Consumer,United States,Virginia,South,Technology,Phones,800.45,3,0.0,85.67
4762,US-2022-01927,11/09/2022,11/15/2022,Standard Class,CU-0011,Emma Brown,Consumer,United States,Virginia,South,Office Supplies,Storage,504.75,6,0.2,14.28
4763,US-2022-01927,11/09/2022,11/14/2022,Standard Class,CU-0011,Emma Brown,Consumer,United States,Virginia,South,Furniture,Chairs,808.03,4,0.0,68.59
4764,US-2025-01928,04/11/2025,04/16/2025,Standard Class,CU-0632,Ravi Patel,Home Office,United States,Washington,West,Technology,Accessories,260.17,5,0.0,55.55
4765,US-2025-01928,04/11/2025,04/17/2025,Standard Class,CU-0632,Ravi Patel,Home Office,United States,Washington,West,Technology,Phones,1177.55,4,0.0,156.01
4766,US-2025-01929,07/30/2025,08/02/2025,First Class,CU-0697,Sara Smith,Home Office,United States,New York,East,Technology,Copiers,2096.8,4,0.5,87.41
4767,US-2024-01930,12/19/2024,12/23/2024,Second Class,CU-0335,Noah Wilson,Consumer,United States,Pennsylvania,East,Technology,Phones,987.85,3,0.0,129.97
4768,US-2024-01930,12/19/2024,12/23/2024,Second Class,CU-0335,Noah Wilson,Consumer,United States,Pennsylvania,East,Furniture,Furnishings,154.23,5,0.5,-16.6
4769,US-2024-01930,12/19/2024,12/23/2024,Second Class,CU-0335,Noah Wilson,Consumer,United States,Pennsylvania,East,Furniture,Tables,345.51,1,0.1,-24.11
4770,US-2024-01930,12/19/2024,12/23/2024,Second Class,CU-0335,Noah Wilson,Consumer,United States,Pennsylvania,East,Technology,Copiers,2071.19,3,0.3,224.46
4771,US-2025-01931,03/21/2025,03/23/2025,First Class,CU-0230,Olivia Garcia,Home Office,United States,Pennsylvania,East,Office Supplies,Storage,191.08,2,0.0,33.68
4772,US-2025-01931,03/21/2025,03/24/2025,First Class,CU-0230,Olivia Garcia,Home Office,United States,Pennsylvania,East,Technology,Machines,3596.99,7,0.2,-313.34
4773,US-2025-01932,04/05/2025,04/08/2025,First Class,CU-0159,Olivia Davis,Home Office,United States,Georgia,South,Technology,Phones,791.11,3,0.0,124.63
4774,US-2025-01932,04/05/2025,04/08/2025,First Class,CU-0159,Olivia Davis,Home Office,United States,Georgia,South,Technology,Machines,2574.96,7,0.4,-518.45
4775,US-2025-01932,04/05/2025,04/08/2025,First Class,CU-0159,Olivia Davis,Home Office,United States,Georgia,South,Technology,Accessories,112.02,2,0.0,31.22
4776,US-2025-01932,04/05/2025,04/08/2025,First Class,CU-0159,Olivia Davis,Home Office,United States,Georgia,South,Office Supplies,Binders,55.89,2,0.0,9.48
4777,US-2022-01933,02/09/2022,02/12/2022,First Class,CU-0587,Noah Khan,Corporate,United States,California,West,Furniture,Chairs,392.37,3,0.5,-74.29
4778,US-2022-01933,02/09/2022,02/12/2022,First Class,CU-0587,Noah Khan,Corporate,United States,California,West,Office Supplies,Binders,43.82,3,0.5,0.47
4779,US-2023-01934,01/27/2023,01/30/2023,First Class,CU-0391,Olivia Miller,Corporate,United States,Oregon,West,Furniture,Tables,631.52,3,0.5,-267.25
4780,US-2023-01934,01/27/2023,01/29/2023,First Class,CU-0391,Olivia Miller,Corporate,United States,Oregon,West,Office Supplies,Labels,57.84,7,0.3,14.35
4781,US-2023-01935,04/07/2023,04/13/2023,Standard Class,CU-0432,Aarav Clark,Corporate,United States,Texas,Central,Furniture,Bookcases,1466.51,4,0.0,-14.67
4782,US-2023-01935,04/07/2023,04/13/2023,Standard Class,CU-0432,Aarav Clark,Corporate,United States,Texas,Central,Furniture,Furnishings,196.56,4,0.3,-1.98
4783,US-2023-01935,04/07/2023,04/13/2023,Standard Class,CU-0432,Aarav Clark,Corporate,United States,Texas,Central,Office Supplies,Paper,29.57,2,0.3,8.8
4784,US-2023-01935,04/07/2023,04/12/2023,Standard Class,CU-0432,Aarav Clark,Corporate,United States,Texas,Central,Furniture,Chairs,303.24,2,0.5,-43.0
4785,US-2022-01936,07/22/2022,07/26/2022,Second Class,CU-0359,Emma Patel,Home Office,United States,Illinois,Central,Furniture,Bookcases,1444.25,4,0.0,-98.52
4786,US-2022-01936,07/22/2022,07/25/2022,Second Class,CU-0359,Emma Patel,Home Office,United States,Illinois,Central,Furniture,Bookcases,218.6,1,0.4,-68.5
4787,US-2024-01937,01/16/2024,01/22/2024,Standard Class,CU-0224,Maya Clark,Corporate,United States,New York,East,Technology,Copiers,1633.38,2,0.3,338.72
4788,US-2024-01937,01/16/2024,01/21/2024,Standard Class,CU-0224,Maya Clark,Corporate,United States,New York,East,Furniture,Furnishings,125.22,2,0.1,7.98
4789,US-2024-01937,01/16/2024,01/21/2024,Standard Class,CU-0224,Maya Clark,Corporate,United States,New York,East,Office Supplies,Art,11.53,1,0.3,1.32
4790,US-2024-01937,01/16/2024,01/21/2024,Standard Class,CU-0224,Maya Clark,Corporate,United States,New York,East,Technology,Machines,2275.21,4,0.0,48.07
4791,US-2023-01938,06/05/2023,06/08/2023,Second Class,CU-0183,Emma Khan,Corporate,United States,California,West,Furniture,Bookcases,299.32,1,0.1,-2.39
4792,US-2023-01938,06/05/2023,06/09/2023,Second Class,CU-0183,Emma Khan,Corporate,United States,California,West,Office Supplies,Art,42.87,3,0.0,10.79
4793,US-2023-01938,06/05/2023,06/09/2023,Second Class,CU-0183,Emma Khan,Corporate,United States,California,West,Furniture,Chairs,1041.76,4,0.0,185.87
4794,US-2022-01939,03/10/2022,03/15/2022,Standard Class,CU-0621,Ravi Brown,Home Office,United States,Virginia,South,Office Supplies,Binders,50.91,2,0.2,6.16
4795,US-2022-01939,03/10/2022,03/16/2022,Standard Class,CU-0621,Ravi Brown,Home Office,United States,Virginia,South,Technology,Accessories,161.02,3,0.0,26.85
4796,US-2025-01940,05/06/2025,05/09/2025,Second Class,CU-0295,Emma Patel,Home Office,United States,Virginia,South,Technology,Accessories,51.58,1,0.0,14.87
4797,US-2025-01940,05/06/2025,05/09/2025,Second Class,CU-0295,Emma Patel,Home Office,United States,Virginia,South,Office Supplies,Paper,46.26,2,0.0,21.44
4798,US-2025-01940,05/06/2025,05/10/2025,Second Class,CU-0295,Emma Patel,Home Office,United States,Virginia,South,Furniture,Chairs,1388.38,6,0.0,165.26
4799,US-2025-01940,05/06/2025,05/10/2025,Second Class,CU-0295,Emma Patel,Home Office,United States,Virginia,South,Office Supplies,Labels,9.56,1,0.3,1.65
4800,US-2022-01941,06/10/2022,06/16/2022,Standard Class,CU-0323,Olivia Lee,Home Office,United States,Texas,Central,Furniture,Chairs,330.08,2,0.4,-32.33
4801,US-2022-01941,06/10/2022,06/16/2022,Standard Class,CU-0323,Olivia Lee,Home Office,United States,Texas,Central,Technology,Phones,836.51,3,0.1,97.12
4802,US-2022-01941,06/10/2022,06/15/2022,Standard Class,CU-0323,Olivia Lee,Home Office,United States,Texas,Central,Furniture,Bookcases,1521.28,4,0.0,-62.03
4803,US-2022-01941,06/10/2022,06/16/2022,Standard Class,CU-0323,Olivia Lee,Home Office,United States,Texas,Central,Technology,Machines,1282.92,4,0.5,-216.85
4804,US-2023-01942,06/27/2023,07/03/2023,Standard Class,CU-0330,Sara Brown,Home Office,United States,Illinois,Central,Office Supplies,Paper,139.79,6,0.1,44.69
4805,US-2022-01943,12/26/2022,01/01/2023,Standard Class,CU-0014,Olivia Patel,Home Office,United States,Georgia,South,Office Supplies,Binders,216.71,7,0.0,59.47
4806,US-2022-01943,12/26/2022,12/31/2022,Standard Class,CU-0014,Olivia Patel,Home Office,United States,Georgia,South,Office Supplies,Storage,474.25,7,0.2,-0.61
4807,US-2025-01944,03/26/2025,03/29/2025,First Class,CU-0287,Ravi Wilson,Home Office,United States,Pennsylvania,East,Technology,Accessories,99.99,3,0.4,-4.45
4808,US-2025-01944,03/26/2025,03/28/2025,First Class,CU-0287,Ravi Wilson,Home Office,United States,Pennsylvania,East,Furniture,Chairs,1272.01,5,0.0,102.53
4809,US-2025-01944,03/26/2025,03/28/2025,First Class,CU-0287,Ravi Wilson,Home Office,United States,Pennsylvania,East,Furniture,Bookcases,812.32,4,0.3,-143.08
4810,US-2022-01945,01/01/2022,01/07/2022,Standard Class,CU-0082,Olivia Miller,Consumer,United States,Virginia,South,Furniture,Chairs,1311.01,6,0.1,148.49
4811,US-2024-01946,08/07/2024,08/09/2024,First Class,CU-0595,Aarav Clark,Home Office,United States,Oregon,West,Office Supplies,Paper,109.12,6,0.0,40.34
4812,US-2024-01947,12/14/2024,12/18/2024,Second Class,CU-0363,Priya Clark,Corporate,United States,Pennsylvania,East,Furniture,Chairs,927.21,6,0.4,-46.62
4813,US-2023-01948,07/09/2023,07/14/2023,Standard Class,CU-0694,Maya Wilson,Consumer,United States,Texas,Central,Technology,Accessories,227.19,5,0.1,33.0
4814,US-2023-01948,07/09/2023,07/14/2023,Standard Class,CU-0694,Maya Wilson,Consumer,United States,Texas,Central,Furniture,Tables,1246.66,3,0.0,-16.02
4815,US-2023-01948,07/09/2023,07/15/2023,Standard Class,CU-0694,Maya Wilson,Consumer,United States,Texas,Central,Office Supplies,Art,62.31,4,0.2,6.31
4816,US-2022-01949,05/24/2022,05/26/2022,First Class,CU-0511,Maya Smith,Home Office,United States,Georgia,South,Technology,Machines,686.39,3,0.5,-172.97
4817,US-2022-01949,05/24/2022,05/27/2022,First Class,CU-0511,Maya Smith,Home Office,United States,Georgia,South,Technology,Copiers,2814.9,4,0.2,708.25
4818,US-2022-01949,05/24/2022,05/26/2022,First Class,CU-0511,Maya Smith,Home Office,United States,Georgia,South,Technology,Copiers,753.22,1,0.0,336.89
4819,US-2025-01950,01/06/2025,01/10/2025,Second Class,CU-0275,Maya Miller,Corporate,United States,Florida,South,Furniture,Furnishings,224.43,5,0.3,-23.8
4820,US-2025-01950,01/06/2025,01/10/2025,Second Class,CU-0275,Maya Miller,Corporate,United States,Florida,South,Technology,Phones,961.54,6,0.5,-107.78
4821,US-2025-01950,01/06/2025,01/09/2025,Second Class,CU-0275,Maya Miller,Corporate,United States,Florida,South,Furniture,Bookcases,965.75,3,0.0,-57.81
4822,US-2023-01951,12/21/2023,12/27/2023,Standard Class,CU-0499,Liam Garcia,Corporate,United States,Washington,West,Technology,Phones,2052.3,7,0.2,28.76
4823,US-2023-01951,12/21/2023,12/26/2023,Standard Class,CU-0499,Liam Garcia,Corporate,United States,Washington,West,Furniture,Tables,647.07,2,0.0,-68.1
4824,US-2023-01952,01/23/2023,01/27/2023,Second Class,CU-0366,Aarav Wilson,Home Office,United States,New York,East,Office Supplies,Storage,109.74,2,0.5,-24.34
4825,US-2023-01952,01/23/2023,01/27/2023,Second Class,CU-0366,Aarav Wilson,Home Office,United States,New York,East,Technology,Copiers,5726.97,7,0.2,1146.2
4826,US-2023-01953,06/01/2023,06/05/2023,Second Class,CU-0064,Sara Miller,Corporate,United States,Ohio,East,Office Supplies,Labels,45.93,4,0.2,13.13
4827,US-2023-01953,06/01/2023,06/04/2023,Second Class,CU-0064,Sara Miller,Corporate,United States,Ohio,East,Office Supplies,Binders,25.09,1,0.0,5.14
4828,US-2023-01953,06/01/2023,06/04/2023,Second Class,CU-0064,Sara Miller,Corporate,United States,Ohio,East,Technology,Copiers,3425.45,3,0.0,1147.11
4829,US-2023-01953,06/01/2023,06/04/2023,Second Class,CU-0064,Sara Miller,Corporate,United States,Ohio,East,Office Supplies,Storage,154.76,4,0.5,-24.74
4830,US-2024-01954,12/12/2024,12/17/2024,Standard Class,CU-0220,Olivia Smith,Consumer,United States,Georgia,South,Office Supplies,Labels,68.25,7,0.0,26.94
4831,US-2024-01954,12/12/2024,12/18/2024,Standard Class,CU-0220,Olivia Smith,Consumer,United States,Georgia,South,Office Supplies,Paper,71.89,5,0.3,20.54
4832,US-2024-01954,12/12/2024,12/17/2024,Standard Class,CU-0220,Olivia Smith,Consumer,United States,Georgia,South,Office Supplies,Labels,75.33,7,0.1,21.85
4833,US-2024-01955,04/09/2024,04/12/2024,First Class,CU-0090,Liam Miller,Corporate,United States,Virginia,South,Technology,Machines,381.07,1,0.3,-37.52
4834,US-2024-01955,04/09/2024,04/12/2024,First Class,CU-0090,Liam Miller,Corporate,United States,Virginia,South,Technology,Copiers,5012.4,6,0.0,2258.53
4835,US-2024-01955,04/09/2024,04/12/2024,First Class,CU-0090,Liam Miller,Corporate,United States,Virginia,South,Technology,Machines,430.33,1,0.0,-13.04
4836,US-2024-01955,04/09/2024,04/12/2024,First Class,CU-0090,Liam Miller,Corporate,United States,Virginia,South,Office Supplies,Art,78.28,5,0.1,15.02
4837,US-2022-01956,06/15/2022,06/21/2022,Standard Class,CU-0132,Olivia Davis,Home Office,United States,New York,East,Furniture,Tables,3109.63,7,0.0,-26.44
4838,US-2022-01956,06/15/2022,06/20/2022,Standard Class,CU-0132,Olivia Davis,Home Office,United States,New York,East,Technology,Accessories,81.43,2,0.2,6.07
4839,US-2022-01956,06/15/2022,06/20/2022,Standard Class,CU-0132,Olivia Davis,Home Office,United States,New York,East,Furniture,Tables,2952.06,6,0.0,-346.31
4840,US-2022-01956,06/15/2022,06/20/2022,Standard Class,CU-0132,Olivia Davis,Home Office,United States,New York,East,Technology,Copiers,5672.54,6,0.1,1573.19
4841,US-2022-01957,01/14/2022,01/20/2022,Standard Class,CU-0271,Aarav Wilson,Home Office,United States,New York,East,Technology,Copiers,4170.63,4,0.1,950.68
4842,US-2022-01957,01/14/2022,01/19/2022,Standard Class,CU-0271,Aarav Wilson,Home Office,United States,New York,East,Office Supplies,Storage,353.74,4,0.1,-13.07
4843,US-2024-01958,01/31/2024,02/06/2024,Standard Class,CU-0224,Maya Clark,Corporate,United States,Michigan,Central,Technology,Phones,1766.54,6,0.0,279.44
4844,US-2024-01958,01/31/2024,02/06/2024,Standard Class,CU-0224,Maya Clark,Corporate,United States,Michigan,Central,Office Supplies,Art,58.32,3,0.0,14.02
4845,US-2025-01959,10/23/2025,10/28/2025,Standard Class,CU-0581,Emma Davis,Corporate,United States,Oregon,West,Furniture,Chairs,646.69,6,0.5,-80.18
4846,US-2025-01959,10/23/2025,10/29/2025,Standard Class,CU-0581,Emma Davis,Corporate,United States,Oregon,West,Furniture,Furnishings,200.69,3,0.0,42.06
4847,US-2025-01959,10/23/2025,10/28/2025,Standard Class,CU-0581,Emma Davis,Corporate,United States,Oregon,West,Technology,Phones,1301.72,6,0.4,-112.77
4848,US-2025-01959,10/23/2025,10/29/2025,Standard Class,CU-0581,Emma Davis,Corporate,United States,Oregon,West,Office Supplies,Paper,34.78,3,0.4,6.96
4849,US-2024-01960,07/27/2024,08/02/2024,Standard Class,CU-0159,Olivia Davis,Home Office,United States,Texas,Central,Office Supplies,Binders,100.46,6,0.4,-4.66
4850,US-2024-01960,07/27/2024,08/01/2024,Standard Class,CU-0159,Olivia Davis,Home Office,United States,Texas,Central,Office Supplies,Paper,107.5,6,0.1,36.43
4851,US-2024-01960,07/27/2024,08/02/2024,Standard Class,CU-0159,Olivia Davis,Home Office,United States,Texas,Central,Technology,Accessories,177.02,4,0.0,38.73
4852,US-2024-01960,07/27/2024,08/02/2024,Standard Class,CU-0159,Olivia Davis,Home Office,United States,Texas,Central,Technology,Machines,846.75,2,0.3,-147.04
4853,US-2023-01961,04/28/2023,05/04/2023,Standard Class,CU-0508,Ravi Patel,Consumer,United States,California,West,Technology,Phones,1546.02,5,0.0,142.88
4854,US-2023-01961,04/28/2023,05/04/2023,Standard Class,CU-0508,Ravi Patel,Consumer,United States,California,West,Technology,Accessories,82.67,4,0.5,7.74
4855,US-2024-01962,07/15/2024,07/20/2024,Standard Class,CU-0055,Liam Garcia,Corporate,United States,Virginia,South,Office Supplies,Labels,32.95,3,0.2,8.46
4856,US-2024-01962,07/15/2024,07/20/2024,Standard Class,CU-0055,Liam Garcia,Corporate,United States,Virginia,South,Office Supplies,Labels,13.56,1,0.0,6.27
4857,US-2024-01962,07/15/2024,07/20/2024,Standard Class,CU-0055,Liam Garcia,Corporate,United States,Virginia,South,Technology,Phones,582.04,4,0.5,-120.43
4858,US-2023-01963,06/06/2023,06/09/2023,Second Class,CU-0567,Liam Clark,Consumer,United States,Georgia,South,Technology,Machines,803.57,2,0.3,-105.23
4859,US-2023-01963,06/06/2023,06/10/2023,Second Class,CU-0567,Liam Clark,Consumer,United States,Georgia,South,Office Supplies,Binders,118.14,6,0.3,6.27
4860,US-2023-01963,06/06/2023,06/10/2023,Second Class,CU-0567,Liam Clark,Consumer,United States,Georgia,South,Furniture,Bookcases,1053.4,4,0.0,70.13
4861,US-2023-01963,06/06/2023,06/09/2023,Second Class,CU-0567,Liam Clark,Consumer,United States,Georgia,South,Furniture,Chairs,1609.55,7,0.0,120.25
4862,US-2022-01964,12/05/2022,12/11/2022,Standard Class,CU-0136,Noah Garcia,Consumer,United States,Illinois,Central,Furniture,Chairs,1043.9,6,0.3,-129.67
4863,US-2022-01964,12/05/2022,12/10/2022,Standard Class,CU-0136,Noah Garcia,Consumer,United States,Illinois,Central,Technology,Copiers,1819.11,2,0.0,752.82
4864,US-2022-01964,12/05/2022,12/11/2022,Standard Class,CU-0136,Noah Garcia,Consumer,United States,Illinois,Central,Office Supplies,Paper,117.99,7,0.3,24.91
4865,US-2022-01964,12/05/2022,12/10/2022,Standard Class,CU-0136,Noah Garcia,Consumer,United States,Illinois,Central,Office Supplies,Art,67.69,7,0.4,-1.24
4866,US-2022-01965,01/03/2022,01/08/2022,Standard Class,CU-0222,John Khan,Home Office,United States,Florida,South,Furniture,Bookcases,1785.92,7,0.2,-172.72
4867,US-2022-01965,01/03/2022,01/09/2022,Standard Class,CU-0222,John Khan,Home Office,United States,Florida,South,Furniture,Chairs,226.07,1,0.0,36.97
4868,US-2022-01965,01/03/2022,01/09/2022,Standard Class,CU-0222,John Khan,Home Office,United States,Florida,South,Office Supplies,Art,21.51,2,0.4,0.75
4869,US-2022-01965,01/03/2022,01/08/2022,Standard Class,CU-0222,John Khan,Home Office,United States,Florida,South,Furniture,Furnishings,446.76,7,0.0,49.51
4870,US-2022-01966,02/05/2022,02/11/2022,Standard Class,CU-0568,John Miller,Consumer,United States,Ohio,East,Office Supplies,Paper,81.12,5,0.0,32.77
4871,US-2022-01966,02/05/2022,02/11/2022,Standard Class,CU-0568,John Miller,Consumer,United States,Ohio,East,Furniture,Chairs,716.55,3,0.0,74.09
4872,US-2024-01967,11/09/2024,11/14/2024,Standard Class,CU-0246,Ravi Davis,Corporate,United States,New York,East,Furniture,Tables,339.12,1,0.2,-73.56
4873,US-2024-01967,11/09/2024,11/14/2024,Standard Class,CU-0246,Ravi Davis,Corporate,United States,New York,East,Technology,Accessories,42.46,1,0.0,10.09
4874,US-2024-01967,11/09/2024,11/14/2024,Standard Class,CU-0246,Ravi Davis,Corporate,United States,New York,East,Furniture,Chairs,1266.08,7,0.1,-50.17
4875,US-2022-01968,08/17/2022,08/23/2022,Standard Class,CU-0303,Liam Patel,Corporate,United States,Illinois,Central,Technology,Phones,442.12,3,0.5,-57.77
4876,US-2022-01968,08/17/2022,08/22/2022,Standard Class,CU-0303,Liam Patel,Corporate,United States,Illinois,Central,Office Supplies,Binders,125.86,7,0.3,12.91
4877,US-2022-01968,08/17/2022,08/23/2022,Standard Class,CU-0303,Liam Patel,Corporate,United States,Illinois,Central,Furniture,Bookcases,1804.19,7,0.2,-260.33
4878,US-2022-01969,08/12/2022,08/12/2022,Same Day,CU-0063,Maya Lee,Consumer,United States,Ohio,East,Furniture,Chairs,962.8,5,0.1,69.37
4879,US-2022-01969,08/12/2022,08/13/2022,Same Day,CU-0063,Maya Lee,Consumer,United States,Ohio,East,Technology,Copiers,2641.9,3,0.2,799.96
4880,US-2024-01970,03/07/2024,03/13/2024,Standard Class,CU-0592,Liam Davis,Consumer,United States,California,West,Office Supplies,Binders,28.87,2,0.3,1.74
4881,US-2024-01971,10/06/2024,10/12/2024,Standard Class,CU-0458,Liam Garcia,Corporate,United States,Texas,Central,Technology,Phones,233.95,1,0.4,-15.28
4882,US-2025-01972,04/30/2025,05/02/2025,First Class,CU-0238,Noah Davis,Home Office,United States,Ohio,East,Technology,Accessories,261.64,5,0.0,34.88
4883,US-2025-01972,04/30/2025,05/03/2025,First Class,CU-0238,Noah Davis,Home Office,United States,Ohio,East,Office Supplies,Binders,52.38,2,0.0,12.92
4884,US-2024-01973,12/10/2024,12/16/2024,Standard Class,CU-0594,Ravi Smith,Corporate,United States,Texas,Central,Technology,Phones,1160.54,3,0.0,87.78
4885,US-2022-01974,06/14/2022,06/16/2022,First Class,CU-0440,Olivia Garcia,Corporate,United States,Virginia,South,Furniture,Bookcases,994.91,4,0.3,-129.45
4886,US-2022-01974,06/14/2022,06/16/2022,First Class,CU-0440,Olivia Garcia,Corporate,United States,Virginia,South,Technology,Machines,2252.61,5,0.0,23.66
4887,US-2022-01974,06/14/2022,06/17/2022,First Class,CU-0440,Olivia Garcia,Corporate,United States,Virginia,South,Office Supplies,Labels,71.9,5,0.0,26.93
4888,US-2022-01975,01/03/2022,01/08/2022,Standard Class,CU-0197,Ethan Wilson,Home Office,United States,Ohio,East,Technology,Accessories,160.1,4,0.0,42.06
4889,US-2022-01975,01/03/2022,01/08/2022,Standard Class,CU-0197,Ethan Wilson,Home Office,United States,Ohio,East,Furniture,Chairs,625.0,4,0.5,-160.6
4890,US-2022-01975,01/03/2022,01/09/2022,Standard Class,CU-0197,Ethan Wilson,Home Office,United States,Ohio,East,Furniture,Bookcases,265.33,1,0.0,15.55
4891,US-2022-01975,01/03/2022,01/08/2022,Standard Class,CU-0197,Ethan Wilson,Home Office,United States,Ohio,East,Technology,Copiers,3599.33,6,0.3,644.73
4892,US-2023-01976,09/05/2023,09/10/2023,Standard Class,CU-0441,Maya Brown,Corporate,United States,Florida,South,Office Supplies,Binders,107.83,5,0.0,16.74
4893,US-2025-01977,07/31/2025,08/06/2025,Standard Class,CU-0585,Olivia Lee,Corporate,United States,Georgia,South,Furniture,Tables,2219.79,5,0.0,-137.55
4894,US-2025-01978,01/16/2025,01/22/2025,Standard Class,CU-0613,Zoe Lee,Consumer,United States,Michigan,Central,Furniture,Bookcases,2428.69,7,0.0,224.08
4895,US-2023-01979,06/10/2023,06/15/2023,Standard Class,CU-0674,Emma Lee,Corporate,United States,New York,East,Office Supplies,Paper,17.93,1,0.0,7.67
4896,US-2023-01979,06/10/2023,06/16/2023,Standard Class,CU-0674,Emma Lee,Corporate,United States,New York,East,Office Supplies,Labels,38.48,5,0.5,1.93
4897,US-2023-01979,06/10/2023,06/15/2023,Standard Class,CU-0674,Emma Lee,Corporate,United States,New York,East,Technology,Phones,1321.26,7,0.3,63.56
4898,US-2024-01980,01/19/2024,01/25/2024,Standard Class,CU-0336,Zoe Wilson,Corporate,United States,Ohio,East,Furniture,Chairs,352.23,2,0.4,-3.84
4899,US-2023-01981,12/23/2023,12/28/2023,Standard Class,CU-0432,Aarav Clark,Corporate,United States,Washington,West,Technology,Phones,1529.96,4,0.0,329.72
4900,US-2023-01981,12/23/2023,12/28/2023,Standard Class,CU-0432,Aarav Clark,Corporate,United States,Washington,West,Office Supplies,Labels,17.93,2,0.4,4.11
4901,US-2023-01981,12/23/2023,12/28/2023,Standard Class,CU-0432,Aarav Clark,Corporate,United States,Washington,West,Office Supplies,Binders,81.07,4,0.1,14.86
4902,US-2023-01981,12/23/2023,12/28/2023,Standard Class,CU-0432,Aarav Clark,Corporate,United States,Washington,West,Office Supplies,Art,41.4,4,0.2,5.6
4903,US-2022-01982,04/08/2022,04/14/2022,Standard Class,CU-0170,John Brown,Consumer,United States,Michigan,Central,Technology,Machines,1449.28,4,0.1,-60.35
4904,US-2022-01982,04/08/2022,04/14/2022,Standard Class,CU-0170,John Brown,Consumer,United States,Michigan,Central,Furniture,Tables,196.24,1,0.4,-61.1
4905,US-2022-01982,04/08/2022,04/14/2022,Standard Class,CU-0170,John Brown,Consumer,United States,Michigan,Central,Technology,Phones,1313.1,5,0.3,-159.26
4906,US-2022-01982,04/08/2022,04/13/2022,Standard Class,CU-0170,John Brown,Consumer,United States,Michigan,Central,Office Supplies,Binders,91.15,3,0.0,20.46
4907,US-2024-01983,04/29/2024,05/04/2024,Standard Class,CU-0142,Noah Garcia,Consumer,United States,Florida,South,Office Supplies,Art,78.2,7,0.2,9.58
4908,US-2024-01983,04/29/2024,05/05/2024,Standard Class,CU-0142,Noah Garcia,Consumer,United States,Florida,South,Technology,Accessories,85.32,3,0.5,0.35
4909,US-2022-01984,06/22/2022,06/27/2022,Standard Class,CU-0642,Emma Lee,Consumer,United States,Georgia,South,Technology,Machines,347.11,1,0.4,-34.64
4910,US-2022-01984,06/22/2022,06/28/2022,Standard Class,CU-0642,Emma Lee,Consumer,United States,Georgia,South,Furniture,Bookcases,1495.76,6,0.2,-142.88
4911,US-2022-01984,06/22/2022,06/28/2022,Standard Class,CU-0642,Emma Lee,Consumer,United States,Georgia,South,Furniture,Tables,2615.81,7,0.2,-647.99
4912,US-2022-01984,06/22/2022,06/27/2022,Standard Class,CU-0642,Emma Lee,Consumer,United States,Georgia,South,Technology,Accessories,326.59,6,0.0,102.35
4913,US-2022-01985,07/10/2022,07/13/2022,Second Class,CU-0382,Ethan Lee,Corporate,United States,Michigan,Central,Office Supplies,Paper,17.67,1,0.0,6.22
4914,US-2023-01986,03/30/2023,04/05/2023,Standard Class,CU-0555,John Khan,Corporate,United States,Oregon,West,Technology,Copiers,4111.31,5,0.1,1147.73
4915,US-2025-01987,08/18/2025,08/23/2025,Standard Class,CU-0318,Sara Miller,Corporate,United States,Michigan,Central,Furniture,Furnishings,306.39,4,0.0,19.02
4916,US-2025-01987,08/18/2025,08/24/2025,Standard Class,CU-0318,Sara Miller,Corporate,United States,Michigan,Central,Furniture,Furnishings,453.75,7,0.0,63.46
4917,US-2022-01988,01/23/2022,01/26/2022,First Class,CU-0003,Maya Miller,Consumer,United States,Pennsylvania,East,Office Supplies,Binders,83.51,4,0.2,9.0
4918,US-2022-01988,01/23/2022,01/25/2022,First Class,CU-0003,Maya Miller,Consumer,United States,Pennsylvania,East,Office Supplies,Art,107.02,7,0.0,29.1
4919,US-2022-01988,01/23/2022,01/26/2022,First Class,CU-0003,Maya Miller,Consumer,United States,Pennsylvania,East,Technology,Phones,1143.05,6,0.5,-307.64
4920,US-2022-01988,01/23/2022,01/25/2022,First Class,CU-0003,Maya Miller,Consumer,United States,Pennsylvania,East,Office Supplies,Storage,390.21,6,0.3,-45.79
4921,US-2025-01989,03/30/2025,04/05/2025,Standard Class,CU-0162,Priya Garcia,Consumer,United States,Georgia,South,Furniture,Chairs,1216.14,6,0.3,-186.81
4922,US-2025-01989,03/30/2025,04/05/2025,Standard Class,CU-0162,Priya Garcia,Consumer,United States,Georgia,South,Furniture,Furnishings,227.77,5,0.2,-18.47
4923,US-2024-01990,01/31/2024,02/05/2024,Standard Class,CU-0646,Maya Lee,Corporate,United States,Illinois,Central,Technology,Accessories,183.8,4,0.2,26.25
4924,US-2024-01990,01/31/2024,02/05/2024,Standard Class,CU-0646,Maya Lee,Corporate,United States,Illinois,Central,Furniture,Furnishings,37.56,1,0.3,0.69
4925,US-2023-01991,07/06/2023,07/12/2023,Standard Class,CU-0141,Zoe Miller,Home Office,United States,California,West,Office Supplies,Labels,36.69,5,0.4,3.9
4926,US-2025-01992,06/20/2025,06/23/2025,First Class,CU-0360,Maya Garcia,Home Office,United States,California,West,Furniture,Bookcases,1459.46,7,0.4,-273.25
4927,US-2025-01992,06/20/2025,06/23/2025,First Class,CU-0360,Maya Garcia,Home Office,United States,California,West,Technology,Accessories,60.79,3,0.5,-1.83
4928,US-2025-01992,06/20/2025,06/23/2025,First Class,CU-0360,Maya Garcia,Home Office,United States,California,West,Furniture,Chairs,119.26,1,0.5,-20.7
4929,US-2025-01992,06/20/2025,06/22/2025,First Class,CU-0360,Maya Garcia,Home Office,United States,California,West,Technology,Copiers,1806.97,5,0.5,94.32
4930,US-2023-01993,04/11/2023,04/17/2023,Standard Class,CU-0624,Priya Smith,Consumer,United States,Florida,South,Office Supplies,Labels,29.9,3,0.0,12.33
4931,US-2023-01993,04/11/2023,04/16/2023,Standard Class,CU-0624,Priya Smith,Consumer,United States,Florida,South,Furniture,Bookcases,799.66,5,0.5,-188.33
4932,US-2023-01993,04/11/2023,04/16/2023,Standard Class,CU-0624,Priya Smith,Consumer,United States,Florida,South,Office Supplies,Paper,60.68,4,0.1,21.52
4933,US-2023-01994,11/24/2023,11/27/2023,Second Class,CU-0301,Aarav Smith,Consumer,United States,Florida,South,Technology,Machines,817.92,3,0.5,-251.31
4934,US-2023-01994,11/24/2023,11/27/2023,Second Class,CU-0301,Aarav Smith,Consumer,United States,Florida,South,Office Supplies,Labels,28.96,2,0.0,12.24
4935,US-2023-01994,11/24/2023,11/28/2023,Second Class,CU-0301,Aarav Smith,Consumer,United States,Florida,South,Office Supplies,Labels,59.96,5,0.0,27.0
4936,US-2023-01994,11/24/2023,11/27/2023,Second Class,CU-0301,Aarav Smith,Consumer,United States,Florida,South,Office Supplies,Art,71.73,5,0.0,19.93
4937,US-2022-01995,05/13/2022,05/18/2022,Standard Class,CU-0193,Zoe Khan,Home Office,United States,Texas,Central,Technology,Phones,242.07,2,0.5,-16.57
4938,US-2022-01995,05/13/2022,05/19/2022,Standard Class,CU-0193,Zoe Khan,Home Office,United States,Texas,Central,Office Supplies,Art,36.25,3,0.2,1.94
4939,US-2022-01995,05/13/2022,05/18/2022,Standard Class,CU-0193,Zoe Khan,Home Office,United States,Texas,Central,Technology,Machines,1431.79,5,0.5,-336.02
4940,US-2022-01995,05/13/2022,05/19/2022,Standard Class,CU-0193,Zoe Khan,Home Office,United States,Texas,Central,Office Supplies,Labels,73.95,7,0.0,31.05
4941,US-2025-01996,08/10/2025,08/15/2025,Standard Class,CU-0599,Emma Brown,Home Office,United States,California,West,Office Supplies,Labels,35.84,4,0.4,7.86
4942,US-2025-01996,08/10/2025,08/15/2025,Standard Class,CU-0599,Emma Brown,Home Office,United States,California,West,Technology,Phones,1553.15,7,0.3,-116.18
4943,US-2025-01996,08/10/2025,08/16/2025,Standard Class,CU-0599,Emma Brown,Home Office,United States,California,West,Office Supplies,Paper,112.62,5,0.0,51.91
4944,US-2025-01996,08/10/2025,08/15/2025,Standard Class,CU-0599,Emma Brown,Home Office,United States,California,West,Furniture,Chairs,229.41,1,0.0,16.87
4945,US-2023-01997,09/17/2023,09/19/2023,First Class,CU-0412,Ravi Miller,Corporate,United States,Florida,South,Office Supplies,Paper,80.79,5,0.3,16.24
4946,US-2023-01997,09/17/2023,09/20/2023,First Class,CU-0412,Ravi Miller,Corporate,United States,Florida,South,Office Supplies,Labels,41.42,3,0.0,18.03
4947,US-2023-01997,09/17/2023,09/20/2023,First Class,CU-0412,Ravi Miller,Corporate,United States,Florida,South,Furniture,Furnishings,27.43,1,0.5,-3.7
4948,US-2023-01997,09/17/2023,09/20/2023,First Class,CU-0412,Ravi Miller,Corporate,United States,Florida,South,Technology,Copiers,3125.78,4,0.0,763.91
4949,US-2023-01998,11/21/2023,11/27/2023,Standard Class,CU-0298,Ravi Khan,Home Office,United States,Georgia,South,Technology,Phones,328.59,2,0.4,-26.93
4950,US-2023-01998,11/21/2023,11/27/2023,Standard Class,CU-0298,Ravi Khan,Home Office,United States,Georgia,South,Technology,Phones,985.7,3,0.0,148.56
4951,US-2023-01998,11/21/2023,11/26/2023,Standard Class,CU-0298,Ravi Khan,Home Office,United States,Georgia,South,Technology,Accessories,206.91,5,0.1,30.64
4952,US-2023-01998,11/21/2023,11/27/2023,Standard Class,CU-0298,Ravi Khan,Home Office,United States,Georgia,South,Furniture,Furnishings,458.05,6,0.0,57.61
4953,US-2024-01999,07/01/2024,07/03/2024,First Class,CU-0085,John Lee,Corporate,United States,Ohio,East,Technology,Phones,453.61,2,0.4,-83.55
4954,US-2024-01999,07/01/2024,07/04/2024,First Class,CU-0085,John Lee,Corporate,United States,Ohio,East,Furniture,Chairs,554.52,3,0.2,-42.45
4955,US-2024-01999,07/01/2024,07/03/2024,First Class,CU-0085,John Lee,Corporate,United States,Ohio,East,Technology,Machines,1115.12,2,0.1,-19.4
4956,US-2024-01999,07/01/2024,07/03/2024,First Class,CU-0085,John Lee,Corporate,United States,Ohio,East,Technology,Phones,1060.06,5,0.4,-93.57
4957,US-2023-02000,08/22/2023,08/25/2023,Second Class,CU-0226,Ravi Khan,Consumer,United States,Pennsylvania,East,Technology,Machines,2341.74,5,0.0,-98.75
4958,US-2023-02000,08/22/2023,08/26/2023,Second Class,CU-0226,Ravi Khan,Consumer,United States,Pennsylvania,East,Technology,Phones,982.31,4,0.1,41.29
4959,US-2023-02000,08/22/2023,08/25/2023,Second Class,CU-0226,Ravi Khan,Consumer,United States,Pennsylvania,East,Office Supplies,Paper,9.71,1,0.4,1.99
4960,US-2023-02001,01/18/2023,01/22/2023,Second Class,CU-0657,Ethan Patel,Home Office,United States,Ohio,East,Office Supplies,Paper,103.16,6,0.1,25.94
4961,US-2023-02001,01/18/2023,01/22/2023,Second Class,CU-0657,Ethan Patel,Home Office,United States,Ohio,East,Office Supplies,Storage,251.51,3,0.1,11.84
4962,US-2024-02002,06/01/2024,06/06/2024,Standard Class,CU-0694,Maya Wilson,Consumer,United States,Georgia,South,Furniture,Tables,2706.7,6,0.0,-172.59
4963,US-2022-02003,05/22/2022,05/27/2022,Standard Class,CU-0145,Priya Patel,Corporate,United States,Michigan,Central,Office Supplies,Paper,18.2,1,0.0,6.68
4964,US-2022-02003,05/22/2022,05/27/2022,Standard Class,CU-0145,Priya Patel,Corporate,United States,Michigan,Central,Office Supplies,Art,57.73,4,0.1,10.59
4965,US-2022-02003,05/22/2022,05/28/2022,Standard Class,CU-0145,Priya Patel,Corporate,United States,Michigan,Central,Technology,Machines,1693.46,5,0.4,-259.74
4966,US-2022-02003,05/22/2022,05/28/2022,Standard Class,CU-0145,Priya Patel,Corporate,United States,Michigan,Central,Technology,Phones,315.5,1,0.0,37.08
4967,US-2024-02004,08/12/2024,08/18/2024,Standard Class,CU-0606,Maya Brown,Consumer,United States,Virginia,South,Technology,Copiers,1332.36,2,0.4,130.73
4968,US-2025-02005,12/05/2025,12/09/2025,Second Class,CU-0062,Ravi Garcia,Corporate,United States,Georgia,South,Office Supplies,Labels,20.11,2,0.0,9.13
4969,US-2025-02005,12/05/2025,12/08/2025,Second Class,CU-0062,Ravi Garcia,Corporate,United States,Georgia,South,Office Supplies,Storage,425.09,7,0.4,-41.0
4970,US-2025-02005,12/05/2025,12/08/2025,Second Class,CU-0062,Ravi Garcia,Corporate,United States,Georgia,South,Technology,Copiers,4537.11,7,0.3,793.43
4971,US-2025-02005,12/05/2025,12/08/2025,Second Class,CU-0062,Ravi Garcia,Corporate,United States,Georgia,South,Office Supplies,Art,92.81,6,0.0,26.37
4972,US-2023-02006,10/10/2023,10/12/2023,First Class,CU-0634,Liam Khan,Corporate,United States,Illinois,Central,Office Supplies,Binders,18.17,1,0.3,0.28
4973,US-2023-02006,10/10/2023,10/13/2023,First Class,CU-0634,Liam Khan,Corporate,United States,Illinois,Central,Technology,Phones,971.22,4,0.3,7.32
4974,US-2023-02007,12/25/2023,12/27/2023,First Class,CU-0245,Zoe Davis,Consumer,United States,Pennsylvania,East,Furniture,Furnishings,28.32,1,0.5,-2.3
4975,US-2023-02007,12/25/2023,12/28/2023,First Class,CU-0245,Zoe Davis,Consumer,United States,Pennsylvania,East,Furniture,Tables,809.59,3,0.3,-207.94
4976,US-2023-02007,12/25/2023,12/28/2023,First Class,CU-0245,Zoe Davis,Consumer,United States,Pennsylvania,East,Office Supplies,Paper,115.34,7,0.1,36.48
4977,US-2023-02007,12/25/2023,12/28/2023,First Class,CU-0245,Zoe Davis,Consumer,United States,Pennsylvania,East,Office Supplies,Art,33.3,2,0.0,10.21
4978,US-2025-02008,02/19/2025,02/24/2025,Standard Class,CU-0370,Ethan Clark,Consumer,United States,Georgia,South,Technology,Accessories,170.64,7,0.5,-11.68
4979,US-2025-02009,10/25/2025,10/30/2025,Standard Class,CU-0433,Sara Miller,Corporate,United States,Florida,South,Furniture,Chairs,1580.57,5,0.0,187.54
4980,US-2024-02010,01/28/2024,01/30/2024,First Class,CU-0582,Aarav Brown,Home Office,United States,Texas,Central,Office Supplies,Binders,113.57,4,0.0,25.86
4981,US-2024-02010,01/28/2024,01/30/2024,First Class,CU-0582,Aarav Brown,Home Office,United States,Texas,Central,Technology,Accessories,175.75,6,0.5,-1.78
4982,US-2024-02010,01/28/2024,01/30/2024,First Class,CU-0582,Aarav Brown,Home Office,United States,Texas,Central,Furniture,Bookcases,380.32,1,0.0,19.21
4983,US-2024-02011,12/08/2024,12/14/2024,Standard Class,CU-0129,Aarav Patel,Consumer,United States,Texas,Central,Office Supplies,Art,33.85,3,0.4,-3.34
4984,US-2024-02011,12/08/2024,12/14/2024,Standard Class,CU-0129,Aarav Patel,Consumer,United States,Texas,Central,Technology,Copiers,1879.55,3,0.3,388.01
4985,US-2024-02011,12/08/2024,12/13/2024,Standard Class,CU-0129,Aarav Patel,Consumer,United States,Texas,Central,Technology,Machines,2458.44,5,0.0,119.81
4986,US-2025-02012,04/08/2025,04/14/2025,Standard Class,CU-0316,Maya Clark,Consumer,United States,Texas,Central,Technology,Phones,1730.7,7,0.0,347.55
4987,US-2025-02012,04/08/2025,04/13/2025,Standard Class,CU-0316,Maya Clark,Consumer,United States,Texas,Central,Technology,Phones,942.55,5,0.5,-116.57
4988,US-2025-02013,02/24/2025,02/28/2025,Second Class,CU-0599,Emma Brown,Home Office,United States,New York,East,Technology,Copiers,3599.7,6,0.3,993.02
4989,US-2025-02013,02/24/2025,02/27/2025,Second Class,CU-0599,Emma Brown,Home Office,United States,New York,East,Technology,Accessories,25.57,1,0.5,-0.87
4990,US-2025-02013,02/24/2025,02/27/2025,Second Class,CU-0599,Emma Brown,Home Office,United States,New York,East,Furniture,Chairs,1265.18,5,0.2,12.45
4991,US-2024-02014,12/03/2024,12/08/2024,Standard Class,CU-0093,Emma Davis,Consumer,United States,Oregon,West,Office Supplies,Storage,783.99,7,0.0,87.1
4992,US-2022-02015,02/24/2022,02/26/2022,First Class,CU-0526,Sara Khan,Home Office,United States,Pennsylvania,East,Technology,Machines,2009.31,4,0.1,-122.1
4993,US-2022-02015,02/24/2022,02/26/2022,First Class,CU-0526,Sara Khan,Home Office,United States,Pennsylvania,East,Furniture,Bookcases,2062.84,7,0.1,-326.96
4994,US-2022-02015,02/24/2022,02/26/2022,First Class,CU-0526,Sara Khan,Home Office,United States,Pennsylvania,East,Technology,Phones,317.47,1,0.1,10.53
4995,US-2023-02016,10/26/2023,11/01/2023,Standard Class,CU-0322,John Clark,Corporate,United States,Georgia,South,Technology,Accessories,156.73,7,0.5,2.75
4996,US-2023-02017,05/24/2023,05/28/2023,Second Class,CU-0531,Ravi Lee,Corporate,United States,Texas,Central,Furniture,Chairs,974.49,4,0.0,86.59
4997,US-2023-02017,05/24/2023,05/27/2023,Second Class,CU-0531,Ravi Lee,Corporate,United States,Texas,Central,Office Supplies,Art,79.41,6,0.3,14.54
4998,US-2023-02017,05/24/2023,05/27/2023,Second Class,CU-0531,Ravi Lee,Corporate,United States,Texas,Central,Furniture,Tables,817.56,2,0.1,-152.64
4999,US-2022-02018,04/13/2022,04/19/2022,Standard Class,CU-0484,Maya Brown,Consumer,United States,Texas,Central,Furniture,Furnishings,291.83,5,0.0,60.37
5000,US-2022-02018,04/13/2022,04/18/2022,Standard Class,CU-0484,Maya Brown,Consumer,United States,Texas,Central,Technology,Accessories,182.13,5,0.3,24.12
2765,US-2025-01127,11/06/2025,11/12/2025,Standard Class,CU-0034,Maya Wilson,Consumer,United States,Oregon,West,Furniture,Furnishings,293.54,6,0.1,18.47
4768,US-2024-01930,12/19/2024,12/23/2024,Second Class,CU-0335,Noah Wilson,Consumer,United States,Pennsylvania,East,Furniture,Furnishings,154.23,5,0.5,-16.6
3815,US-2024-01543,11/05/2024,11/08/2024,First Class,CU-0147,Aarav Lee,Home Office,United States,Florida,South,Furniture,Bookcases,1280.74,4,0.0,56.25
3500,US-2024-01419,09/17/2024,09/23/2024,Standard Class,CU-0548,Aarav Garcia,Corporate,United States,Texas,Central,Furniture,Furnishings,47.64,1,0.1,6.07
2736,US-2025-01114,04/01/2025,04/06/2025,Standard Class,CU-0042,Emma Wilson,Corporate,United States,New York,East,Furniture,Bookcases,585.63,2,0.2,-58.03
3923,US-2022-01590,06/18/2022,06/19/2022,Same Day,CU-0640,Emma Garcia,Corporate,United States,Oregon,West,Office Supplies,Art,38.3,3,0.0,9.5
2702,US-2024-01100,05/27/2024,06/02/2024,Standard Class,CU-0547,John Brown,Home Office,United States,Illinois,Central,Office Supplies,Art,99.23,7,0.0,32.06
1180,US-2022-00490,02/23/2022,03/01/2022,Standard Class,CU-0509,Olivia Smith,Consumer,United States,Oregon,West,Furniture,Furnishings,396.15,6,0.0,46.11
933,US-2024-00387,02/01/2024,02/05/2024,Second Class,CU-0409,Emma Clark,Consumer,United States,New York,East,Technology,Copiers,781.47,1,0.3,170.86
793,US-2024-00331,11/22/2024,11/23/2024,Same Day,CU-0610,Zoe Miller,Home Office,United States,Washington,West,Office Supplies,Art,60.17,4,0.2,7.63
1853,US-2024-00762,06/07/2024,06/13/2024,Standard Class,CU-0689,Olivia Khan,Home Office,United States,Texas,Central,Furniture,Tables,1746.74,6,0.1,-194.41
1186,US-2022-00492,04/30/2022,05/05/2022,Standard Class,CU-0031,Emma Wilson,Home Office,United States,Ohio,East,Furniture,Tables,527.35,2,0.3,-166.85
1725,US-2023-00714,04/01/2023,04/07/2023,Standard Class,CU-0677,Noah Lee,Corporate,United States,California,West,Office Supplies,Labels,64.81,6,0.0,30.83
4081,US-2022-01654,09/12/2022,09/17/2022,Standard Class,CU-0035,Priya Smith,Home Office,United States,California,West,Office Supplies,Art,62.51,5,0.3,0.71
3824,US-2025-01548,02/25/2025,03/02/2025,Standard Class,CU-0169,Sara Garcia,Corporate,United States,Michigan,Central,Furniture,Bookcases,1347.32,5,0.0,86.92
